Date,Open,High,Low,Close,Adj Close,Volume
1994-04-18,2.5,2.5,2.5,2.5,1.3894256353378296,12000
1994-04-19,2.5833332538604736,2.5833332538604736,2.5833332538604736,2.5833332538604736,1.4357408285140991,6000
1994-04-20,2.5833332538604736,2.5833332538604736,2.5833332538604736,2.5833332538604736,1.4357408285140991,0
1994-04-21,2.5833332538604736,2.5833332538604736,2.5833332538604736,2.5833332538604736,1.4357408285140991,0
1994-04-22,2.5833332538604736,2.5833332538604736,2.5833332538604736,2.5833332538604736,1.4357408285140991,0
1994-04-25,2.5833332538604736,2.5833332538604736,2.5833332538604736,2.5833332538604736,1.4357408285140991,0
1994-04-26,2.5833332538604736,2.5833332538604736,2.5833332538604736,2.5833332538604736,1.4357408285140991,0
1994-04-28,2.5833332538604736,2.5833332538604736,2.5833332538604736,2.5833332538604736,1.4540334939956665,0
1994-04-29,2.5833332538604736,2.5833332538604736,2.5833332538604736,2.5833332538604736,1.4540334939956665,0
1994-05-02,2.5833332538604736,2.5833332538604736,2.5833332538604736,2.5833332538604736,1.4540334939956665,0
1994-05-03,2.5833332538604736,2.5833332538604736,2.5833332538604736,2.5833332538604736,1.4540334939956665,0
1994-05-04,2.5833332538604736,2.5833332538604736,2.5833332538604736,2.5833332538604736,1.4540334939956665,0
1994-05-05,2.5833332538604736,2.5833332538604736,2.5833332538604736,2.5833332538604736,1.4540334939956665,0
1994-05-06,2.5833332538604736,2.5833332538604736,2.5833332538604736,2.5833332538604736,1.4540334939956665,0
1994-05-09,2.5833332538604736,2.5833332538604736,2.5833332538604736,2.5833332538604736,1.4540334939956665,0
1994-05-10,2.5833332538604736,2.5833332538604736,2.5833332538604736,2.5833332538604736,1.4540334939956665,0
1994-05-11,2.5833332538604736,2.5833332538604736,2.5833332538604736,2.5833332538604736,1.4540334939956665,0
1994-05-12,2.5833332538604736,2.5833332538604736,2.5833332538604736,2.5833332538604736,1.4540334939956665,0
1994-05-13,2.5833332538604736,2.5833332538604736,2.5833332538604736,2.5833332538604736,1.4540334939956665,0
1994-05-16,2.5833332538604736,2.5833332538604736,2.5833332538604736,2.5833332538604736,1.4540334939956665,0
1994-05-17,2.5833332538604736,2.5833332538604736,2.5833332538604736,2.5833332538604736,1.4540334939956665,0
1994-05-18,2.5833332538604736,2.5833332538604736,2.5833332538604736,2.5833332538604736,1.4540334939956665,0
1994-05-19,2.5833332538604736,2.5833332538604736,2.5833332538604736,2.5833332538604736,1.4540334939956665,0
1994-05-20,2.5833332538604736,2.5833332538604736,2.5833332538604736,2.5833332538604736,1.4540334939956665,0
1994-05-23,2.5833332538604736,2.5833332538604736,2.5833332538604736,2.5833332538604736,1.4540334939956665,0
1994-05-24,2.5833332538604736,2.5833332538604736,2.5833332538604736,2.5833332538604736,1.4540334939956665,0
1994-05-25,2.5833332538604736,2.5833332538604736,2.5833332538604736,2.5833332538604736,1.4540334939956665,0
1994-05-26,2.5833332538604736,2.5833332538604736,2.5833332538604736,2.5833332538604736,1.4540334939956665,0
1994-05-27,2.5833332538604736,2.5833332538604736,2.5833332538604736,2.5833332538604736,1.4540334939956665,0
1994-05-31,2.5833332538604736,2.5833332538604736,2.5833332538604736,2.5833332538604736,1.4540334939956665,0
1994-06-01,2.5833332538604736,2.5833332538604736,2.5833332538604736,2.5833332538604736,1.4540334939956665,0
1994-06-02,2.5833332538604736,2.5833332538604736,2.5833332538604736,2.5833332538604736,1.4540334939956665,0
1994-06-03,2.5833332538604736,2.5833332538604736,2.5833332538604736,2.5833332538604736,1.4540334939956665,0
1994-06-06,2.5833332538604736,2.5833332538604736,2.5833332538604736,2.5833332538604736,1.4540334939956665,0
1994-06-07,2.5833332538604736,2.5833332538604736,2.5833332538604736,2.5833332538604736,1.4540334939956665,0
1994-06-08,2.5833332538604736,2.5833332538604736,2.5833332538604736,2.5833332538604736,1.4540334939956665,0
1994-06-09,2.5833332538604736,2.5833332538604736,2.5833332538604736,2.5833332538604736,1.4540334939956665,0
1994-06-10,2.5833332538604736,2.5833332538604736,2.5833332538604736,2.5833332538604736,1.4540334939956665,0
1994-06-13,2.5833332538604736,2.5833332538604736,2.5833332538604736,2.5833332538604736,1.4540334939956665,0
1994-06-14,2.5833332538604736,2.5833332538604736,2.5833332538604736,2.5833332538604736,1.4540334939956665,0
1994-06-15,2.5833332538604736,2.5833332538604736,2.5833332538604736,2.5833332538604736,1.4540334939956665,0
1994-06-16,2.5833332538604736,2.5833332538604736,2.5833332538604736,2.5833332538604736,1.4540334939956665,0
1994-06-17,2.5833332538604736,2.5833332538604736,2.5833332538604736,2.5833332538604736,1.4540334939956665,0
1994-06-20,2.5833332538604736,2.5833332538604736,2.5833332538604736,2.5833332538604736,1.4540334939956665,0
1994-06-21,2.5833332538604736,2.5833332538604736,2.5833332538604736,2.5833332538604736,1.4540334939956665,0
1994-06-22,2.5833332538604736,2.5833332538604736,2.5833332538604736,2.5833332538604736,1.4540334939956665,0
1994-06-23,2.5833332538604736,2.5833332538604736,2.5833332538604736,2.5833332538604736,1.4540334939956665,0
1994-06-24,2.5833332538604736,2.5833332538604736,2.5833332538604736,2.5833332538604736,1.4540334939956665,0
1994-06-27,2.5833332538604736,2.5833332538604736,2.5833332538604736,2.5833332538604736,1.4540334939956665,0
1994-06-28,2.5833332538604736,2.5833332538604736,2.5833332538604736,2.5833332538604736,1.4540334939956665,0
1994-06-29,2.5833332538604736,2.5833332538604736,2.5833332538604736,2.5833332538604736,1.4540334939956665,0
1994-06-30,2.5833332538604736,2.5833332538604736,2.5833332538604736,2.5833332538604736,1.4540334939956665,0
1994-07-01,2.5833332538604736,2.5833332538604736,2.5833332538604736,2.5833332538604736,1.4540334939956665,0
1994-07-05,2.5833332538604736,2.5833332538604736,2.5833332538604736,2.5833332538604736,1.4540334939956665,0
1994-07-06,2.5833332538604736,2.5833332538604736,2.5833332538604736,2.5833332538604736,1.4540334939956665,0
1994-07-07,2.5833332538604736,2.5833332538604736,2.5833332538604736,2.5833332538604736,1.4540334939956665,0
1994-07-08,2.5833332538604736,2.5833332538604736,2.5833332538604736,2.5833332538604736,1.4540334939956665,0
1994-07-11,2.5833332538604736,2.5833332538604736,2.5833332538604736,2.5833332538604736,1.4540334939956665,0
1994-07-12,2.5833332538604736,2.5833332538604736,2.5833332538604736,2.5833332538604736,1.4540334939956665,0
1994-07-13,2.5833332538604736,2.5833332538604736,2.5833332538604736,2.5833332538604736,1.4540334939956665,0
1994-07-14,2.5833332538604736,2.5833332538604736,2.5833332538604736,2.5833332538604736,1.4540334939956665,0
1994-07-15,2.5833332538604736,2.5833332538604736,2.5833332538604736,2.5833332538604736,1.4540334939956665,0
1994-07-18,7.75,7.75,7.75,7.75,4.36209774017334,0
1994-07-19,7.75,7.75,7.75,7.75,4.36209774017334,0
1994-07-20,7.75,7.75,7.75,7.75,4.36209774017334,0
1994-07-21,7.75,7.75,7.75,7.75,4.36209774017334,0
1994-07-22,7.75,7.75,7.75,7.75,4.36209774017334,0
1994-07-25,7.75,7.75,7.75,7.75,4.36209774017334,0
1994-07-26,7.75,7.75,7.75,7.75,4.36209774017334,0
1994-07-27,7.75,7.75,7.75,7.75,4.36209774017334,0
1994-07-28,7.75,7.75,7.75,7.75,4.36209774017334,0
1994-07-29,7.75,7.75,7.75,7.75,4.36209774017334,0
1994-08-01,7.75,7.75,7.75,7.75,4.36209774017334,0
1994-08-02,7.75,7.75,7.75,7.75,4.36209774017334,0
1994-08-03,7.75,7.75,7.75,7.75,4.36209774017334,0
1994-08-04,7.75,7.75,7.75,7.75,4.36209774017334,0
1994-08-05,7.75,7.75,7.75,7.75,4.36209774017334,0
1994-08-08,7.75,7.75,7.75,7.75,4.36209774017334,0
1994-08-09,7.75,7.75,7.75,7.75,4.36209774017334,0
1994-08-10,7.75,7.75,7.75,7.75,4.36209774017334,0
1994-08-11,7.75,7.75,7.75,7.75,4.36209774017334,0
1994-08-12,7.75,7.75,7.75,7.75,4.36209774017334,0
1994-08-15,7.75,7.75,7.75,7.75,4.36209774017334,0
1994-08-16,7.75,7.75,7.75,7.75,4.36209774017334,0
1994-08-17,7.75,7.75,7.75,7.75,4.36209774017334,0
1994-08-18,7.75,7.75,7.75,7.75,4.36209774017334,0
1994-08-19,7.75,7.75,7.75,7.75,4.36209774017334,0
1994-08-22,7.75,7.75,7.75,7.75,4.36209774017334,0
1994-08-23,7.75,7.75,7.75,7.75,4.36209774017334,0
1994-08-24,7.75,7.75,7.75,7.75,4.36209774017334,0
1994-08-25,7.75,7.75,7.75,7.75,4.36209774017334,0
1994-08-26,7.75,7.75,7.75,7.75,4.36209774017334,0
1994-08-29,2.5,2.5,2.5,2.5,1.4071282148361206,400
1994-08-30,2.5,2.5,2.5,2.5,1.4071282148361206,0
1994-08-31,2.5,2.5,2.5,2.5,1.4071282148361206,0
1994-09-01,2.5,2.5,2.5,2.5,1.4071282148361206,0
1994-09-02,2.5,2.5,2.5,2.5,1.4071282148361206,0
1994-09-06,2.5,2.5,2.5,2.5,1.4071282148361206,0
1994-09-07,2.5,2.5,2.5,2.5,1.4071282148361206,0
1994-09-08,2.5,2.5,2.5,2.5,1.4071282148361206,0
1994-09-09,2.5,2.5,2.5,2.5,1.4071282148361206,0
1994-09-12,2.5,2.5,2.5,2.5,1.4071282148361206,0
1994-09-13,2.5,2.5,2.5,2.5,1.4071282148361206,0
1994-09-14,2.5,2.5,2.5,2.5,1.4071282148361206,0
1994-09-15,2.5,2.5,2.5,2.5,1.4071282148361206,0
1994-09-16,2.5,2.5,2.5,2.5,1.4071282148361206,0
1994-09-19,2.5,2.5,2.5,2.5,1.4071282148361206,0
1994-09-20,2.5,2.5,2.5,2.5,1.4071282148361206,0
1994-09-21,2.5,2.5,2.5,2.5,1.4071282148361206,0
1994-09-22,2.5,2.5,2.5,2.5,1.4071282148361206,0
1994-09-23,2.5,2.5,2.5,2.5,1.4071282148361206,0
1994-09-26,2.5,2.5,2.5,2.5,1.4071282148361206,0
1994-09-27,2.5,2.5,2.5,2.5,1.4071282148361206,0
1994-09-28,2.5,2.5,2.5,2.5,1.4071282148361206,0
1994-09-29,2.5,2.5,2.5,2.5,1.4071282148361206,0
1994-09-30,2.5,2.5,2.5,2.5,1.4071282148361206,0
1994-10-03,2.5,2.5,2.5,2.5,1.4071282148361206,0
1994-10-04,2.5,2.5,2.5,2.5,1.4071282148361206,0
1994-10-05,2.5,2.5,2.5,2.5,1.4071282148361206,0
1994-10-06,2.5,2.5,2.5,2.5,1.4071282148361206,0
1994-10-07,2.5,2.5,2.5,2.5,1.4071282148361206,0
1994-10-10,2.5,2.5,2.5,2.5,1.4071282148361206,0
1994-10-11,2.5,2.5,2.5,2.5,1.4071282148361206,0
1994-10-12,2.5,2.5,2.5,2.5,1.4071282148361206,0
1994-10-13,2.5,2.5,2.5,2.5,1.4071282148361206,0
1994-10-14,2.5,2.5,2.5,2.5,1.4071282148361206,0
1994-10-17,2.5,2.5,2.5,2.5,1.4071282148361206,0
1994-10-18,2.5,2.5,2.5,2.5,1.4071282148361206,0
1994-10-19,2.5,2.5,2.5,2.5,1.4071282148361206,0
1994-10-20,2.5,2.5,2.5,2.5,1.4071282148361206,0
1994-10-21,2.5,2.5,2.5,2.5,1.4071282148361206,0
1994-10-24,2.5,2.5,2.5,2.5,1.4071282148361206,0
1994-10-25,2.5,2.5,2.5,2.5,1.4071282148361206,0
1994-10-26,2.5,2.5,2.5,2.5,1.4071282148361206,0
1994-10-27,2.5,2.5,2.5,2.5,1.4071282148361206,0
1994-10-28,2.5,2.5,2.5,2.5,1.4071282148361206,0
1994-10-31,2.5,2.5,2.5,2.5,1.4071282148361206,0
1994-11-01,2.5,2.5,2.5,2.5,1.4071282148361206,0
1994-11-02,2.5,2.5,2.5,2.5,1.4071282148361206,0
1994-11-03,2.5,2.5,2.5,2.5,1.4071282148361206,0
1994-11-04,2.5,2.5,2.5,2.5,1.4071282148361206,0
1994-11-07,2.5,2.5,2.5,2.5,1.4071282148361206,0
1994-11-08,2.5,2.5,2.5,2.5,1.4071282148361206,0
1994-11-09,2.5,2.5,2.5,2.5,1.4071282148361206,0
1994-11-10,2.5,2.5,2.5,2.5,1.4071282148361206,0
1994-11-11,2.5,2.5,2.5,2.5,1.4071282148361206,0
1994-11-14,2.5,2.5,2.5,2.5,1.4071282148361206,0
1994-11-15,2.5,2.5,2.5,2.5,1.4071282148361206,0
1994-11-16,2.5,2.5,2.5,2.5,1.4071282148361206,0
1994-11-17,2.5,2.5,2.5,2.5,1.4071282148361206,0
1994-11-18,2.5,2.5,2.5,2.5,1.4071282148361206,0
1994-11-21,2.5,2.5,2.5,2.5,1.4071282148361206,0
1994-11-22,2.5,2.5,2.5,2.5,1.4071282148361206,0
1994-11-23,2.5,2.5,2.5,2.5,1.4071282148361206,0
1994-11-25,2.5,2.5,2.5,2.5,1.4071282148361206,0
1994-11-28,2.5,2.5,2.5,2.5,1.4071282148361206,0
1994-11-29,2.5,2.5,2.5,2.5,1.4071282148361206,0
1994-11-30,2.5,2.5,2.5,2.5,1.4071282148361206,0
1994-12-01,2.5,2.5,2.5,2.5,1.4071282148361206,0
1994-12-02,2.5,2.5,2.5,2.5,1.4071282148361206,0
1994-12-05,2.5,2.5,2.5,2.5,1.4071282148361206,0
1994-12-06,2.5,2.5,2.5,2.5,1.4071282148361206,0
1994-12-07,3.125,3.125,3.125,3.125,1.758910894393921,400
1994-12-08,3.125,3.125,3.125,3.125,1.758910894393921,0
1994-12-09,3.125,3.125,3.125,3.125,1.758910894393921,0
1994-12-12,3.125,3.125,3.125,3.125,1.758910894393921,0
1994-12-13,3.125,3.125,3.125,3.125,1.758910894393921,0
1994-12-14,3.125,3.125,3.125,3.125,1.758910894393921,0
1994-12-15,3.125,3.125,3.125,3.125,1.758910894393921,0
1994-12-16,3.125,3.125,3.125,3.125,1.758910894393921,0
1994-12-19,3.125,3.125,3.125,3.125,1.758910894393921,0
1994-12-20,3.125,3.125,3.125,3.125,1.758910894393921,0
1994-12-21,3.125,3.125,3.125,3.125,1.758910894393921,0
1994-12-22,3.125,3.125,3.125,3.125,1.758910894393921,0
1994-12-23,3.125,3.125,3.125,3.125,1.758910894393921,0
1994-12-27,3.125,3.125,3.125,3.125,1.758910894393921,0
1994-12-28,3.125,3.125,3.125,3.125,1.758910894393921,0
1994-12-29,3.125,3.125,3.125,3.125,1.758910894393921,0
1994-12-30,3.125,3.125,3.125,3.125,1.758910894393921,0
1995-01-03,3.125,3.125,3.125,3.125,1.758910894393921,0
1995-01-04,3.125,3.125,3.125,3.125,1.758910894393921,0
1995-01-05,3.125,3.125,3.125,3.125,1.758910894393921,0
1995-01-06,3.125,3.125,3.125,3.125,1.758910894393921,0
1995-01-09,3.125,3.125,3.125,3.125,1.758910894393921,0
1995-01-10,3.125,3.125,3.125,3.125,1.758910894393921,0
1995-01-11,3.125,3.125,3.125,3.125,1.758910894393921,0
1995-01-12,3.125,3.125,3.125,3.125,1.758910894393921,0
1995-01-13,3.125,3.125,3.125,3.125,1.758910894393921,0
1995-01-16,3.125,3.125,3.125,3.125,1.758910894393921,0
1995-01-17,3.125,3.125,3.125,3.125,1.758910894393921,0
1995-01-18,3.125,3.125,3.125,3.125,1.758910894393921,0
1995-01-19,3.125,3.125,3.125,3.125,1.758910894393921,0
1995-01-20,3.125,3.125,3.125,3.125,1.758910894393921,0
1995-01-23,3.125,3.125,3.125,3.125,1.758910894393921,0
1995-01-24,3.125,3.125,3.125,3.125,1.758910894393921,0
1995-01-25,3.125,3.125,3.125,3.125,1.758910894393921,0
1995-01-26,3.125,3.125,3.125,3.125,1.758910894393921,0
1995-01-27,3.125,3.125,3.125,3.125,1.758910894393921,0
1995-01-30,3.125,3.125,3.125,3.125,1.758910894393921,0
1995-01-31,3.125,3.125,3.125,3.125,1.758910894393921,0
1995-02-01,3.125,3.125,3.125,3.125,1.758910894393921,0
1995-02-02,3.75,3.75,3.75,3.75,2.1106929779052734,56000
1995-02-03,3.75,3.75,3.75,3.75,2.1106929779052734,0
1995-02-06,3.75,3.75,3.75,3.75,2.1106929779052734,0
1995-02-07,3.5,3.5,3.5,3.5,1.9699801206588745,20000
1995-02-08,3.5,3.5,3.5,3.5,1.9699801206588745,0
1995-02-09,3.5,3.5,3.5,3.5,1.9699801206588745,0
1995-02-10,3.5,3.5,3.5,3.5,1.9699801206588745,0
1995-02-13,3.8203125,3.8203125,3.8203125,3.8203125,2.150268077850342,800
1995-02-14,3.8203125,3.8203125,3.8203125,3.8203125,2.150268077850342,0
1995-02-15,3.8203125,3.8203125,3.8203125,3.8203125,2.150268077850342,0
1995-02-16,3.8203125,3.8203125,3.8203125,3.8203125,2.150268077850342,0
1995-02-17,3.8203125,3.8203125,3.8203125,3.8203125,2.150268077850342,0
1995-02-21,3.8203125,3.8203125,3.8203125,3.8203125,2.150268077850342,0
1995-02-22,3.8203125,3.8203125,3.8203125,3.8203125,2.150268077850342,0
1995-02-23,3.8203125,3.8203125,3.8203125,3.8203125,2.150268077850342,0
1995-02-24,3.8203125,3.8203125,3.8203125,3.8203125,2.150268077850342,0
1995-02-27,3.5,3.5,3.5,3.5,1.9699801206588745,2800
1995-02-28,3.5,3.5,3.5,3.5,1.9699801206588745,0
1995-03-01,3.5,3.5,3.5,3.5,1.9699801206588745,0
1995-03-02,3.5,3.5,3.5,3.5,1.9699801206588745,0
1995-03-03,3.5,3.5,3.5,3.5,1.9699801206588745,0
1995-03-06,3.5,3.5,3.5,3.5,1.9699801206588745,0
1995-03-07,3.5,3.5,3.5,3.5,1.9699801206588745,0
1995-03-08,3.5,3.5,3.5,3.5,1.9699801206588745,0
1995-03-09,3.5,3.5,3.5,3.5,1.9699801206588745,0
1995-03-10,3.5,3.5,3.5,3.5,1.9699801206588745,0
1995-03-13,3.5,3.5,3.5,3.5,1.9699801206588745,0
1995-03-14,3.5,3.5,3.5,3.5,1.9699801206588745,0
1995-03-15,3.5,3.5,3.5,3.5,1.9699801206588745,0
1995-03-16,3.5,3.5,3.5,3.5,1.9699801206588745,0
1995-03-17,3.5,3.5,3.5,3.5,1.9699801206588745,0
1995-03-20,3.5,3.5,3.5,3.5,1.9699801206588745,0
1995-03-21,3.5,3.5,3.5,3.5,1.9699801206588745,0
1995-03-22,3.5,3.5,3.5,3.5,1.9699801206588745,0
1995-03-23,3.5,3.5,3.5,3.5,1.9699801206588745,0
1995-03-24,3.5,3.5,3.5,3.5,1.9699801206588745,0
1995-03-27,3.5,3.5,3.5,3.5,1.9699801206588745,0
1995-03-28,3.5,3.5,3.5,3.5,1.9699801206588745,0
1995-03-29,3.5,3.5,3.5,3.5,1.9699801206588745,0
1995-03-30,3.5,3.5,3.5,3.5,1.9699801206588745,0
1995-03-31,3.5,3.5,3.5,3.5,1.9699801206588745,0
1995-04-03,3.5,3.5,3.5,3.5,1.9699801206588745,0
1995-04-04,3.5,3.5,3.5,3.5,1.9699801206588745,0
1995-04-05,3.5,3.5,3.5,3.5,1.9699801206588745,0
1995-04-06,3.5,3.5,3.5,3.5,1.9699801206588745,0
1995-04-07,3.5,3.5,3.5,3.5,2.0014307498931885,0
1995-04-10,3.5,3.5,3.5,3.5,2.0014307498931885,0
1995-04-11,3.5,3.5,3.5,3.5,2.0014307498931885,0
1995-04-12,3.5,3.5,3.5,3.5,2.0014307498931885,0
1995-04-13,3.5,3.5,3.5,3.5,2.0014307498931885,0
1995-04-17,3.5,3.5,3.5,3.5,2.0014307498931885,0
1995-04-18,3.5,3.5,3.5,3.5,2.0014307498931885,0
1995-04-19,3.5,3.5,3.5,3.5,2.0014307498931885,0
1995-04-20,3.5,3.5,3.5,3.5,2.0014307498931885,0
1995-04-21,3.5,3.5,3.5,3.5,2.0014307498931885,0
1995-04-24,3.5,3.5,3.5,3.5,2.0014307498931885,0
1995-04-25,3.5,3.5,3.5,3.5,2.0014307498931885,0
1995-04-26,3.5,3.5,3.5,3.5,2.0014307498931885,0
1995-04-27,3.5,3.5,3.5,3.5,2.0014307498931885,0
1995-04-28,3.5,3.5,3.5,3.5,2.0014307498931885,0
1995-05-01,3.5,3.5,3.5,3.5,2.0014307498931885,800
1995-05-02,3.5,3.5,3.5,3.5,2.0014307498931885,0
1995-05-03,3.5,3.5,3.5,3.5,2.0014307498931885,0
1995-05-04,3.5,3.5,3.5,3.5,2.0014307498931885,0
1995-05-05,3.5,3.5,3.5,3.5,2.0014307498931885,0
1995-05-08,3.5,3.5,3.5,3.5,2.0014307498931885,0
1995-05-09,3.5,3.5,3.5,3.5,2.0014307498931885,0
1995-05-10,3.5,3.5,3.5,3.5,2.0014307498931885,0
1995-05-11,4.0,4.0,4.0,4.0,2.287350654602051,1600
1995-05-12,4.0,4.0,4.0,4.0,2.287350654602051,0
1995-05-15,4.0,4.0,4.0,4.0,2.287350654602051,0
1995-05-16,4.0,4.0,4.0,4.0,2.287350654602051,0
1995-05-17,4.0,4.0,4.0,4.0,2.287350654602051,0
1995-05-18,5.0625,5.0625,5.0625,5.0625,2.8949263095855713,800
1995-05-19,5.0625,5.0625,5.0625,5.0625,2.8949263095855713,0
1995-05-22,5.0625,5.0625,5.0625,5.0625,2.8949263095855713,0
1995-05-23,5.0625,5.0625,5.0625,5.0625,2.8949263095855713,0
1995-05-24,5.0625,5.0625,5.0625,5.0625,2.8949263095855713,0
1995-05-25,5.0625,5.0625,5.0625,5.0625,2.8949263095855713,0
1995-05-26,5.0625,5.0625,5.0625,5.0625,2.8949263095855713,0
1995-05-30,5.0625,5.0625,5.0625,5.0625,2.8949263095855713,0
1995-05-31,5.0625,5.0625,5.0625,5.0625,2.8949263095855713,0
1995-06-01,5.0625,5.0625,5.0625,5.0625,2.8949263095855713,0
1995-06-02,5.0625,5.0625,5.0625,5.0625,2.8949263095855713,0
1995-06-05,5.0625,5.0625,5.0625,5.0625,2.8949263095855713,0
1995-06-06,5.0625,5.0625,5.0625,5.0625,2.8949263095855713,0
1995-06-07,5.0625,5.0625,5.0625,5.0625,2.8949263095855713,0
1995-06-08,5.0625,5.0625,5.0625,5.0625,2.8949263095855713,0
1995-06-09,5.0625,5.0625,5.0625,5.0625,2.8949263095855713,0
1995-06-12,5.0625,5.0625,5.0625,5.0625,2.8949263095855713,0
1995-06-13,5.0625,5.0625,5.0625,5.0625,2.8949263095855713,0
1995-06-14,5.0625,5.0625,5.0625,5.0625,2.8949263095855713,0
1995-06-15,5.0625,5.0625,5.0625,5.0625,2.8949263095855713,0
1995-06-16,5.0625,5.0625,5.0625,5.0625,2.8949263095855713,0
1995-06-19,5.0625,5.0625,5.0625,5.0625,2.8949263095855713,0
1995-06-20,5.0625,5.0625,5.0625,5.0625,2.8949263095855713,0
1995-06-21,3.75,3.75,3.75,3.75,2.144390106201172,2800
1995-06-22,3.75,3.75,3.75,3.75,2.144390106201172,0
1995-06-23,3.75,3.75,3.75,3.75,2.144390106201172,0
1995-06-26,3.75,3.75,3.75,3.75,2.144390106201172,0
1995-06-27,3.75,3.75,3.75,3.75,2.144390106201172,400
1995-06-28,3.75,3.75,3.75,3.75,2.144390106201172,0
1995-06-29,3.75,3.75,3.75,3.75,2.144390106201172,0
1995-06-30,3.75,3.75,3.75,3.75,2.144390106201172,0
1995-07-03,3.75,3.75,3.75,3.75,2.144390106201172,0
1995-07-05,4.25,4.25,4.25,4.25,2.4303088188171387,2800
1995-07-06,4.3125,4.3125,4.3125,4.3125,2.4660489559173584,3200
1995-07-07,5.5,5.5,5.5,5.5,3.1451058387756348,1600
1995-07-10,5.5,5.5,5.5,5.5,3.1451058387756348,0
1995-07-11,5.5,5.5,5.5,5.5,3.1451058387756348,0
1995-07-12,5.5,5.5,5.5,5.5,3.1451058387756348,0
1995-07-13,5.5,5.5,5.5,5.5,3.1451058387756348,0
1995-07-14,5.5,5.5,5.5,5.5,3.1451058387756348,0
1995-07-17,5.5,5.5,5.5,5.5,3.1451058387756348,0
1995-07-18,3.75,3.75,3.75,3.75,2.144390106201172,400
1995-07-19,3.75,3.75,3.75,3.75,2.144390106201172,0
1995-07-20,3.75,3.75,3.75,3.75,2.144390106201172,0
1995-07-21,3.75,3.75,3.75,3.75,2.144390106201172,0
1995-07-24,3.75,3.75,3.75,3.75,2.144390106201172,0
1995-07-25,3.75,3.75,3.75,3.75,2.144390106201172,0
1995-07-26,3.75,3.75,3.75,3.75,2.144390106201172,0
1995-07-27,3.75,3.75,3.75,3.75,2.144390106201172,0
1995-07-28,3.75,3.75,3.75,3.75,2.144390106201172,0
1995-07-31,3.75,3.75,3.75,3.75,2.144390106201172,0
1995-08-01,3.75,3.75,3.75,3.75,2.144390106201172,0
1995-08-02,3.75,3.75,3.75,3.75,2.144390106201172,0
1995-08-03,3.75,3.75,3.75,3.75,2.144390106201172,0
1995-08-04,3.75,3.75,3.75,3.75,2.144390106201172,0
1995-08-07,3.75,3.75,3.75,3.75,2.144390106201172,0
1995-08-08,3.75,3.75,3.75,3.75,2.144390106201172,0
1995-08-09,3.75,3.75,3.75,3.75,2.144390106201172,0
1995-08-10,3.75,3.75,3.75,3.75,2.144390106201172,0
1995-08-11,6.0,6.0,6.0,6.0,3.431023359298706,800
1995-08-14,6.0,6.0,6.0,6.0,3.431023359298706,1200
1995-08-15,6.0,6.0,6.0,6.0,3.431023359298706,0
1995-08-16,6.0,6.0,6.0,6.0,3.431023359298706,0
1995-08-17,6.0,6.0,6.0,6.0,3.431023359298706,0
1995-08-18,6.0,6.0,6.0,6.0,3.431023359298706,0
1995-08-21,6.0,6.0,6.0,6.0,3.431023359298706,0
1995-08-22,6.0,6.0,6.0,6.0,3.431023359298706,0
1995-08-23,6.0,6.0,6.0,6.0,3.431023359298706,0
1995-08-24,6.0,6.0,6.0,6.0,3.431023359298706,0
1995-08-25,6.0,6.0,6.0,6.0,3.431023359298706,0
1995-08-28,6.0,6.0,6.0,6.0,3.431023359298706,0
1995-08-29,6.0,6.0,6.0,6.0,3.431023359298706,0
1995-08-30,6.0,6.0,6.0,6.0,3.431023359298706,0
1995-08-31,5.0,5.0,4.9375,5.0,2.8591856956481934,23600
1995-09-01,5.0,5.0,5.0,5.0,2.8591856956481934,0
1995-09-05,5.5,5.5,5.5,5.5,3.1451058387756348,3200
1995-09-06,5.75,5.75,5.75,5.75,3.2880656719207764,2400
1995-09-07,5.75,5.75,5.75,5.75,3.2880656719207764,400
1995-09-08,5.75,5.75,5.75,5.75,3.2880656719207764,400
1995-09-11,5.75,5.75,5.75,5.75,3.2880656719207764,4000
1995-09-12,5.75,5.75,5.75,5.75,3.2880656719207764,0
1995-09-13,5.46875,5.46875,5.46875,5.46875,3.1272361278533936,10000
1995-09-14,5.46875,5.46875,5.46875,5.46875,3.1272361278533936,0
1995-09-15,5.75,5.75,5.75,5.75,3.2880656719207764,4000
1995-09-18,5.75,5.75,5.75,5.75,3.2880656719207764,0
1995-09-19,5.75,5.75,5.75,5.75,3.2880656719207764,0
1995-09-20,5.75,5.75,5.75,5.75,3.2880656719207764,0
1995-09-21,5.75,5.75,5.75,5.75,3.2880656719207764,0
1995-09-22,5.75,5.75,5.75,5.75,3.2880656719207764,0
1995-09-25,5.75,5.75,5.75,5.75,3.2880656719207764,0
1995-09-26,5.75,5.75,5.75,5.75,3.2880656719207764,4000
1995-09-27,5.5,5.5,5.5,5.5,3.1451058387756348,8000
1995-09-28,5.5,5.5,5.5,5.5,3.1451058387756348,0
1995-09-29,5.5,5.5,5.5,5.5,3.1451058387756348,0
1995-10-02,5.5,5.5,5.5,5.5,3.1451058387756348,0
1995-10-03,5.75,5.75,5.75,5.75,3.2880656719207764,1600
1995-10-04,5.75,5.75,5.75,5.75,3.2880656719207764,0
1995-10-05,5.75,5.75,5.75,5.75,3.2880656719207764,0
1995-10-06,5.75,5.75,5.75,5.75,3.2880656719207764,0
1995-10-09,5.8125,5.8125,5.8125,5.8125,3.3238039016723633,4000
1995-10-10,5.8125,5.8125,5.8125,5.8125,3.3238039016723633,0
1995-10-11,5.8125,5.8125,5.8125,5.8125,3.3238039016723633,0
1995-10-12,5.8125,5.8125,5.8125,5.8125,3.3238039016723633,0
1995-10-13,5.8125,5.8125,5.8125,5.8125,3.3238039016723633,0
1995-10-16,5.8125,5.8125,5.8125,5.8125,3.3238039016723633,0
1995-10-17,5.8125,5.8125,5.8125,5.8125,3.3238039016723633,0
1995-10-18,5.8125,5.8125,5.8125,5.8125,3.3238039016723633,0
1995-10-19,5.8125,5.8125,5.8125,5.8125,3.3238039016723633,0
1995-10-20,5.8125,5.8125,5.8125,5.8125,3.3238039016723633,0
1995-10-23,5.8125,5.8125,5.8125,5.8125,3.3238039016723633,0
1995-10-24,5.8125,5.8125,5.8125,5.8125,3.3238039016723633,0
1995-10-25,5.8125,5.8125,5.8125,5.8125,3.3238039016723633,0
1995-10-26,5.8125,5.8125,5.8125,5.8125,3.3238039016723633,0
1995-10-27,5.8125,5.8125,5.8125,5.8125,3.3238039016723633,0
1995-10-30,5.8125,5.8125,5.8125,5.8125,3.3238039016723633,0
1995-10-31,5.8125,5.8125,5.8125,5.8125,3.3238039016723633,0
1995-11-01,5.8125,5.8125,5.8125,5.8125,3.3238039016723633,0
1995-11-02,5.8125,5.8125,5.8125,5.8125,3.3238039016723633,0
1995-11-03,5.8125,5.8125,5.8125,5.8125,3.3238039016723633,0
1995-11-06,5.8125,5.8125,5.8125,5.8125,3.3238039016723633,0
1995-11-07,5.8125,5.8125,5.8125,5.8125,3.3238039016723633,0
1995-11-08,5.8125,5.8125,5.8125,5.8125,3.3238039016723633,0
1995-11-09,5.8125,5.8125,5.8125,5.8125,3.3238039016723633,0
1995-11-10,5.8125,5.8125,5.8125,5.8125,3.3238039016723633,0
1995-11-13,5.8125,5.8125,5.8125,5.8125,3.3238039016723633,0
1995-11-14,5.8125,5.8125,5.8125,5.8125,3.3238039016723633,0
1995-11-15,5.8125,5.8125,5.8125,5.8125,3.3238039016723633,0
1995-11-16,5.8125,5.8125,5.8125,5.8125,3.3238039016723633,0
1995-11-17,5.8125,5.8125,5.8125,5.8125,3.3238039016723633,0
1995-11-20,5.8125,5.8125,5.8125,5.8125,3.3238039016723633,0
1995-11-21,5.8125,5.8125,5.8125,5.8125,3.3238039016723633,0
1995-11-22,5.8125,5.8125,5.8125,5.8125,3.3238039016723633,0
1995-11-24,5.8125,5.8125,5.8125,5.8125,3.3238039016723633,0
1995-11-27,5.8125,5.8125,5.8125,5.8125,3.3238039016723633,0
1995-11-28,5.8125,5.8125,5.8125,5.8125,3.3238039016723633,0
1995-11-29,5.8125,5.8125,5.8125,5.8125,3.3238039016723633,0
1995-11-30,5.8125,5.8125,5.8125,5.8125,3.3238039016723633,0
1995-12-01,5.8125,5.8125,5.8125,5.8125,3.3238039016723633,0
1995-12-04,5.8125,5.8125,5.8125,5.8125,3.3238039016723633,0
1995-12-05,5.8125,5.8125,5.8125,5.8125,3.3238039016723633,0
1995-12-06,5.8125,5.8125,5.8125,5.8125,3.3238039016723633,0
1995-12-07,5.8125,5.8125,5.8125,5.8125,3.3238039016723633,0
1995-12-08,6.25,6.25,6.25,6.25,3.5739848613739014,400
1995-12-11,6.25,6.25,6.25,6.25,3.5739848613739014,0
1995-12-12,6.25,6.25,6.25,6.25,3.5739848613739014,0
1995-12-13,6.25,6.25,6.25,6.25,3.5739848613739014,0
1995-12-14,6.25,6.25,6.25,6.25,3.5739848613739014,0
1995-12-15,6.25,6.25,6.25,6.25,3.5739848613739014,0
1995-12-18,6.25,6.25,6.25,6.25,3.5739848613739014,0
1995-12-19,6.25,6.25,6.25,6.25,3.5739848613739014,0
1995-12-20,6.25,6.25,6.25,6.25,3.5739848613739014,0
1995-12-21,6.25,6.25,6.25,6.25,3.5739848613739014,0
1995-12-22,6.25,6.25,6.25,6.25,3.5739848613739014,0
1995-12-26,6.25,6.25,6.25,6.25,3.5739848613739014,0
1995-12-27,6.25,6.25,6.25,6.25,3.5739848613739014,0
1995-12-28,6.25,6.25,6.25,6.25,3.5739848613739014,0
1995-12-29,6.25,6.25,6.25,6.25,3.5739848613739014,0
1996-01-02,6.25,6.25,6.25,6.25,3.5739848613739014,0
1996-01-03,6.25,6.25,6.25,6.25,3.5739848613739014,0
1996-01-04,6.25,6.25,6.25,6.25,3.5739848613739014,0
1996-01-05,6.25,6.25,6.25,6.25,3.5739848613739014,0
1996-01-08,6.25,6.25,6.25,6.25,3.5739848613739014,0
1996-01-09,6.25,6.25,6.25,6.25,3.5739848613739014,0
1996-01-10,6.25,6.25,6.25,6.25,3.5739848613739014,0
1996-01-11,6.25,6.25,6.25,6.25,3.5739848613739014,0
1996-01-12,6.25,6.25,6.25,6.25,3.5739848613739014,0
1996-01-15,6.25,6.25,6.25,6.25,3.5739848613739014,0
1996-01-16,6.25,6.25,6.25,6.25,3.5739848613739014,0
1996-01-17,6.25,6.25,6.25,6.25,3.5739848613739014,0
1996-01-18,5.5625,5.5625,5.5625,5.5625,3.180845260620117,2000
1996-01-19,5.5625,5.5625,5.5625,5.5625,3.180845260620117,0
1996-01-22,5.5625,5.5625,5.5625,5.5625,3.180845260620117,0
1996-01-23,5.5625,5.5625,5.5625,5.5625,3.180845260620117,0
1996-01-24,5.75,5.75,5.75,5.75,3.2880656719207764,400
1996-01-25,5.75,5.75,5.75,5.75,3.2880656719207764,0
1996-01-26,5.75,5.75,5.75,5.75,3.2880656719207764,0
1996-01-29,5.75,5.75,5.75,5.75,3.2880656719207764,0
1996-01-30,5.75,5.75,5.75,5.75,3.2880656719207764,0
1996-01-31,5.75,5.75,5.75,5.75,3.2880656719207764,0
1996-02-01,5.75,5.75,5.75,5.75,3.2880656719207764,0
1996-02-02,5.75,5.75,5.75,5.75,3.2880656719207764,0
1996-02-05,5.75,5.75,5.75,5.75,3.2880656719207764,0
1996-02-06,5.78125,6.0,5.78125,5.875,3.3595447540283203,5600
1996-02-07,5.875,5.875,5.875,5.875,3.3595447540283203,0
1996-02-08,5.875,5.875,5.875,5.875,3.3595447540283203,0
1996-02-09,5.875,5.875,5.875,5.875,3.3595447540283203,0
1996-02-12,6.0,6.0,6.0,6.0,3.431023359298706,2000
1996-02-13,6.0,6.0,6.0,6.0,3.431023359298706,0
1996-02-14,6.0,6.0,6.0,6.0,3.431023359298706,400
1996-02-15,5.8125,5.8125,5.75,5.75,3.2880656719207764,33200
1996-02-16,6.25,6.25,6.25,6.25,3.5739848613739014,400
1996-02-20,6.25,6.25,6.25,6.25,3.5739848613739014,0
1996-02-21,6.25,6.25,6.25,6.25,3.5739848613739014,0
1996-02-22,6.25,6.25,6.25,6.25,3.5739848613739014,0
1996-02-23,6.25,6.25,6.25,6.25,3.5739848613739014,0
1996-02-26,6.25,6.25,6.25,6.25,3.5739848613739014,0
1996-02-27,6.25,6.25,6.25,6.25,3.5739848613739014,0
1996-02-28,6.25,6.25,6.25,6.25,3.5739848613739014,0
1996-02-29,6.25,6.25,6.25,6.25,3.5739848613739014,0
1996-03-01,6.0625,6.0625,6.0625,6.0625,3.466763973236084,2400
1996-03-04,6.0625,6.0625,6.0625,6.0625,3.466763973236084,0
1996-03-05,6.0625,6.0625,6.0625,6.0625,3.466763973236084,0
1996-03-06,6.0625,6.0625,6.0625,6.0625,3.466763973236084,0
1996-03-07,6.25,6.25,6.25,6.25,3.5739848613739014,1200
1996-03-08,6.25,6.25,6.25,6.25,3.5739848613739014,0
1996-03-11,6.25,6.25,6.25,6.25,3.5739848613739014,0
1996-03-12,6.25,6.25,6.25,6.25,3.5739848613739014,0
1996-03-13,6.0625,6.125,6.0625,6.125,3.5025036334991455,11200
1996-03-14,6.125,6.125,6.125,6.125,3.5025036334991455,0
1996-03-15,6.125,6.125,6.125,6.125,3.5025036334991455,0
1996-03-18,6.125,6.125,6.125,6.125,3.5025036334991455,0
1996-03-19,6.125,6.125,6.125,6.125,3.5025036334991455,800
1996-03-20,6.125,6.125,6.125,6.125,3.5025036334991455,0
1996-03-21,6.125,6.125,6.125,6.125,3.5025036334991455,0
1996-03-22,6.125,6.125,6.125,6.125,3.5025036334991455,0
1996-03-25,6.125,6.125,6.125,6.125,3.5025036334991455,0
1996-03-26,6.125,6.125,6.125,6.125,3.5025036334991455,0
1996-03-27,6.03125,6.03125,6.03125,6.03125,3.448894739151001,40000
1996-03-28,6.1875,6.1875,6.1875,6.1875,3.538243055343628,400
1996-03-29,6.125,6.125,6.125,6.125,3.5025036334991455,400
1996-04-01,6.125,6.125,6.125,6.125,3.5025036334991455,0
1996-04-02,6.125,6.125,6.125,6.125,3.5025036334991455,1200
1996-04-03,6.125,6.125,6.125,6.125,3.5025036334991455,0
1996-04-04,6.125,6.125,6.125,6.125,3.5025036334991455,0
1996-04-08,6.125,6.125,6.125,6.125,3.5025036334991455,0
1996-04-09,6.125,6.125,6.125,6.125,3.5025036334991455,0
1996-04-10,6.125,6.125,6.125,6.125,3.5025036334991455,0
1996-04-11,6.125,6.125,6.125,6.125,3.5025036334991455,0
1996-04-12,6.125,6.125,6.125,6.125,3.5025036334991455,0
1996-04-15,6.125,6.125,6.125,6.125,3.5025036334991455,0
1996-04-16,6.125,6.125,6.125,6.125,3.5025036334991455,0
1996-04-17,6.125,6.125,6.125,6.125,3.5025036334991455,0
1996-04-18,6.1875,6.1875,6.1875,6.1875,3.538243055343628,400
1996-04-19,6.125,6.125,6.125,6.125,3.5025036334991455,1200
1996-04-22,6.125,6.125,6.125,6.125,3.5025036334991455,0
1996-04-23,6.125,6.125,6.125,6.125,3.5025036334991455,0
1996-04-24,6.125,6.125,6.125,6.125,3.5025036334991455,0
1996-04-25,6.0625,6.0625,6.0625,6.0625,3.466763973236084,5600
1996-04-26,6.0625,6.0625,6.0625,6.0625,3.466763973236084,0
1996-04-29,6.0625,6.0625,6.0625,6.0625,3.4897894859313965,0
1996-04-30,6.0625,6.0625,6.0625,6.0625,3.4897894859313965,0
1996-05-01,6.0625,6.0625,6.0625,6.0625,3.4897894859313965,0
1996-05-02,6.0625,6.0625,6.0625,6.0625,3.4897894859313965,0
1996-05-03,6.125,6.125,6.125,6.125,3.5257670879364014,5200
1996-05-06,6.1875,6.1875,6.1875,6.1875,3.561744451522827,800
1996-05-07,6.1875,6.1875,6.1875,6.1875,3.561744451522827,0
1996-05-08,6.1875,6.1875,6.1875,6.1875,3.561744451522827,0
1996-05-09,6.1875,6.1875,6.1875,6.1875,3.561744451522827,0
1996-05-10,6.1875,6.1875,6.1875,6.1875,3.561744451522827,0
1996-05-13,6.1875,6.1875,6.1875,6.1875,3.561744451522827,0
1996-05-14,6.1875,6.1875,6.1875,6.1875,3.561744451522827,0
1996-05-15,6.125,6.1875,6.125,6.1875,3.561744451522827,20400
1996-05-16,6.1875,6.1875,6.1875,6.1875,3.561744451522827,0
1996-05-17,6.1875,6.1875,6.1875,6.1875,3.561744451522827,0
1996-05-20,6.1875,6.1875,6.1875,6.1875,3.561744451522827,0
1996-05-21,6.1875,6.1875,6.1875,6.1875,3.561744451522827,0
1996-05-22,6.1875,6.1875,6.1875,6.1875,3.561744451522827,0
1996-05-23,6.1875,6.1875,6.1875,6.1875,3.561744451522827,800
1996-05-24,6.25,6.25,6.25,6.25,3.597721576690674,400
1996-05-28,6.25,6.25,6.25,6.25,3.597721576690674,0
1996-05-29,6.25,6.25,6.25,6.25,3.597721576690674,0
1996-05-30,6.25,6.25,6.25,6.25,3.597721576690674,0
1996-05-31,6.25,6.25,6.25,6.25,3.597721576690674,0
1996-06-03,6.25,6.25,6.25,6.25,3.597721576690674,0
1996-06-04,6.25,6.25,6.25,6.25,3.597721576690674,0
1996-06-05,6.25,6.25,6.25,6.25,3.597721576690674,0
1996-06-06,6.25,6.25,6.25,6.25,3.597721576690674,0
1996-06-07,6.25,6.25,6.25,6.25,3.597721576690674,0
1996-06-10,6.25,6.25,6.25,6.25,3.597721576690674,0
1996-06-11,6.25,6.25,6.25,6.25,3.597721576690674,0
1996-06-12,6.25,6.25,6.25,6.25,3.597721576690674,0
1996-06-13,6.25,6.25,6.25,6.25,3.597721576690674,0
1996-06-14,6.25,6.25,6.25,6.25,3.597721576690674,0
1996-06-17,6.25,6.25,6.25,6.25,3.597721576690674,0
1996-06-18,6.25,6.25,6.25,6.25,3.597721576690674,0
1996-06-19,6.25,6.25,6.25,6.25,3.597721576690674,400
1996-06-20,6.25,6.25,6.25,6.25,3.597721576690674,0
1996-06-21,6.125,6.125,6.125,6.125,3.5257670879364014,1600
1996-06-24,6.125,6.125,6.125,6.125,3.5257670879364014,0
1996-06-25,6.125,6.125,6.125,6.125,3.5257670879364014,0
1996-06-26,6.125,6.125,6.125,6.125,3.5257670879364014,0
1996-06-27,6.125,6.125,6.125,6.125,3.5257670879364014,0
1996-06-28,6.125,6.125,6.125,6.125,3.5257670879364014,0
1996-07-01,6.02734375,6.02734375,6.02734375,6.02734375,3.4695518016815186,400
1996-07-02,6.02734375,6.02734375,6.02734375,6.02734375,3.4695518016815186,0
1996-07-03,6.02734375,6.02734375,6.02734375,6.02734375,3.4695518016815186,0
1996-07-05,6.02734375,6.02734375,6.02734375,6.02734375,3.4695518016815186,0
1996-07-08,6.02734375,6.02734375,6.02734375,6.02734375,3.4695518016815186,0
1996-07-09,6.02734375,6.02734375,6.02734375,6.02734375,3.4695518016815186,0
1996-07-10,6.02734375,6.02734375,6.02734375,6.02734375,3.4695518016815186,0
1996-07-11,6.02734375,6.02734375,6.02734375,6.02734375,3.4695518016815186,0
1996-07-12,6.02734375,6.02734375,6.02734375,6.02734375,3.4695518016815186,0
1996-07-15,6.02734375,6.02734375,6.02734375,6.02734375,3.4695518016815186,0
1996-07-16,6.125,6.125,6.125,6.125,3.5257670879364014,800
1996-07-17,6.125,6.125,6.125,6.125,3.5257670879364014,0
1996-07-18,6.125,6.125,6.125,6.125,3.5257670879364014,0
1996-07-19,6.125,6.125,6.125,6.125,3.5257670879364014,0
1996-07-22,5.8125,5.9375,5.8125,5.8125,3.3458797931671143,2400
1996-07-23,5.8125,5.8125,5.8125,5.8125,3.3458797931671143,0
1996-07-24,6.0,6.0,6.0,6.0,3.453813076019287,400
1996-07-25,6.0,6.0,6.0,6.0,3.453813076019287,0
1996-07-26,6.0,6.0,6.0,6.0,3.453813076019287,0
1996-07-29,5.8125,5.8125,5.8125,5.8125,3.3458797931671143,3200
1996-07-30,5.8125,5.8125,5.8125,5.8125,3.3458797931671143,0
1996-07-31,5.8125,5.8125,5.8125,5.8125,3.3458797931671143,0
1996-08-01,5.8125,5.8125,5.8125,5.8125,3.3458797931671143,0
1996-08-02,5.8125,5.8125,5.8125,5.8125,3.3458797931671143,0
1996-08-05,5.875,5.875,5.875,5.875,3.3818581104278564,800
1996-08-06,5.875,5.875,5.875,5.875,3.3818581104278564,1200
1996-08-07,5.875,5.875,5.875,5.875,3.3818581104278564,800
1996-08-08,5.875,5.875,5.875,5.875,3.3818581104278564,400
1996-08-09,5.875,5.875,5.875,5.875,3.3818581104278564,0
1996-08-12,5.875,5.875,5.875,5.875,3.3818581104278564,0
1996-08-13,5.9375,5.9375,5.9375,5.9375,3.417834997177124,800
1996-08-14,6.08984375,6.08984375,6.08984375,6.08984375,3.5055298805236816,2000
1996-08-15,6.08984375,6.08984375,6.08984375,6.08984375,3.5055298805236816,0
1996-08-16,6.08984375,6.08984375,6.08984375,6.08984375,3.5055298805236816,0
1996-08-19,6.08984375,6.08984375,6.08984375,6.08984375,3.5055298805236816,0
1996-08-20,6.08984375,6.08984375,6.08984375,6.08984375,3.5055298805236816,0
1996-08-21,6.125,6.125,6.125,6.125,3.5257670879364014,2400
1996-08-22,6.125,6.125,6.125,6.125,3.5257670879364014,0
1996-08-23,6.125,6.125,6.125,6.125,3.5257670879364014,0
1996-08-26,6.25,6.25,6.0,6.125,3.5257670879364014,7200
1996-08-27,6.25,6.25,6.25,6.25,3.597721576690674,3200
1996-08-28,6.25,6.25,6.25,6.25,3.597721576690674,0
1996-08-29,6.25,6.25,6.25,6.25,3.597721576690674,0
1996-08-30,6.25,6.25,6.0625,6.0625,3.4897894859313965,1600
1996-09-03,6.0625,6.0625,6.0625,6.0625,3.4897894859313965,0
1996-09-04,6.0625,6.0625,6.0625,6.0625,3.4897894859313965,0
1996-09-05,6.3125,6.3125,6.3125,6.3125,3.633697986602783,800
1996-09-06,6.3125,6.3125,6.3125,6.3125,3.633697986602783,0
1996-09-09,6.3125,6.3125,6.3125,6.3125,3.633697986602783,0
1996-09-10,6.3125,6.3125,6.3125,6.3125,3.633697986602783,0
1996-09-11,6.3125,6.3125,6.3125,6.3125,3.633697986602783,0
1996-09-12,6.3125,6.3125,6.3125,6.3125,3.633697986602783,0
1996-09-13,6.3125,6.5,6.25,6.25,3.597721576690674,4800
1996-09-16,6.5,6.5,6.5,6.5,3.741631507873535,400
1996-09-17,6.5,6.5,6.5,6.5,3.741631507873535,0
1996-09-18,6.5,6.5,6.5,6.5,3.741631507873535,0
1996-09-19,6.5,6.5,6.25,6.5,3.741631507873535,2400
1996-09-20,6.5,6.5,6.5,6.5,3.741631507873535,0
1996-09-23,6.5,6.5,6.5,6.5,3.741631507873535,400
1996-09-24,6.5,6.5,6.5,6.5,3.741631507873535,800
1996-09-25,6.5,6.5,6.5,6.5,3.741631507873535,0
1996-09-26,6.5,6.5,6.5,6.5,3.741631507873535,0
1996-09-27,6.5,6.5,6.5,6.5,3.741631507873535,0
1996-09-30,6.5,6.5,6.5,6.5,3.741631507873535,2800
1996-10-01,6.5,6.5,6.5,6.5,3.741631507873535,0
1996-10-02,6.625,6.625,6.625,6.625,3.813584566116333,400
1996-10-03,6.625,6.625,6.625,6.625,3.813584566116333,0
1996-10-04,6.625,6.625,6.625,6.625,3.813584566116333,1200
1996-10-07,6.625,6.625,6.625,6.625,3.813584566116333,0
1996-10-08,7.0,7.0,6.5,7.0,4.029447078704834,1200
1996-10-09,7.0,7.0,7.0,7.0,4.029447078704834,400
1996-10-10,7.0,7.0,7.0,7.0,4.029447078704834,0
1996-10-11,7.0,7.0,7.0,7.0,4.029447078704834,0
1996-10-14,7.0,7.0,7.0,7.0,4.029447078704834,0
1996-10-15,6.75,6.75,6.75,6.75,3.88553786277771,200
1996-10-16,6.5,6.5,6.5,6.5,3.741631507873535,1400
1996-10-17,6.5,6.5,6.5,6.5,3.741631507873535,0
1996-10-18,6.5,6.5,6.5,6.5,3.741631507873535,0
1996-10-21,6.5,6.5,6.5,6.5,3.741631507873535,0
1996-10-22,6.5,6.5,6.5,6.5,3.741631507873535,0
1996-10-23,6.5,6.5,6.5,6.5,3.741631507873535,0
1996-10-24,6.5,6.5,6.5,6.5,3.741631507873535,0
1996-10-25,6.5,6.5,6.5,6.5,3.741631507873535,0
1996-10-28,6.5,6.5,6.5,6.5,3.741631507873535,0
1996-10-29,6.5,6.5,6.5,6.5,3.741631507873535,0
1996-10-30,6.5,6.5,6.5,6.5,3.741631507873535,0
1996-10-31,6.5,6.5,6.5,6.5,3.741631507873535,0
1996-11-01,6.5,6.5,6.5,6.5,3.741631507873535,0
1996-11-04,6.5,6.5,6.5,6.5,3.741631507873535,0
1996-11-05,6.875,6.875,6.875,6.875,3.957494020462036,1200
1996-11-06,6.875,6.875,6.875,6.875,3.957494020462036,0
1996-11-07,6.875,6.875,6.875,6.875,3.957494020462036,0
1996-11-08,6.875,6.875,6.875,6.875,3.957494020462036,0
1996-11-11,6.875,6.875,6.875,6.875,3.957494020462036,0
1996-11-12,6.875,6.875,6.875,6.875,3.957494020462036,0
1996-11-13,8.0,8.0,7.875,8.0,4.605085372924805,600
1996-11-14,8.0,8.0,7.25,8.0,4.605085372924805,3200
1996-11-15,8.0,8.0,8.0,8.0,4.605085372924805,0
1996-11-18,8.25,8.25,8.25,8.25,4.748992919921875,400
1996-11-19,8.75,8.75,8.75,8.75,5.036812782287598,200
1996-11-20,8.75,8.75,8.75,8.75,5.036812782287598,0
1996-11-21,8.75,8.75,8.75,8.75,5.036812782287598,600
1996-11-22,8.75,8.75,8.75,8.75,5.036812782287598,0
1996-11-25,8.75,8.75,8.75,8.75,5.036812782287598,0
1996-11-26,8.75,8.75,8.75,8.75,5.036812782287598,0
1996-11-27,8.75,8.75,8.75,8.75,5.036812782287598,0
1996-11-29,8.75,8.75,8.75,8.75,5.036812782287598,0
1996-12-02,8.75,8.75,8.75,8.75,5.036812782287598,0
1996-12-03,8.75,8.75,8.75,8.75,5.036812782287598,0
1996-12-04,8.75,8.75,8.75,8.75,5.036812782287598,0
1996-12-05,8.75,8.75,8.75,8.75,5.036812782287598,0
1996-12-06,8.75,8.75,8.75,8.75,5.036812782287598,0
1996-12-09,8.75,8.75,8.75,8.75,5.036812782287598,0
1996-12-10,8.75,8.75,8.75,8.75,5.036812782287598,0
1996-12-11,8.75,8.75,8.75,8.75,5.036812782287598,0
1996-12-12,8.75,8.75,8.75,8.75,5.036812782287598,0
1996-12-13,8.75,8.75,8.75,8.75,5.036812782287598,0
1996-12-16,8.75,8.75,8.75,8.75,5.036812782287598,0
1996-12-17,8.75,8.75,8.75,8.75,5.036812782287598,0
1996-12-18,8.75,8.75,8.75,8.75,5.036812782287598,0
1996-12-19,8.75,8.75,8.75,8.75,5.036812782287598,0
1996-12-20,8.75,8.75,8.75,8.75,5.036812782287598,0
1996-12-23,8.75,8.75,8.75,8.75,5.036812782287598,0
1996-12-24,8.75,8.75,8.75,8.75,5.036812782287598,0
1996-12-26,8.75,8.75,8.75,8.75,5.036812782287598,0
1996-12-27,8.75,8.75,8.75,8.75,5.036812782287598,0
1996-12-30,8.75,8.75,8.75,8.75,5.036812782287598,0
1996-12-31,8.75,8.75,8.75,8.75,5.036812782287598,0
1997-01-02,8.75,8.75,8.125,8.5,4.892901420593262,3400
1997-01-03,8.125,8.125,7.75,8.125,4.677037715911865,15600
1997-01-06,8.125,8.125,8.125,8.125,4.677037715911865,0
1997-01-07,8.125,8.125,8.125,8.125,4.677037715911865,0
1997-01-08,8.125,8.125,8.125,8.125,4.677037715911865,0
1997-01-09,8.375,8.375,8.125,8.375,4.820947647094727,3200
1997-01-10,8.125,8.125,8.125,8.125,4.677037715911865,400
1997-01-13,8.125,8.125,8.125,8.125,4.677037715911865,0
1997-01-14,8.25,8.25,8.25,8.25,4.748992919921875,2000
1997-01-15,8.5,8.5,8.5,8.5,4.892901420593262,1200
1997-01-16,8.5,8.5,8.5,8.5,4.892901420593262,1200
1997-01-17,8.5,8.5,8.5,8.5,4.892901420593262,0
1997-01-20,8.375,8.5,8.375,8.5,4.892901420593262,5200
1997-01-21,8.25,8.5,8.25,8.5,4.892901420593262,2000
1997-01-22,8.5,8.5,8.5,8.5,4.892901420593262,2000
1997-01-23,8.5,8.5,8.5,8.5,4.892901420593262,0
1997-01-24,8.5,8.5,8.5,8.5,4.892901420593262,0
1997-01-27,8.5,8.5,8.5,8.5,4.892901420593262,0
1997-01-28,8.5,8.5,8.5,8.5,4.892901420593262,0
1997-01-29,8.5,8.5,8.5,8.5,4.892901420593262,0
1997-01-30,8.5,8.5,8.5,8.5,4.892901420593262,0
1997-01-31,8.5,8.5,8.5,8.5,4.892901420593262,0
1997-02-03,8.5,8.5,8.5,8.5,4.892901420593262,800
1997-02-04,8.5,8.5,8.5,8.5,4.892901420593262,0
1997-02-05,8.5,8.5,8.5,8.5,4.892901420593262,0
1997-02-06,8.5,8.5,8.5,8.5,4.892901420593262,1800
1997-02-07,8.5,8.5,8.5,8.5,4.892901420593262,0
1997-02-10,8.75,8.75,8.5,8.75,5.036812782287598,6800
1997-02-11,8.75,8.75,8.75,8.75,5.036812782287598,3000
1997-02-12,8.75,8.75,8.75,8.75,5.036812782287598,2400
1997-02-13,8.75,8.75,8.75,8.75,5.036812782287598,1400
1997-02-14,8.75,8.75,8.75,8.75,5.036812782287598,0
1997-02-18,8.75,8.75,8.75,8.75,5.036812782287598,0
1997-02-19,8.75,8.75,8.75,8.75,5.036812782287598,0
1997-02-20,8.75,8.75,8.75,8.75,5.036812782287598,0
1997-02-21,8.625,8.625,8.625,8.625,4.964856147766113,800
1997-02-24,8.625,8.625,8.625,8.625,4.964856147766113,0
1997-02-25,8.625,8.625,8.625,8.625,4.964856147766113,0
1997-02-26,8.625,8.625,8.625,8.625,4.964856147766113,0
1997-02-27,8.625,8.625,8.625,8.625,4.964856147766113,0
1997-02-28,8.625,8.625,8.625,8.625,4.964856147766113,0
1997-03-03,9.125,9.125,9.125,9.125,5.252674102783203,400
1997-03-04,9.125,9.125,9.125,9.125,5.252674102783203,200
1997-03-05,9.125,9.25,9.125,9.25,5.324624538421631,800
1997-03-06,9.25,9.25,9.25,9.25,5.324624538421631,200
1997-03-07,9.25,9.25,9.25,9.25,5.324624538421631,0
1997-03-10,9.25,9.25,9.25,9.25,5.324624538421631,0
1997-03-11,8.875,8.875,8.875,8.875,5.108763217926025,200
1997-03-12,8.875,8.875,8.875,8.875,5.108763217926025,0
1997-03-13,8.875,8.875,8.875,8.875,5.108763217926025,0
1997-03-14,8.875,8.875,8.875,8.875,5.108763217926025,0
1997-03-17,8.875,8.875,8.875,8.875,5.108763217926025,0
1997-03-18,8.875,8.875,8.875,8.875,5.108763217926025,0
1997-03-19,8.875,8.875,8.875,8.875,5.108763217926025,0
1997-03-20,8.875,8.875,8.875,8.875,5.108763217926025,0
1997-03-21,9.625,9.625,9.125,9.625,5.540491104125977,1200
1997-03-24,9.75,9.75,9.75,9.75,5.612445831298828,600
1997-03-25,9.875,9.875,9.875,9.875,5.6844000816345215,1200
1997-03-26,9.875,9.875,9.875,9.875,5.6844000816345215,0
1997-03-27,9.875,9.875,9.875,9.875,5.6844000816345215,0
1997-03-31,9.875,9.875,9.875,9.875,5.6844000816345215,0
1997-04-01,9.875,9.875,9.875,9.875,5.6844000816345215,0
1997-04-02,9.875,9.875,9.875,9.875,5.6844000816345215,0
1997-04-03,9.875,9.875,9.875,9.875,5.6844000816345215,0
1997-04-04,9.875,9.875,9.875,9.875,5.6844000816345215,0
1997-04-07,9.875,9.875,9.875,9.875,5.6844000816345215,0
1997-04-08,9.875,9.875,9.875,9.875,5.6844000816345215,0
1997-04-09,10.5,10.625,10.5,10.625,6.116128921508789,1400
1997-04-10,11.0,11.0,10.75,11.0,6.331989765167236,1000
1997-04-11,10.0,10.0,10.0,10.0,5.756353378295898,200
1997-04-14,10.0,10.0,10.0,10.0,5.756353378295898,0
1997-04-15,10.0,10.0,10.0,10.0,5.756353378295898,0
1997-04-16,10.0,10.0,10.0,10.0,5.756353378295898,0
1997-04-17,10.0,10.0,10.0,10.0,5.756353378295898,0
1997-04-18,10.0,10.0,10.0,10.0,5.756353378295898,0
1997-04-21,10.0,10.0,10.0,10.0,5.756353378295898,0
1997-04-22,10.0,10.0,10.0,10.0,5.756353378295898,0
1997-04-23,10.0,10.0,10.0,10.0,5.756353378295898,0
1997-04-24,10.0,10.0,10.0,10.0,5.756353378295898,0
1997-04-25,10.0,10.0,10.0,10.0,5.756353378295898,0
1997-04-28,10.75,10.75,10.75,10.75,6.188082218170166,400
1997-04-29,10.75,10.75,10.75,10.75,6.188082218170166,0
1997-04-30,10.75,10.75,10.75,10.75,6.188082218170166,0
1997-05-01,10.75,10.75,10.75,10.75,6.24032735824585,0
1997-05-02,10.75,10.75,10.75,10.75,6.24032735824585,0
1997-05-05,10.75,10.75,10.75,10.75,6.24032735824585,0
1997-05-06,10.75,10.75,10.75,10.75,6.24032735824585,0
1997-05-07,10.75,10.75,10.75,10.75,6.24032735824585,0
1997-05-08,10.75,10.75,10.75,10.75,6.24032735824585,0
1997-05-09,11.75,11.75,11.75,11.75,6.820822238922119,200
1997-05-12,11.75,11.75,11.75,11.75,6.820822238922119,0
1997-05-13,11.75,11.75,11.75,11.75,6.820822238922119,0
1997-05-14,11.75,11.75,11.75,11.75,6.820822238922119,0
1997-05-15,11.75,11.75,11.75,11.75,6.820822238922119,0
1997-05-16,12.5,12.5,12.5,12.5,7.256191730499268,400
1997-05-19,12.5,12.5,12.5,12.5,7.256191730499268,0
1997-05-20,12.5,12.5,12.5,12.5,7.256191730499268,0
1997-05-21,12.5,12.5,12.5,12.5,7.256191730499268,0
1997-05-22,12.5,12.5,12.5,12.5,7.256191730499268,0
1997-05-23,12.5,12.5,12.5,12.5,7.256191730499268,0
1997-05-27,11.0,11.0,11.0,11.0,6.385447978973389,200
1997-05-28,11.0,11.0,11.0,11.0,6.385447978973389,0
1997-05-29,11.0,11.0,11.0,11.0,6.385447978973389,0
1997-05-30,11.0,11.0,11.0,11.0,6.385447978973389,0
1997-06-02,11.0,11.0,11.0,11.0,6.385447978973389,0
1997-06-03,11.0,11.0,11.0,11.0,6.385447978973389,0
1997-06-04,11.0,11.0,11.0,11.0,6.385447978973389,0
1997-06-05,11.0,11.0,11.0,11.0,6.385447978973389,0
1997-06-06,11.0,11.0,11.0,11.0,6.385447978973389,0
1997-06-09,11.0,11.0,11.0,11.0,6.385447978973389,0
1997-06-10,11.0,11.0,11.0,11.0,6.385447978973389,0
1997-06-11,11.0,11.0,11.0,11.0,6.385447978973389,0
1997-06-12,11.0,11.0,11.0,11.0,6.385447978973389,0
1997-06-13,11.0,11.0,11.0,11.0,6.385447978973389,0
1997-06-16,11.0,11.0,11.0,11.0,6.385447978973389,0
1997-06-17,11.0,11.0,11.0,11.0,6.385447978973389,0
1997-06-18,11.0,11.0,11.0,11.0,6.385447978973389,0
1997-06-19,11.0,11.0,11.0,11.0,6.385447978973389,0
1997-06-20,11.0,11.0,11.0,11.0,6.385447978973389,0
1997-06-23,11.0,11.0,11.0,11.0,6.385447978973389,0
1997-06-24,11.0,11.0,11.0,11.0,6.385447978973389,0
1997-06-25,11.0,11.0,11.0,11.0,6.385447978973389,0
1997-06-26,11.0,11.0,11.0,11.0,6.385447978973389,0
1997-06-27,11.0,11.0,11.0,11.0,6.385447978973389,0
1997-06-30,11.0,11.0,11.0,11.0,6.385447978973389,0
1997-07-01,11.0,11.0,11.0,11.0,6.385447978973389,0
1997-07-02,11.0,11.0,11.0,11.0,6.385447978973389,0
1997-07-03,11.0,11.0,11.0,11.0,6.385447978973389,0
1997-07-07,12.625,12.625,12.625,12.625,7.3287529945373535,200
1997-07-08,12.625,12.625,12.625,12.625,7.3287529945373535,0
1997-07-09,12.625,12.625,12.625,12.625,7.3287529945373535,200
1997-07-10,12.625,12.625,12.625,12.625,7.3287529945373535,0
1997-07-11,12.625,12.625,12.625,12.625,7.3287529945373535,0
1997-07-14,12.625,12.625,12.625,12.625,7.3287529945373535,0
1997-07-15,12.625,12.625,12.625,12.625,7.3287529945373535,0
1997-07-16,12.625,12.625,12.625,12.625,7.3287529945373535,0
1997-07-17,13.0,13.0,13.0,13.0,7.54644250869751,3000
1997-07-18,13.0,13.0,13.0,13.0,7.54644250869751,0
1997-07-21,13.0,13.0,13.0,13.0,7.54644250869751,0
1997-07-22,13.0,13.0,13.0,13.0,7.54644250869751,0
1997-07-23,13.0,13.0,13.0,13.0,7.54644250869751,0
1997-07-24,13.0,13.0,13.0,13.0,7.54644250869751,0
1997-07-25,13.0,13.0,13.0,13.0,7.54644250869751,0
1997-07-28,13.0,13.0,13.0,13.0,7.54644250869751,0
1997-07-29,13.0,13.0,13.0,13.0,7.54644250869751,0
1997-07-30,13.0,13.0,13.0,13.0,7.54644250869751,0
1997-07-31,13.625,13.625,13.5,13.5,7.8366851806640625,5800
1997-08-01,13.5,13.5,13.5,13.5,7.8366851806640625,0
1997-08-04,14.25,14.25,14.25,14.25,8.272058486938477,200
1997-08-05,14.25,14.25,14.25,14.25,8.272058486938477,0
1997-08-06,14.25,14.25,14.25,14.25,8.272058486938477,0
1997-08-07,14.25,14.25,14.25,14.25,8.272058486938477,0
1997-08-08,14.25,14.25,14.25,14.25,8.272058486938477,0
1997-08-11,14.25,14.25,14.25,14.25,8.272058486938477,0
1997-08-12,14.5,14.75,14.5,14.5,8.417182922363281,800
1997-08-13,14.5,14.5,14.5,14.5,8.417182922363281,0
1997-08-14,14.5,14.5,14.5,14.5,8.417182922363281,0
1997-08-15,14.75,14.75,14.625,14.625,8.489747047424316,1000
1997-08-18,14.625,14.625,14.625,14.625,8.489747047424316,0
1997-08-19,14.75,14.75,14.5,14.5,8.417182922363281,2400
1997-08-20,14.5,14.5,14.5,14.5,8.417182922363281,1400
1997-08-21,14.75,14.75,14.75,14.75,8.56230640411377,1000
1997-08-22,14.75,14.75,14.75,14.75,8.56230640411377,0
1997-08-25,15.75,15.75,15.0,15.75,9.142803192138672,2200
1997-08-26,15.5,15.75,15.5,15.75,9.142803192138672,1400
1997-08-27,15.5,16.0,15.5,16.0,9.287931442260742,7200
1997-08-28,16.0,16.0,16.0,16.0,9.287931442260742,1600
1997-08-29,16.25,16.25,16.25,16.25,9.433049201965332,800
1997-09-02,17.0,17.0,17.0,17.0,9.868422508239746,800
1997-09-03,18.0,18.0,17.25,18.0,10.4489164352417,3000
1997-09-04,17.75,17.75,17.75,17.75,10.303791999816895,400
1997-09-05,17.75,18.0,17.75,17.75,10.303791999816895,800
1997-09-08,18.0,18.0,17.75,17.75,10.303791999816895,4000
1997-09-09,18.0,18.0,17.75,17.75,10.303791999816895,3200
1997-09-10,17.75,17.75,17.75,17.75,10.303791999816895,0
1997-09-11,17.625,18.125,17.625,18.125,10.521475791931152,3000
1997-09-12,18.125,18.125,18.125,18.125,10.521475791931152,0
1997-09-15,18.25,18.25,18.25,18.25,10.59404182434082,200
1997-09-16,18.0,18.25,18.0,18.0,10.4489164352417,3600
1997-09-17,18.25,18.25,17.875,18.25,10.59404182434082,19800
1997-09-18,18.0,18.0,18.0,18.0,10.4489164352417,7600
1997-09-19,18.0,18.0,18.0,18.0,10.4489164352417,2600
1997-09-22,18.0,18.0,18.0,18.0,10.4489164352417,1800
1997-09-23,18.0,18.0,18.0,18.0,10.4489164352417,1000
1997-09-24,18.0,18.0,18.0,18.0,10.4489164352417,0
1997-09-25,17.625,18.0,17.625,18.0,10.4489164352417,1400
1997-09-26,17.625,17.625,17.625,17.625,10.23122787475586,1800
1997-09-29,17.5,17.75,17.5,17.75,10.303791999816895,800
1997-09-30,17.75,17.75,17.75,17.75,10.303791999816895,200
1997-10-01,17.75,17.75,17.75,17.75,10.303791999816895,0
1997-10-02,17.75,17.75,17.5625,17.5625,10.194950103759766,800
1997-10-03,17.5625,17.5625,17.5625,17.5625,10.194950103759766,0
1997-10-06,17.4375,17.4375,17.4375,17.4375,10.122385025024414,1000
1997-10-07,17.25,17.3125,17.25,17.25,10.013543128967285,3800
1997-10-08,17.3125,17.3125,17.0625,17.3125,10.049834251403809,13200
1997-10-09,17.25,17.3125,17.25,17.25,10.013543128967285,1400
1997-10-10,17.25,17.25,17.25,17.25,10.013543128967285,200
1997-10-13,17.0625,17.0625,17.0625,17.0625,9.904701232910156,1000
1997-10-14,17.0625,17.0625,17.0625,17.0625,9.904701232910156,1600
1997-10-15,16.5,17.0,16.5,16.5,9.578173637390137,5200
1997-10-16,16.0,16.5,16.0,16.5,9.578173637390137,1000
1997-10-17,16.0,16.25,16.0,16.25,9.433049201965332,1000
1997-10-20,16.0,16.0,16.0,16.0,9.287931442260742,400
1997-10-21,16.0,16.0,15.875,16.0,9.287931442260742,1600
1997-10-22,15.75,15.75,15.5,15.5,8.997676849365234,2600
1997-10-23,15.5625,15.5625,15.5625,15.5625,9.033960342407227,1600
1997-10-24,15.5625,15.6875,15.5,15.6875,9.106517791748047,2000
1997-10-27,15.4375,15.5,15.4375,15.4375,8.96139907836914,2400
1997-10-28,15.5625,15.5625,15.3125,15.3125,8.888835906982422,1200
1997-10-29,15.125,15.3125,15.0625,15.0625,8.743715286254883,2400
1997-10-30,15.28125,15.5,15.28125,15.5,8.997676849365234,2800
1997-10-31,15.28125,15.28125,15.28125,15.28125,8.870696067810059,200
1997-11-03,15.28125,15.28125,15.28125,15.28125,8.870696067810059,0
1997-11-04,15.25,15.25,15.25,15.25,8.852551460266113,1600
1997-11-05,15.0625,15.1875,15.0625,15.0625,8.743715286254883,1400
1997-11-06,15.25,15.25,15.0,15.25,8.852551460266113,800
1997-11-07,14.9375,15.0,14.9375,15.0,8.707428932189941,800
1997-11-10,15.1875,15.1875,15.1875,15.1875,8.816271781921387,200
1997-11-11,14.875,15.1875,14.875,14.875,8.634867668151855,5600
1997-11-12,14.75,14.75,14.75,14.75,8.56230640411377,1000
1997-11-13,14.9375,14.9375,14.9375,14.9375,8.671147346496582,1000
1997-11-14,14.9375,14.9375,14.9375,14.9375,8.671147346496582,0
1997-11-17,14.75,14.75,14.75,14.75,8.56230640411377,2400
1997-11-18,15.5,15.5,15.25,15.5,8.997676849365234,400
1997-11-19,15.125,15.125,14.25,14.25,8.272058486938477,1900
1997-11-20,15.0,15.0,14.625,15.0,8.707428932189941,2300
1997-11-21,15.09375,15.109375,14.75,15.0,8.707428932189941,2700
1997-11-24,15.109375,15.109375,14.25,14.25,8.272058486938477,1700
1997-11-25,14.609375,14.609375,14.25,14.25,8.272058486938477,1800
1997-11-26,14.25,14.25,14.25,14.25,8.272058486938477,0
1997-11-28,14.25,14.25,14.25,14.25,8.272058486938477,0
1997-12-01,14.25,14.25,14.25,14.25,8.272058486938477,0
1997-12-02,14.359375,14.359375,14.359375,14.359375,8.335549354553223,1000
1997-12-03,14.359375,14.609375,14.359375,14.359375,8.335549354553223,3300
1997-12-04,14.359375,14.359375,14.359375,14.359375,8.335549354553223,0
1997-12-05,14.109375,14.109375,14.109375,14.109375,8.190425872802734,2600
1997-12-08,14.359375,14.359375,14.359375,14.359375,8.335549354553223,700
1997-12-09,14.359375,14.359375,14.109375,14.109375,8.190425872802734,2700
1997-12-10,14.359375,14.359375,14.359375,14.359375,8.335549354553223,300
1997-12-11,14.109375,14.109375,14.109375,14.109375,8.190425872802734,1300
1997-12-12,14.25,14.25,13.859375,13.859375,8.045303344726562,800
1997-12-15,13.859375,13.859375,13.859375,13.859375,8.045303344726562,0
1997-12-16,14.25,14.5,14.0,14.0,8.126932144165039,12300
1997-12-17,14.5,14.5,14.0,14.5,8.417182922363281,2300
1997-12-18,14.0,14.0,13.75,13.75,7.981810092926025,1100
1997-12-19,13.75,13.75,13.75,13.75,7.981810092926025,200
1997-12-22,14.5,14.5,13.5,14.25,8.272058486938477,1800
1997-12-23,14.25,14.25,14.0,14.25,8.272058486938477,600
1997-12-24,14.25,14.25,14.25,14.25,8.272058486938477,0
1997-12-26,13.5,14.0,13.5,13.5,7.8366851806640625,1100
1997-12-29,14.0,14.0,14.0,14.0,8.126932144165039,300
1997-12-30,14.0,14.0,14.0,14.0,8.126932144165039,0
1997-12-31,14.109375,14.109375,13.859375,13.859375,8.045303344726562,1900
1998-01-02,14.109375,14.359375,14.109375,14.359375,8.335549354553223,1300
1998-01-05,14.359375,14.5,14.359375,14.5,8.417182922363281,1000
1998-01-06,14.359375,14.5,13.75,13.75,7.981810092926025,5900
1998-01-07,13.75,13.75,13.75,13.75,7.981810092926025,100
1998-01-08,13.75,13.75,13.5,13.75,7.981810092926025,800
1998-01-09,13.75,13.75,13.5,13.75,7.981810092926025,1600
1998-01-12,13.5,13.5,13.5,13.5,7.8366851806640625,400
1998-01-13,13.109375,13.359375,12.609375,13.25,7.691563606262207,2400
1998-01-14,13.359375,13.359375,13.359375,13.359375,7.755055904388428,200
1998-01-15,13.0,13.0,12.609375,12.609375,7.3196797370910645,300
1998-01-16,12.75,12.75,12.75,12.75,7.401312828063965,3100
1998-01-20,12.796875,12.859375,12.796875,12.859375,7.464807033538818,2600
1998-01-21,13.0,13.0,13.0,13.0,7.54644250869751,2200
1998-01-22,12.5,13.0,12.5,12.5,7.256191730499268,8200
1998-01-23,12.75,12.75,12.75,12.75,7.401312828063965,200
1998-01-26,12.75,12.75,12.5,12.75,7.401312828063965,800
1998-01-27,12.75,12.75,12.75,12.75,7.401312828063965,500
1998-01-28,12.109375,12.5,12.0,12.0,6.965942859649658,5100
1998-01-29,12.0,12.359375,11.859375,12.0,6.965942859649658,4200
1998-01-30,11.75,12.359375,11.609375,12.0,6.965942859649658,3600
1998-02-02,12.359375,12.359375,12.359375,12.359375,7.174557209014893,600
1998-02-03,11.75,12.359375,11.75,11.75,6.820822238922119,4300
1998-02-04,11.75,11.75,11.75,11.75,6.820822238922119,0
1998-02-05,12.0,12.0,11.609375,11.609375,6.739188194274902,1200
1998-02-06,11.859375,11.859375,11.859375,11.859375,6.884316444396973,500
1998-02-09,11.75,11.75,11.75,11.75,6.820822238922119,1100
1998-02-10,11.609375,11.75,11.25,11.5,6.675698280334473,7500
1998-02-11,11.359375,11.359375,11.359375,11.359375,6.594064235687256,3100
1998-02-12,12.0,12.0,11.25,11.359375,6.594064235687256,3800
1998-02-13,10.359375,11.296875,10.359375,10.359375,6.013569355010986,11000
1998-02-17,11.359375,11.5,10.859375,11.0,6.385447978973389,10500
1998-02-18,11.25,11.5,10.75,11.25,6.530571937561035,7100
1998-02-19,11.0,11.0,11.0,11.0,6.385447978973389,14300
1998-02-20,11.109375,11.25,11.0,11.109375,6.448941707611084,2400
1998-02-23,11.0,11.109375,11.0,11.0,6.385447978973389,3000
1998-02-24,11.0,11.0,10.609375,10.609375,6.158690929412842,5500
1998-02-25,10.859375,11.0,10.859375,10.859375,6.303817272186279,3700
1998-02-26,11.0,11.359375,11.0,11.109375,6.448941707611084,4900
1998-02-27,11.1875,11.25,11.125,11.25,6.530571937561035,5100
1998-03-02,11.125,11.125,11.125,11.125,6.458009719848633,2300
1998-03-03,11.125,11.125,11.125,11.125,6.458009719848633,1000
1998-03-04,11.25,11.25,11.0,11.25,6.530571937561035,3500
1998-03-05,11.25,11.25,10.75,10.75,6.24032735824585,1800
1998-03-06,11.0,11.0,11.0,11.0,6.385447978973389,100
1998-03-09,11.0,11.0,11.0,11.0,6.385447978973389,0
1998-03-10,11.0,11.0,10.875,10.875,6.312887191772461,1200
1998-03-11,11.125,11.125,10.875,11.125,6.458009719848633,3200
1998-03-12,11.125,11.125,11.125,11.125,6.458009719848633,100
1998-03-13,11.125,11.125,10.875,10.875,6.312887191772461,600
1998-03-16,10.75,10.875,10.75,10.75,6.24032735824585,6200
1998-03-17,10.75,10.875,10.75,10.875,6.312887191772461,600
1998-03-18,10.75,10.9375,10.75,10.75,6.24032735824585,700
1998-03-19,10.9375,10.9375,10.875,10.875,6.312887191772461,4500
1998-03-20,10.75,10.9375,10.75,10.75,6.24032735824585,6700
1998-03-23,10.75,10.75,10.75,10.75,6.24032735824585,800
1998-03-24,10.75,10.75,10.375,10.375,6.022637367248535,1100
1998-03-25,10.875,10.875,10.125,10.875,6.312887191772461,900
1998-03-26,10.75,10.75,10.75,10.75,6.24032735824585,200
1998-03-27,10.875,10.875,10.625,10.875,6.312887191772461,5200
1998-03-30,10.875,10.875,10.5,10.875,6.312887191772461,7400
1998-03-31,10.875,10.875,10.875,10.875,6.312887191772461,0
1998-04-01,10.5,10.875,10.375,10.375,6.022637367248535,8000
1998-04-02,10.75,10.75,10.625,10.75,6.24032735824585,5900
1998-04-03,10.75,10.75,10.5,10.75,6.24032735824585,5000
1998-04-06,10.875,11.0,10.625,10.875,6.312887191772461,10800
1998-04-07,10.875,10.875,10.5,10.75,6.24032735824585,3600
1998-04-08,10.625,10.75,10.5625,10.75,6.24032735824585,4100
1998-04-09,10.75,10.75,10.625,10.75,6.24032735824585,2500
1998-04-13,10.75,10.875,10.625,10.75,6.24032735824585,2300
1998-04-14,10.875,10.875,10.5,10.875,6.312887191772461,1000
1998-04-15,10.75,10.875,10.5,10.75,6.24032735824585,4900
1998-04-16,10.75,10.75,10.75,10.75,6.24032735824585,300
1998-04-17,10.75,10.875,10.75,10.75,6.24032735824585,1500
1998-04-20,10.875,10.875,10.75,10.875,6.312887191772461,8400
1998-04-21,11.0,11.0,10.75,11.0,6.385447978973389,5400
1998-04-22,10.75,10.875,10.75,10.75,6.24032735824585,5300
1998-04-23,10.875,10.875,10.875,10.875,6.312887191772461,100
1998-04-24,10.875,10.875,10.75,10.75,6.24032735824585,300
1998-04-27,10.875,10.875,10.75,10.75,6.24032735824585,700
1998-04-28,11.0,11.0,11.0,11.0,6.385447978973389,100
1998-04-29,10.875,10.875,10.875,10.875,6.312887191772461,200
1998-04-30,10.875,10.875,10.875,10.875,6.312887191772461,700
1998-05-01,10.75,10.75,10.625,10.625,6.167764663696289,4600
1998-05-04,10.75,10.75,10.75,10.75,6.24032735824585,900
1998-05-05,10.75,11.0,10.625,10.75,6.24032735824585,1800
1998-05-06,10.75,10.75,10.75,10.75,6.287113666534424,400
1998-05-07,10.875,10.875,10.875,10.875,6.360219955444336,600
1998-05-08,10.625,10.875,10.625,10.875,6.360219955444336,10500
1998-05-11,10.5,10.75,10.5,10.5,6.140901565551758,7300
1998-05-12,10.625,10.625,10.5,10.5,6.140901565551758,4800
1998-05-13,10.5,10.625,10.5,10.5,6.140901565551758,14800
1998-05-14,10.5,10.5,10.5,10.5,6.140901565551758,14300
1998-05-15,10.625,10.625,10.625,10.625,6.214006423950195,5300
1998-05-18,10.5,10.5,10.5,10.5,6.140901565551758,200
1998-05-19,10.5,10.5,10.5,10.5,6.140901565551758,1300
1998-05-20,10.5,10.5,10.5,10.5,6.140901565551758,1200
1998-05-21,10.5,10.5,10.5,10.5,6.140901565551758,1100
1998-05-22,10.625,10.625,10.625,10.625,6.214006423950195,700
1998-05-26,10.375,10.5,10.375,10.5,6.140901565551758,2900
1998-05-27,10.625,10.625,10.375,10.5,6.140901565551758,8900
1998-05-28,10.5,10.625,10.375,10.5,6.140901565551758,2900
1998-05-29,10.375,10.5,10.375,10.5,6.140901565551758,1000
1998-06-01,10.5,10.5,10.5,10.5,6.140901565551758,0
1998-06-02,10.25,10.25,10.25,10.25,5.994689464569092,1100
1998-06-03,10.25,10.25,10.25,10.25,5.994689464569092,0
1998-06-04,10.5,10.5,10.5,10.5,6.140901565551758,1600
1998-06-05,10.625,10.625,10.625,10.625,6.214006423950195,500
1998-06-08,10.625,10.625,10.625,10.625,6.214006423950195,1000
1998-06-09,10.640625,10.875,10.640625,10.875,6.360219955444336,500
1998-06-10,11.0,11.0,11.0,11.0,6.433324813842773,300
1998-06-11,11.0,11.0,10.890625,11.0,6.433324813842773,2300
1998-06-12,11.0,11.0,11.0,11.0,6.433324813842773,100
1998-06-15,11.0,11.0,11.0,11.0,6.433324813842773,0
1998-06-16,10.625,11.0,10.625,10.75,6.287113666534424,800
1998-06-17,11.125,11.25,10.75,11.140625,6.515566349029541,3600
1998-06-18,11.25,11.25,11.0,11.0,6.433324813842773,600
1998-06-19,11.0,11.0,11.0,11.0,6.433324813842773,0
1998-06-22,11.0,11.0,11.0,11.0,6.433324813842773,0
1998-06-23,11.359375,11.5,11.0,11.140625,6.515566349029541,7100
1998-06-24,11.0,11.5,11.0,11.359375,6.643506050109863,2200
1998-06-25,11.359375,11.359375,11.359375,11.359375,6.643506050109863,100
1998-06-26,11.5,11.5,11.5,11.5,6.725747585296631,300
1998-06-29,11.125,11.375,11.125,11.140625,6.515566349029541,500
1998-06-30,11.375,11.375,11.125,11.125,6.506429672241211,900
1998-07-01,11.125,11.125,11.125,11.125,6.506429672241211,0
1998-07-02,11.125,11.125,11.125,11.125,6.506429672241211,0
1998-07-06,11.125,11.375,10.875,11.0,6.433324813842773,900
1998-07-07,11.0,11.0,11.0,11.0,6.433324813842773,0
1998-07-08,11.375,11.375,11.375,11.375,6.652641773223877,200
1998-07-09,11.375,11.375,11.375,11.375,6.652641773223877,0
1998-07-10,11.25,11.25,11.25,11.25,6.57953405380249,1500
1998-07-13,11.25,11.375,11.25,11.3125,6.616088390350342,3000
1998-07-14,11.375,11.375,11.375,11.375,6.652641773223877,1000
1998-07-15,11.5,11.5,11.5,11.5,6.725747585296631,2200
1998-07-16,11.25,11.5,11.25,11.5,6.725747585296631,4000
1998-07-17,11.5,11.5,11.5,11.5,6.725747585296631,300
1998-07-20,11.5,11.5,11.375,11.375,6.652641773223877,2900
1998-07-21,11.25,11.25,9.75,10.5,6.140901565551758,18500
1998-07-22,10.625,10.625,10.5,10.5,6.140901565551758,500
1998-07-23,10.75,10.75,10.75,10.75,6.287113666534424,600
1998-07-24,10.5,10.5,10.5,10.5,6.140901565551758,700
1998-07-27,10.5,10.5,10.25,10.25,5.994689464569092,3400
1998-07-28,10.0,10.5,10.0,10.5,6.140901565551758,8400
1998-07-29,10.5,10.5,10.5,10.5,6.140901565551758,0
1998-07-30,10.25,10.25,10.25,10.25,5.994689464569092,200
1998-07-31,10.375,10.375,10.375,10.375,6.0677947998046875,700
1998-08-03,10.375,10.375,10.375,10.375,6.0677947998046875,0
1998-08-04,10.25,10.25,10.0,10.0,5.848474979400635,2600
1998-08-05,10.0,10.0,10.0,10.0,5.848474979400635,0
1998-08-06,10.5,10.5,10.375,10.375,6.0677947998046875,2000
1998-08-07,10.375,10.375,10.375,10.375,6.0677947998046875,0
1998-08-10,10.25,10.25,9.875,10.0,5.848474979400635,5200
1998-08-11,10.0,10.0,10.0,10.0,5.848474979400635,0
1998-08-12,10.0,10.0,10.0,10.0,5.848474979400635,0
1998-08-13,10.0,10.0,10.0,10.0,5.848474979400635,0
1998-08-14,9.75,9.75,9.75,9.75,5.702267169952393,200
1998-08-17,10.25,10.25,10.25,10.25,5.994689464569092,200
1998-08-18,10.25,10.25,10.25,10.25,5.994689464569092,0
1998-08-19,10.25,10.25,10.0,10.0,5.848474979400635,8000
1998-08-20,10.0,10.0,10.0,10.0,5.848474979400635,0
1998-08-21,9.75,9.75,9.75,9.75,5.702267169952393,300
1998-08-24,9.75,9.75,9.75,9.75,5.702267169952393,2200
1998-08-25,9.75,9.75,9.75,9.75,5.702267169952393,0
1998-08-26,9.5,10.0,9.5,9.75,5.702267169952393,6500
1998-08-27,10.0,10.0,10.0,10.0,5.848474979400635,5000
1998-08-28,10.0,10.0,10.0,10.0,5.848474979400635,0
1998-08-31,10.0,10.0,10.0,10.0,5.848474979400635,0
1998-09-01,9.25,9.5,9.0,9.0,5.263629913330078,4400
1998-09-02,9.875,9.875,9.875,9.875,5.77537202835083,100
1998-09-03,9.875,9.875,9.875,9.875,5.77537202835083,0
1998-09-04,9.875,9.875,9.875,9.875,5.77537202835083,0
1998-09-08,9.0,9.0,8.875,9.0,5.263629913330078,2900
1998-09-09,9.0,9.0,9.0,9.0,5.263629913330078,400
1998-09-10,9.0,9.0,9.0,9.0,5.263629913330078,0
1998-09-11,10.0,10.0,9.75,9.75,5.702267169952393,2000
1998-09-14,9.75,9.75,9.75,9.75,5.702267169952393,0
1998-09-15,8.625,9.875,8.625,9.875,5.77537202835083,500
1998-09-16,9.5,9.5,8.875,8.875,5.190521717071533,600
1998-09-17,8.875,8.875,8.875,8.875,5.190521717071533,0
1998-09-18,9.75,9.75,9.75,9.75,5.702267169952393,800
1998-09-21,9.75,9.75,9.75,9.75,5.702267169952393,100
1998-09-22,9.75,9.75,9.75,9.75,5.702267169952393,0
1998-09-23,9.875,9.875,9.75,9.875,5.77537202835083,1300
1998-09-24,10.25,10.25,9.875,9.875,5.77537202835083,700
1998-09-25,10.0,10.0,10.0,10.0,5.848474979400635,3600
1998-09-28,10.0,10.0,10.0,10.0,5.848474979400635,0
1998-09-29,10.125,10.125,9.0,9.875,5.77537202835083,2900
1998-09-30,9.5,9.5,9.0,9.0,5.263629913330078,2600
1998-10-01,9.0,9.0,9.0,9.0,5.263629913330078,0
1998-10-02,9.0,9.5,9.0,9.5,5.556053161621094,900
1998-10-05,9.0,9.5,9.0,9.5,5.556053161621094,2500
1998-10-06,9.5,9.5,9.5,9.5,5.556053161621094,1000
1998-10-07,8.625,8.625,8.625,8.625,5.044312477111816,500
1998-10-08,8.625,8.625,8.625,8.625,5.044312477111816,0
1998-10-09,8.75,9.0,8.625,8.875,5.190521717071533,4000
1998-10-12,9.0,9.0,9.0,9.0,5.263629913330078,1000
1998-10-13,9.0,9.0,9.0,9.0,5.263629913330078,0
1998-10-14,8.75,8.75,8.5,8.75,5.117419719696045,3500
1998-10-15,8.75,8.75,8.75,8.75,5.117419719696045,400
1998-10-16,8.75,9.0,8.75,9.0,5.263629913330078,2200
1998-10-19,9.0,9.0,9.0,9.0,5.263629913330078,2300
1998-10-20,9.0,9.125,8.875,8.875,5.190521717071533,1500
1998-10-21,8.875,8.875,8.875,8.875,5.190521717071533,0
1998-10-22,8.875,8.875,8.875,8.875,5.190521717071533,800
1998-10-23,8.75,9.25,8.75,9.25,5.4098405838012695,5800
1998-10-26,8.8125,8.8125,8.8125,8.8125,5.153968811035156,600
1998-10-27,8.75,9.25,8.75,9.0,5.263629913330078,3100
1998-10-28,8.875,8.875,8.875,8.875,5.190521717071533,1000
1998-10-29,9.25,9.25,9.25,9.25,5.4098405838012695,1800
1998-10-30,9.25,9.25,9.25,9.25,5.4098405838012695,0
1998-11-02,8.875,8.875,8.875,8.875,5.190521717071533,200
1998-11-03,9.125,9.125,9.125,9.125,5.336735725402832,700
1998-11-04,9.375,9.375,9.125,9.125,5.336735725402832,700
1998-11-05,8.875,9.0,8.875,9.0,5.263629913330078,1200
1998-11-06,8.875,9.5,8.875,9.5,5.556053161621094,2200
1998-11-09,8.875,9.0,8.875,9.0,5.263629913330078,800
1998-11-10,9.1875,9.1875,9.1875,9.1875,5.373288154602051,200
1998-11-11,9.1875,9.1875,9.1875,9.1875,5.373288154602051,0
1998-11-12,8.90625,9.375,8.90625,9.375,5.48294734954834,1200
1998-11-13,8.875,9.0,8.875,9.0,5.263629913330078,1300
1998-11-16,8.875,8.875,8.875,8.875,5.190521717071533,500
1998-11-17,8.875,9.0,8.875,9.0,5.263629913330078,1400
1998-11-18,9.0,9.0,9.0,9.0,5.263629913330078,0
1998-11-19,8.75,8.875,8.75,8.875,5.231208801269531,500
1998-11-20,8.75,8.875,8.75,8.875,5.231208801269531,1100
1998-11-23,8.75,8.75,8.75,8.75,5.157533168792725,1900
1998-11-24,8.875,9.0,8.75,9.0,5.304890155792236,5600
1998-11-25,9.0,9.0,9.0,9.0,5.304890155792236,1000
1998-11-27,9.0,9.0,9.0,9.0,5.304890155792236,0
1998-11-30,9.0,9.0,9.0,9.0,5.304890155792236,0
1998-12-01,8.75,9.125,8.75,9.125,5.378569602966309,500
1998-12-02,9.0,9.0,8.75,8.75,5.157533168792725,1200
1998-12-03,8.75,8.75,8.75,8.75,5.157533168792725,0
1998-12-04,8.75,8.75,8.75,8.75,5.157533168792725,400
1998-12-07,8.75,8.75,8.75,8.75,5.157533168792725,1600
1998-12-08,8.75,8.75,8.75,8.75,5.157533168792725,0
1998-12-09,9.125,9.125,8.75,8.75,5.157533168792725,2000
1998-12-10,8.75,8.75,8.75,8.75,5.157533168792725,6700
1998-12-11,8.625,8.875,8.5,8.875,5.231208801269531,7100
1998-12-14,8.5,8.5,8.5,8.5,5.010173320770264,1100
1998-12-15,8.5,8.75,8.25,8.75,5.157533168792725,4900
1998-12-16,8.75,8.75,8.75,8.75,5.157533168792725,0
1998-12-17,8.0,8.0,8.0,8.0,4.715458393096924,1100
1998-12-18,8.5,8.5,8.5,8.5,5.010173320770264,200
1998-12-21,8.5,8.5,8.5,8.5,5.010173320770264,0
1998-12-22,8.0,8.125,8.0,8.0,4.715458393096924,4600
1998-12-23,8.375,8.375,8.375,8.375,4.936494827270508,200
1998-12-24,8.5,8.5,8.5,8.5,5.010173320770264,5400
1998-12-28,8.0,8.25,8.0,8.25,4.862813472747803,1700
1998-12-29,8.0,8.0,7.875,8.0,4.715458393096924,6500
1998-12-30,7.875,7.875,7.875,7.875,4.641779899597168,4000
1998-12-31,7.875,8.0,7.875,8.0,4.715458393096924,3100
1999-01-04,7.875,8.0,7.875,8.0,4.715458393096924,1500
1999-01-05,8.0,8.0,8.0,8.0,4.715458393096924,0
1999-01-06,8.0,8.0,7.875,7.875,4.641779899597168,1500
1999-01-07,7.875,7.875,7.875,7.875,4.641779899597168,2300
1999-01-08,8.0,8.125,7.9375,8.125,4.789135456085205,4600
1999-01-11,8.125,8.125,8.125,8.125,4.789135456085205,0
1999-01-12,8.0,8.125,7.75,8.0,4.715458393096924,9200
1999-01-13,8.0,8.0,8.0,8.0,4.715458393096924,0
1999-01-14,8.125,8.125,8.125,8.125,4.789135456085205,200
1999-01-15,7.9375,8.0,7.9375,8.0,4.715458393096924,700
1999-01-19,8.0,8.0,8.0,8.0,4.715458393096924,1400
1999-01-20,7.8125,7.8125,7.625,7.625,4.494419574737549,3200
1999-01-21,7.625,7.625,7.625,7.625,4.494419574737549,0
1999-01-22,8.0,8.0,7.625,7.75,4.568100452423096,6000
1999-01-25,7.75,7.75,7.75,7.75,4.568100452423096,0
1999-01-26,7.875,7.875,7.625,7.875,4.641779899597168,3600
1999-01-27,7.625,8.25,7.625,8.125,4.789135456085205,7200
1999-01-28,8.125,8.125,8.125,8.125,4.789135456085205,0
1999-01-29,8.25,8.5,8.0,8.25,4.862813472747803,2100
1999-02-01,8.0,8.0,8.0,8.0,4.715458393096924,300
1999-02-02,8.5,8.5,8.125,8.125,4.789135456085205,1100
1999-02-03,8.125,8.125,8.125,8.125,4.789135456085205,200
1999-02-04,8.125,8.125,8.125,8.125,4.789135456085205,0
1999-02-05,8.125,8.125,8.125,8.125,4.789135456085205,0
1999-02-08,8.125,8.125,8.125,8.125,4.789135456085205,0
1999-02-09,8.125,8.125,8.125,8.125,4.789135456085205,0
1999-02-10,8.625,8.625,8.125,8.125,4.789135456085205,2900
1999-02-11,8.25,8.25,8.25,8.25,4.862813472747803,800
1999-02-12,7.75,7.75,7.75,7.75,4.568100452423096,300
1999-02-16,7.75,7.75,7.75,7.75,4.568100452423096,0
1999-02-17,7.75,7.75,7.75,7.75,4.568100452423096,0
1999-02-18,8.25,8.25,8.0,8.0,4.715458393096924,1300
1999-02-19,8.0,8.0,8.0,8.0,4.715458393096924,0
1999-02-22,8.25,8.75,8.25,8.40625,4.954914093017578,5000
1999-02-23,8.40625,8.40625,8.40625,8.40625,4.954914093017578,0
1999-02-24,8.40625,8.40625,8.40625,8.40625,4.954914093017578,0
1999-02-25,8.40625,8.40625,8.40625,8.40625,4.954914093017578,0
1999-02-26,8.0,8.125,8.0,8.125,4.789135456085205,2600
1999-03-01,8.125,8.125,8.125,8.125,4.789135456085205,600
1999-03-02,8.5,8.875,8.5,8.5,5.010173320770264,3100
1999-03-03,8.5,9.0,8.5,8.625,5.083853244781494,6200
1999-03-04,8.875,8.875,8.875,8.875,5.231208801269531,300
1999-03-05,8.875,8.875,8.875,8.875,5.231208801269531,0
1999-03-08,8.875,9.0,8.75,8.75,5.157533168792725,1100
1999-03-09,9.125,9.125,9.125,9.125,5.378569602966309,100
1999-03-10,9.125,9.125,9.125,9.125,5.378569602966309,1500
1999-03-11,9.0,9.0,8.625,8.625,5.083853244781494,600
1999-03-12,9.5,9.5,8.625,8.625,5.083853244781494,1300
1999-03-15,9.0,9.0,9.0,9.0,5.304890155792236,200
1999-03-16,8.75,8.75,8.75,8.75,5.157533168792725,300
1999-03-17,9.0,9.0,9.0,9.0,5.304890155792236,100
1999-03-18,9.0,9.0,9.0,9.0,5.304890155792236,0
1999-03-19,9.125,9.125,9.125,9.125,5.378569602966309,100
1999-03-22,8.875,8.875,8.875,8.875,5.231208801269531,700
1999-03-23,8.75,9.125,8.75,8.75,5.157533168792725,3200
1999-03-24,8.75,8.875,8.75,8.875,5.231208801269531,1100
1999-03-25,9.0,9.125,8.875,8.875,5.231208801269531,2000
1999-03-26,8.625,9.125,8.625,9.125,5.378569602966309,1700
1999-03-29,9.0,9.0,9.0,9.0,5.304890155792236,700
1999-03-30,9.25,9.25,9.25,9.25,5.452245712280273,200
1999-03-31,9.375,9.375,9.25,9.25,5.452245712280273,600
1999-04-01,9.375,9.375,9.375,9.375,5.52592658996582,1000
1999-04-05,9.5,9.5,9.0,9.0,5.304890155792236,8300
1999-04-06,8.75,9.5,8.75,9.0,5.304890155792236,2400
1999-04-07,9.25,9.25,9.0,9.25,5.452245712280273,3300
1999-04-08,9.25,9.25,8.625,8.625,5.083853244781494,10900
1999-04-09,8.75,9.25,8.75,9.0,5.304890155792236,3300
1999-04-12,9.5,9.5,8.75,9.0,5.304890155792236,1900
1999-04-13,9.5,9.5,8.75,9.0,5.304890155792236,4900
1999-04-14,8.875,9.0,8.875,9.0,5.304890155792236,5600
1999-04-15,9.375,9.375,8.5,9.0,5.304890155792236,8000
1999-04-16,9.375,9.375,9.0,9.0,5.304890155792236,3300
1999-04-19,9.0,9.375,8.75,9.375,5.52592658996582,1500
1999-04-20,8.875,9.125,8.875,9.125,5.378569602966309,700
1999-04-21,8.625,9.125,8.625,9.0,5.304890155792236,1700
1999-04-22,8.625,8.625,8.625,8.625,5.083853244781494,1000
1999-04-23,8.625,8.625,8.625,8.625,5.083853244781494,0
1999-04-26,9.0,9.0,9.0,9.0,5.37973690032959,400
1999-04-27,8.625,9.0,8.5,9.0,5.37973690032959,3300
1999-04-28,9.0,9.0,9.0,9.0,5.37973690032959,100
1999-04-29,8.5,8.625,8.5,8.625,5.155581474304199,600
1999-04-30,8.625,8.625,8.625,8.625,5.155581474304199,0
1999-05-03,8.875,8.875,8.875,8.875,5.305016994476318,600
1999-05-04,8.625,8.75,7.875,8.5,5.0808634757995605,11400
1999-05-05,8.25,8.25,8.25,8.25,4.93142557144165,4600
1999-05-06,8.0,8.0,8.0,8.0,4.781991004943848,100
1999-05-07,8.25,8.25,8.125,8.125,4.856707572937012,700
1999-05-10,8.25,8.25,8.25,8.25,4.93142557144165,700
1999-05-11,8.25,8.25,8.25,8.25,4.93142557144165,200
1999-05-12,8.375,8.375,8.375,8.375,5.00614595413208,1100
1999-05-13,8.625,8.625,8.125,8.25,4.93142557144165,1900
1999-05-14,8.25,8.25,8.0,8.125,4.856707572937012,1100
1999-05-17,8.125,8.125,8.0,8.125,4.856707572937012,1600
1999-05-18,8.0,8.125,8.0,8.125,4.856707572937012,1100
1999-05-19,8.375,8.375,8.375,8.375,5.00614595413208,200
1999-05-20,8.375,8.375,8.25,8.25,4.93142557144165,1200
1999-05-21,8.5,8.5,8.375,8.375,5.00614595413208,1200
1999-05-24,8.5,8.5,8.5,8.5,5.0808634757995605,100
1999-05-25,8.5,8.5,8.25,8.5,5.0808634757995605,2700
1999-05-26,8.5,8.5,8.5,8.5,5.0808634757995605,0
1999-05-27,8.25,8.5,8.25,8.5,5.0808634757995605,3500
1999-05-28,8.25,8.25,8.25,8.25,4.93142557144165,500
1999-06-01,8.25,8.25,8.25,8.25,4.93142557144165,1000
1999-06-02,8.25,8.5,8.25,8.5,5.0808634757995605,5000
1999-06-03,8.5,8.5,8.375,8.375,5.00614595413208,1800
1999-06-04,8.375,8.375,8.375,8.375,5.00614595413208,0
1999-06-07,8.5,8.75,8.5,8.75,5.2303032875061035,1400
1999-06-08,8.75,8.75,8.75,8.75,5.2303032875061035,0
1999-06-09,9.625,9.625,9.625,9.625,5.753332138061523,500
1999-06-10,9.0,9.9375,9.0,9.3125,5.566534519195557,11700
1999-06-11,9.0,9.125,9.0,9.125,5.454456806182861,1800
1999-06-14,9.125,9.3125,9.0,9.3125,5.566534519195557,2600
1999-06-15,9.3125,9.3125,8.875,9.3125,5.566534519195557,800
1999-06-16,9.3125,9.3125,9.3125,9.3125,5.566534519195557,500
1999-06-17,9.375,9.5,9.375,9.5,5.678611755371094,1400
1999-06-18,10.0,10.0,10.0,10.0,5.977485179901123,200
1999-06-21,9.0,9.0,9.0,9.0,5.37973690032959,400
1999-06-22,9.875,9.875,9.6875,9.6875,5.790692329406738,1300
1999-06-23,9.875,9.875,9.0,9.875,5.902768135070801,6900
1999-06-24,10.0,11.0,10.0,11.0,6.575235843658447,3100
1999-06-25,10.75,11.75,10.75,11.25,6.72467041015625,13600
1999-06-28,11.25,11.25,11.1875,11.1875,6.687313079833984,300
1999-06-29,11.0,11.0,11.0,11.0,6.575235843658447,100
1999-06-30,11.125,11.125,10.5,10.5,6.27636194229126,1600
1999-07-01,11.125,11.125,11.125,11.125,6.649953842163086,100
1999-07-02,10.5,11.125,10.5,11.125,6.649953842163086,200
1999-07-06,11.125,11.25,11.0,11.125,6.649953842163086,3000
1999-07-07,11.0625,11.375,11.0625,11.375,6.7993903160095215,1100
1999-07-08,11.375,11.375,11.375,11.375,6.7993903160095215,0
1999-07-09,10.75,11.4375,10.5,11.0,6.575235843658447,4300
1999-07-12,11.375,11.375,11.375,11.375,6.7993903160095215,300
1999-07-13,10.75,11.0,10.75,11.0,6.575235843658447,600
1999-07-14,11.0,11.0625,11.0,11.0625,6.6125969886779785,4500
1999-07-15,11.0625,11.0625,11.0625,11.0625,6.6125969886779785,100
1999-07-16,11.0625,11.0625,11.0625,11.0625,6.6125969886779785,2800
1999-07-19,11.0625,11.0625,11.0625,11.0625,6.6125969886779785,0
1999-07-20,11.0625,11.0625,11.0625,11.0625,6.642620086669922,0
1999-07-21,11.0625,11.0625,11.0625,11.0625,6.642620086669922,700
1999-07-22,11.0,11.0,11.0,11.0,6.605090618133545,800
1999-07-23,10.75,11.0,10.75,11.0,6.605090618133545,1400
1999-07-26,10.9375,11.0,10.6875,11.0,6.605090618133545,6100
1999-07-27,11.0,11.0,11.0,11.0,6.605090618133545,1000
1999-07-28,10.9375,10.9375,10.9375,10.9375,6.567560195922852,2800
1999-07-29,10.9375,10.9375,10.9375,10.9375,6.567560195922852,0
1999-07-30,10.9375,10.9375,10.9375,10.9375,6.567560195922852,0
1999-08-02,10.75,10.75,10.75,10.75,6.4549736976623535,100
1999-08-03,10.75,10.75,10.75,10.75,6.4549736976623535,0
1999-08-04,10.75,10.75,10.75,10.75,6.4549736976623535,0
1999-08-05,10.75,10.75,10.75,10.75,6.4549736976623535,600
1999-08-06,10.75,10.75,10.75,10.75,6.4549736976623535,500
1999-08-09,10.5,10.875,10.5,10.875,6.530033111572266,300
1999-08-10,10.875,10.9375,10.625,10.625,6.379917144775391,1200
1999-08-11,10.625,10.625,10.625,10.625,6.379917144775391,1200
1999-08-12,11.0,11.0,11.0,11.0,6.605090618133545,200
1999-08-13,10.625,10.625,10.625,10.625,6.379917144775391,500
1999-08-16,10.625,10.625,10.625,10.625,6.379917144775391,0
1999-08-17,10.625,11.0,10.5625,10.5625,6.342386722564697,1600
1999-08-18,11.0,11.0,10.9375,11.0,6.605090618133545,1300
1999-08-19,11.0,11.0,11.0,11.0,6.605090618133545,0
1999-08-20,11.0,11.0,11.0,11.0,6.605090618133545,0
1999-08-23,10.625,11.0,10.625,11.0,6.605090618133545,700
1999-08-24,11.0,11.0,10.625,10.625,6.379917144775391,400
1999-08-25,10.5,10.5,10.5,10.5,6.3048601150512695,1800
1999-08-26,10.5,10.875,10.5,10.5,6.3048601150512695,1400
1999-08-27,10.625,10.75,10.625,10.625,6.379917144775391,5100
1999-08-30,10.875,10.875,10.5,10.5,6.3048601150512695,6900
1999-08-31,10.4375,10.4375,10.25,10.25,6.154740333557129,4000
1999-09-01,10.125,10.5,10.125,10.5,6.3048601150512695,300
1999-09-02,10.125,10.125,9.875,9.875,5.929567813873291,2100
1999-09-03,9.75,9.75,9.75,9.75,5.85451078414917,100
1999-09-07,9.75,10.0,9.5,9.75,5.85451078414917,2100
1999-09-08,9.625,9.625,9.625,9.625,5.779454231262207,500
1999-09-09,9.625,9.625,9.625,9.625,5.779454231262207,900
1999-09-10,9.125,9.125,9.125,9.125,5.479222297668457,300
1999-09-13,9.125,9.125,9.125,9.125,5.479222297668457,0
1999-09-14,9.0,9.0,9.0,9.0,5.404162883758545,500
1999-09-15,9.25,9.25,8.875,8.875,5.329103946685791,1800
1999-09-16,8.5,8.875,8.5,8.875,5.329103946685791,400
1999-09-17,8.875,9.0,8.875,9.0,5.404162883758545,3000
1999-09-20,9.0,9.0,9.0,9.0,5.404162883758545,0
1999-09-21,9.0,9.0,9.0,9.0,5.404162883758545,2000
1999-09-22,9.0,9.0,9.0,9.0,5.404162883758545,0
1999-09-23,9.0,9.0,9.0,9.0,5.404162883758545,0
1999-09-24,9.0,9.0,9.0,9.0,5.404162883758545,0
1999-09-27,9.0,9.0,9.0,9.0,5.404162883758545,1000
1999-09-28,9.0,9.0,9.0,9.0,5.404162883758545,0
1999-09-29,9.0,9.0,9.0,9.0,5.404162883758545,0
1999-09-30,8.625,8.625,8.625,8.625,5.178989410400391,3000
1999-10-01,8.5,8.75,8.5,8.75,5.254050254821777,1500
1999-10-04,8.75,8.75,8.75,8.75,5.254050254821777,0
1999-10-05,8.875,8.875,8.875,8.875,5.329103946685791,1900
1999-10-06,8.875,8.875,8.875,8.875,5.329103946685791,0
1999-10-07,8.625,8.625,8.5,8.5,5.103932857513428,3000
1999-10-08,8.5,8.875,8.5,8.5625,5.141461372375488,14000
1999-10-11,8.5,8.5,8.5,8.5,5.103932857513428,2500
1999-10-12,8.5,8.5,8.5,8.5,5.103932857513428,2000
1999-10-13,8.25,8.25,8.0,8.0,4.803700923919678,1400
1999-10-14,8.0,8.0,7.4375,7.875,4.728644371032715,9500
1999-10-15,8.0,8.25,7.875,8.125,4.878756999969482,10000
1999-10-18,8.375,8.375,8.375,8.375,5.028873920440674,600
1999-10-19,8.5,9.1875,8.5,8.875,5.329103946685791,6300
1999-10-20,8.75,8.75,8.75,8.75,5.254050254821777,3100
1999-10-21,8.6875,8.6875,8.6875,8.6875,5.246499061584473,0
1999-10-22,8.875,8.875,8.875,8.875,5.359731674194336,200
1999-10-25,8.875,9.5,8.875,9.5,5.737178802490234,2000
1999-10-26,9.0,9.0,9.0,9.0,5.435222148895264,500
1999-10-27,9.125,9.125,9.125,9.125,5.510712146759033,200
1999-10-28,9.125,9.25,9.125,9.25,5.586199760437012,1300
1999-10-29,9.25,9.25,9.25,9.25,5.586199760437012,0
1999-11-01,9.125,9.125,9.125,9.125,5.510712146759033,1100
1999-11-02,9.75,9.75,9.75,9.75,5.888157844543457,1500
1999-11-03,9.875,9.875,9.875,9.875,5.963646411895752,400
1999-11-04,10.0,10.0,10.0,10.0,6.0391340255737305,2600
1999-11-05,9.625,9.625,9.625,9.625,5.812668800354004,100
1999-11-08,9.625,9.625,9.625,9.625,5.812668800354004,0
1999-11-09,9.5,10.0,9.5,9.625,5.812668800354004,1200
1999-11-10,10.0,10.0,10.0,10.0,6.0391340255737305,1000
1999-11-11,9.25,9.25,9.25,9.25,5.586199760437012,100
1999-11-12,9.25,9.25,9.25,9.25,5.586199760437012,0
1999-11-15,10.0,10.0,10.0,10.0,6.0391340255737305,1000
1999-11-16,10.25,10.25,9.5,9.5,5.737178802490234,1700
1999-11-17,9.75,9.75,9.375,9.375,5.661689758300781,900
1999-11-18,9.375,9.875,9.375,9.875,5.963646411895752,3200
1999-11-19,9.875,9.875,9.875,9.875,5.963646411895752,0
1999-11-22,9.25,9.5,9.25,9.5,5.737178802490234,1100
1999-11-23,9.875,9.875,9.875,9.875,5.963646411895752,500
1999-11-24,9.875,10.0,9.875,10.0,6.0391340255737305,3500
1999-11-26,10.0,10.0,10.0,10.0,6.0391340255737305,0
1999-11-29,9.75,9.875,9.25,9.375,5.661689758300781,3700
1999-11-30,9.375,9.5,9.25,9.25,5.586199760437012,4100
1999-12-01,9.25,9.5,9.25,9.25,5.586199760437012,7900
1999-12-02,9.125,9.125,9.125,9.125,5.510712146759033,800
1999-12-03,9.125,9.125,9.125,9.125,5.510712146759033,200
1999-12-06,9.125,9.125,9.125,9.125,5.510712146759033,0
1999-12-07,9.625,9.75,9.5,9.5,5.737178802490234,1200
1999-12-08,10.25,10.5,10.0,10.0,6.0391340255737305,5200
1999-12-09,10.125,10.375,9.75,9.875,5.963646411895752,13800
1999-12-10,10.125,10.125,10.125,10.125,6.1146240234375,2900
1999-12-13,10.125,10.125,9.5,9.75,5.888157844543457,3900
1999-12-14,9.5,9.5,9.5,9.5,5.737178802490234,1900
1999-12-15,9.5,10.0,9.5,10.0,6.0391340255737305,1400
1999-12-16,9.5,10.0,9.5,9.5,5.737178802490234,6000
1999-12-17,9.5,9.5,9.5,9.5,5.737178802490234,0
1999-12-20,9.5,9.5,9.5,9.5,5.737178802490234,0
1999-12-21,9.75,10.0,9.75,10.0,6.0391340255737305,11500
1999-12-22,10.0,10.0,10.0,10.0,6.0391340255737305,0
1999-12-23,10.0,10.0,9.625,9.625,5.812668800354004,500
1999-12-27,9.75,9.75,9.5,9.5,5.737178802490234,700
1999-12-28,9.5,9.5,9.5,9.5,5.737178802490234,100
1999-12-29,9.625,10.25,9.625,10.25,6.190113067626953,8700
1999-12-30,10.0,10.375,10.0,10.0,6.0391340255737305,4200
1999-12-31,10.0,10.0,9.25,9.25,5.586199760437012,12100
2000-01-03,9.125,9.25,9.0,9.0,5.435222148895264,1500
2000-01-04,9.5,9.5,9.125,9.125,5.510712146759033,3400
2000-01-05,9.375,9.375,9.375,9.375,5.661689758300781,100
2000-01-06,9.375,9.375,9.375,9.375,5.661689758300781,100
2000-01-07,9.375,9.375,9.375,9.375,5.661689758300781,100
2000-01-10,9.375,9.375,9.375,9.375,5.661689758300781,400
2000-01-11,9.375,9.375,9.0,9.0,5.435222148895264,1200
2000-01-12,9.25,9.25,9.25,9.25,5.586199760437012,6100
2000-01-13,9.375,9.375,9.375,9.375,5.661689758300781,400
2000-01-14,9.25,9.25,9.25,9.25,5.586199760437012,2600
2000-01-18,9.25,9.25,9.0,9.0,5.435222148895264,13600
2000-01-19,8.875,9.0,8.5,8.5,5.133266448974609,9500
2000-01-20,8.6875,9.0,8.5,8.5,5.163640975952148,2700
2000-01-21,8.5,9.0,8.5,8.875,5.391446113586426,2400
2000-01-24,8.875,8.875,8.25,8.25,5.01176643371582,1900
2000-01-25,8.25,8.5,8.0625,8.0625,4.897864818572998,5400
2000-01-26,8.125,8.5,8.125,8.125,4.935831069946289,5400
2000-01-27,8.25,8.25,8.0,8.0,4.859896659851074,2100
2000-01-28,8.0625,8.25,8.0,8.0,4.859896659851074,1600
2000-01-31,8.0,8.0,8.0,8.0,4.859896659851074,0
2000-02-01,8.125,8.5,8.125,8.5,5.163640975952148,2600
2000-02-02,8.5,8.5,8.5,8.5,5.163640975952148,400
2000-02-03,8.25,8.375,8.25,8.375,5.087703704833984,2500
2000-02-04,8.375,8.375,8.375,8.375,5.087703704833984,2000
2000-02-07,8.125,8.125,8.125,8.125,4.935831069946289,600
2000-02-08,8.25,8.3125,8.25,8.3125,5.049737453460693,3600
2000-02-09,8.125,8.375,8.125,8.125,4.935831069946289,4400
2000-02-10,8.125,8.125,8.125,8.125,4.935831069946289,0
2000-02-11,8.375,8.5,8.125,8.125,4.935831069946289,14000
2000-02-14,8.5,8.5,8.0625,8.25,5.01176643371582,2200
2000-02-15,8.25,8.25,8.25,8.25,5.01176643371582,400
2000-02-16,8.0625,8.25,8.0625,8.25,5.01176643371582,4500
2000-02-17,8.125,8.125,8.125,8.125,4.935831069946289,500
2000-02-18,8.125,8.3125,8.0,8.0625,4.897864818572998,16400
2000-02-22,8.3125,8.3125,8.0,8.0,4.859896659851074,1400
2000-02-23,8.0625,8.0625,8.0625,8.0625,4.897864818572998,200
2000-02-24,8.0625,8.0625,7.9375,8.0,4.859896659851074,21700
2000-02-25,8.25,8.25,7.8125,8.0,4.859896659851074,2100
2000-02-28,7.875,7.875,7.75,7.75,4.708024024963379,2800
2000-02-29,7.9375,7.9375,7.75,7.75,4.708024024963379,1900
2000-03-01,8.0,8.0,8.0,8.0,4.859896659851074,200
2000-03-02,7.9375,7.9375,7.75,7.75,4.708024024963379,4200
2000-03-03,7.8125,8.0,7.8125,8.0,4.859896659851074,5000
2000-03-06,8.0,8.0,8.0,8.0,4.859896659851074,0
2000-03-07,8.0,8.0,8.0,8.0,4.859896659851074,0
2000-03-08,8.0,8.0,8.0,8.0,4.859896659851074,400
2000-03-09,8.0,8.0,8.0,8.0,4.859896659851074,0
2000-03-10,7.75,7.75,7.75,7.75,4.708024024963379,300
2000-03-13,7.75,7.875,7.625,7.75,4.708024024963379,4900
2000-03-14,7.625,7.625,7.625,7.625,4.632087707519531,300
2000-03-15,7.625,7.875,7.5,7.875,4.783962249755859,1000
2000-03-16,7.875,7.875,7.875,7.875,4.783962249755859,100
2000-03-17,7.875,7.875,7.875,7.875,4.783962249755859,0
2000-03-20,7.875,7.875,7.875,7.875,4.783962249755859,0
2000-03-21,7.75,7.75,7.5,7.5,4.556154251098633,5800
2000-03-22,7.875,7.875,7.875,7.875,4.783962249755859,1000
2000-03-23,7.5,7.5,7.5,7.5,4.556154251098633,3500
2000-03-24,7.875,8.0,7.875,8.0,4.859896659851074,500
2000-03-27,7.9375,7.9375,7.9375,7.9375,4.821927547454834,400
2000-03-28,7.5,7.75,7.5,7.625,4.632087707519531,8600
2000-03-29,7.625,7.625,7.625,7.625,4.632087707519531,0
2000-03-30,7.625,7.625,7.625,7.625,4.632087707519531,0
2000-03-31,7.5,7.75,7.5,7.75,4.708024024963379,2300
2000-04-03,7.5,7.5,7.5,7.5,4.556154251098633,100
2000-04-04,7.75,7.75,7.5,7.5,4.556154251098633,700
2000-04-05,7.5,7.5,7.5,7.5,4.556154251098633,800
2000-04-06,7.5,7.5,7.5,7.5,4.556154251098633,1700
2000-04-07,7.75,7.75,7.5,7.5,4.556154251098633,2000
2000-04-10,7.625,7.625,7.625,7.625,4.632087707519531,1100
2000-04-11,7.625,7.625,7.5,7.5,4.556154251098633,8600
2000-04-12,7.4375,7.4375,7.1875,7.4375,4.518185615539551,500
2000-04-13,7.4375,7.4375,7.4375,7.4375,4.518185615539551,0
2000-04-14,7.4375,7.4375,7.4375,7.4375,4.518185615539551,0
2000-04-17,7.625,7.625,7.125,7.125,4.328347206115723,1400
2000-04-18,7.125,7.125,7.125,7.125,4.328347206115723,0
2000-04-19,7.75,7.75,7.25,7.625,4.632087707519531,8700
2000-04-20,7.625,7.75,7.625,7.75,4.708024024963379,1200
2000-04-24,7.75,7.75,7.75,7.75,4.708024024963379,400
2000-04-25,7.75,7.875,7.75,7.75,4.738595485687256,1400
2000-04-26,7.75,7.75,7.75,7.75,4.738595485687256,0
2000-04-27,7.5625,7.75,7.5,7.75,4.738595485687256,900
2000-04-28,7.875,7.875,7.625,7.625,4.662166118621826,600
2000-05-01,7.75,7.75,7.75,7.75,4.738595485687256,100
2000-05-02,7.5,7.5,7.5,7.5,4.585739612579346,2000
2000-05-03,7.75,7.75,7.75,7.75,4.738595485687256,200
2000-05-04,7.4375,7.75,7.4375,7.75,4.738595485687256,600
2000-05-05,7.75,7.75,7.75,7.75,4.738595485687256,700
2000-05-08,7.75,7.75,7.625,7.625,4.662166118621826,2300
2000-05-09,7.75,7.75,7.75,7.75,4.738595485687256,100
2000-05-10,7.625,7.75,7.5,7.75,4.738595485687256,2400
2000-05-11,7.875,7.875,7.5,7.75,4.738595485687256,900
2000-05-12,7.75,7.75,7.75,7.75,4.738595485687256,0
2000-05-15,7.75,7.75,7.75,7.75,4.738595485687256,0
2000-05-16,7.75,7.75,7.75,7.75,4.738595485687256,0
2000-05-17,7.75,7.75,7.75,7.75,4.738595485687256,0
2000-05-18,7.875,7.875,7.75,7.75,4.738595485687256,300
2000-05-19,7.875,7.875,7.5625,7.5625,4.623952865600586,6800
2000-05-22,7.8125,7.8125,7.5625,7.75,4.738595485687256,1100
2000-05-23,7.75,7.75,7.625,7.625,4.662166118621826,2000
2000-05-24,7.5,7.5,7.5,7.5,4.585739612579346,8400
2000-05-25,7.625,7.625,7.625,7.625,4.662166118621826,5000
2000-05-26,7.625,7.625,7.5,7.5,4.585739612579346,2700
2000-05-30,7.625,8.0,7.5,7.5,4.585739612579346,2500
2000-05-31,8.0,8.0,8.0,8.0,4.891454219818115,800
2000-06-01,8.0,8.125,8.0,8.0,4.891454219818115,2500
2000-06-02,8.0,8.25,8.0,8.25,5.044310569763184,800
2000-06-05,8.25,8.25,8.25,8.25,5.044310569763184,0
2000-06-06,8.25,8.25,8.25,8.25,5.044310569763184,0
2000-06-07,8.25,8.25,8.25,8.25,5.044310569763184,0
2000-06-08,8.125,8.125,8.0,8.0,4.891454219818115,500
2000-06-09,7.625,7.625,7.625,7.625,4.662166118621826,900
2000-06-12,8.0,8.0,7.625,7.625,4.662166118621826,1000
2000-06-13,8.0,8.0,7.8125,7.8125,4.776810169219971,600
2000-06-14,7.8125,7.8125,7.8125,7.8125,4.776810169219971,200
2000-06-15,8.0,8.0,8.0,8.0,4.891454219818115,2100
2000-06-16,8.0,8.0,8.0,8.0,4.891454219818115,1400
2000-06-19,8.0,8.0,8.0,8.0,4.891454219818115,400
2000-06-20,7.8125,7.8125,7.8125,7.8125,4.776810169219971,200
2000-06-21,8.0,8.0,8.0,8.0,4.891454219818115,4500
2000-06-22,8.0,8.0,8.0,8.0,4.891454219818115,0
2000-06-23,7.8125,7.8125,7.75,7.75,4.738595485687256,5000
2000-06-26,7.75,7.75,7.75,7.75,4.738595485687256,2400
2000-06-27,7.75,7.75,7.75,7.75,4.738595485687256,0
2000-06-28,7.875,7.875,7.875,7.875,4.815026760101318,1500
2000-06-29,7.75,7.75,7.75,7.75,4.738595485687256,800
2000-06-30,7.75,7.75,7.75,7.75,4.738595485687256,1000
2000-07-03,7.75,7.75,7.75,7.75,4.738595485687256,0
2000-07-05,7.75,7.75,7.625,7.625,4.662166118621826,6000
2000-07-06,7.625,7.875,7.625,7.625,4.662166118621826,2200
2000-07-07,7.625,7.625,7.625,7.625,4.662166118621826,0
2000-07-10,7.75,7.75,7.75,7.75,4.738595485687256,1000
2000-07-11,7.75,7.75,7.75,7.75,4.738595485687256,0
2000-07-12,7.75,7.75,7.75,7.75,4.738595485687256,0
2000-07-13,7.5625,7.5625,7.5625,7.5625,4.623952865600586,200
2000-07-14,7.625,7.78125,7.5,7.625,4.662166118621826,1500
2000-07-17,7.53125,7.8125,7.53125,7.8125,4.776810169219971,200
2000-07-18,7.375,7.375,7.375,7.375,4.509308815002441,200
2000-07-19,7.5,7.5,7.5,7.5,4.585739612579346,600
2000-07-20,7.5,7.5,7.5,7.5,4.585739612579346,300
2000-07-21,7.5,7.5,7.5,7.5,4.585739612579346,0
2000-07-24,7.875,7.875,7.875,7.875,4.815026760101318,200
2000-07-25,7.375,7.375,7.375,7.375,4.509308815002441,2400
2000-07-26,7.5,7.5,7.5,7.5,4.585739612579346,500
2000-07-27,7.375,7.375,7.375,7.375,4.509308815002441,1800
2000-07-28,7.375,7.375,7.25,7.25,4.432880878448486,4500
2000-07-31,7.625,7.875,7.625,7.875,4.815026760101318,1500
2000-08-01,7.375,7.375,6.9375,6.9375,4.24180793762207,4300
2000-08-02,6.9375,7.0,6.9375,7.0,4.280022144317627,2100
2000-08-03,7.0,7.0,7.0,7.0,4.280022144317627,0
2000-08-04,6.875,6.875,6.875,6.875,4.203593730926514,2000
2000-08-07,7.0,7.0,7.0,7.0,4.280022144317627,6400
2000-08-08,7.0,7.0,7.0,7.0,4.280022144317627,0
2000-08-09,7.0,7.0,7.0,7.0,4.280022144317627,400
2000-08-10,7.0,7.0,7.0,7.0,4.280022144317627,2600
2000-08-11,7.125,7.125,7.125,7.125,4.3564534187316895,1300
2000-08-14,6.875,7.5,6.875,7.5,4.624684810638428,600
2000-08-15,7.375,7.375,7.375,7.375,4.547604084014893,100
2000-08-16,7.375,7.375,7.375,7.375,4.547604084014893,0
2000-08-17,7.5,7.5,7.5,7.5,4.624684810638428,200
2000-08-18,7.25,7.25,7.25,7.25,4.470527648925781,500
2000-08-21,7.25,7.5,7.25,7.5,4.624684810638428,600
2000-08-22,7.5,7.5,7.5,7.5,4.624684810638428,0
2000-08-23,7.5,7.5,7.5,7.5,4.624684810638428,0
2000-08-24,7.375,7.375,7.25,7.25,4.470527648925781,3100
2000-08-25,7.25,7.25,7.25,7.25,4.470527648925781,0
2000-08-28,7.25,7.25,7.125,7.125,4.3934502601623535,700
2000-08-29,7.1875,7.1875,7.1875,7.1875,4.431987285614014,2400
2000-08-30,7.1875,7.1875,7.1875,7.1875,4.431987285614014,0
2000-08-31,7.1875,7.1875,7.1875,7.1875,4.431987285614014,0
2000-09-01,7.15625,7.15625,5.6875,5.6875,3.5070512294769287,13800
2000-09-05,6.5,8.0,6.5,7.75,4.778838634490967,8200
2000-09-06,7.75,7.75,7.75,7.75,4.778838634490967,0
2000-09-07,7.5,7.5,7.5,7.5,4.624684810638428,1400
2000-09-08,7.5,7.5,7.5,7.5,4.624684810638428,0
2000-09-11,7.625,7.625,6.875,7.0,4.316370010375977,3200
2000-09-12,7.25,7.25,7.125,7.125,4.3934502601623535,200
2000-09-13,7.0,7.0,6.875,6.875,4.239292621612549,600
2000-09-14,7.0,7.0,7.0,7.0,4.316370010375977,3000
2000-09-15,7.0,7.0,7.0,7.0,4.316370010375977,800
2000-09-18,6.875,7.0,6.875,7.0,4.316370010375977,300
2000-09-19,6.875,6.875,6.875,6.875,4.239292621612549,200
2000-09-20,6.875,6.875,6.875,6.875,4.239292621612549,800
2000-09-21,7.375,7.375,7.375,7.375,4.547604084014893,1500
2000-09-22,7.0,7.0,6.75,6.75,4.162215709686279,1500
2000-09-25,6.75,6.75,6.75,6.75,4.162215709686279,0
2000-09-26,6.75,6.75,6.75,6.75,4.162215709686279,0
2000-09-27,6.75,6.75,6.75,6.75,4.162215709686279,0
2000-09-28,6.875,6.875,6.875,6.875,4.239292621612549,400
2000-09-29,7.0,7.125,6.625,6.625,4.085136413574219,2900
2000-10-02,7.0,7.0,7.0,7.0,4.316370010375977,400
2000-10-03,7.5,7.5,7.0,7.5,4.624684810638428,3300
2000-10-04,6.625,7.5,6.625,7.5,4.624684810638428,1200
2000-10-05,7.5,7.5,7.5,7.5,4.624684810638428,0
2000-10-06,6.75,6.75,6.75,6.75,4.162215709686279,500
2000-10-09,6.75,6.75,6.75,6.75,4.162215709686279,0
2000-10-10,6.625,6.75,6.625,6.75,4.162215709686279,900
2000-10-11,6.5,6.75,6.5,6.75,4.162215709686279,400
2000-10-12,6.5,6.5,6.5,6.5,4.008059024810791,800
2000-10-13,6.5,6.5,6.5,6.5,4.008059024810791,300
2000-10-16,6.5,6.5,6.5,6.5,4.008059024810791,0
2000-10-17,6.5625,6.5625,6.53125,6.53125,4.0273284912109375,1000
2000-10-18,6.5625,6.5625,6.5,6.5,4.008059024810791,2100
2000-10-19,6.5625,6.5625,6.5625,6.5625,4.046599388122559,100
2000-10-20,6.3125,6.3125,6.25,6.25,3.853900909423828,5300
2000-10-23,6.25,6.25,6.25,6.25,3.853900909423828,1600
2000-10-24,6.1875,6.1875,6.1875,6.1875,3.8523454666137695,0
2000-10-25,6.25,6.25,6.0625,6.0625,3.7745203971862793,6000
2000-10-26,6.25,6.25,6.0625,6.1875,3.8523454666137695,1500
2000-10-27,6.1875,6.1875,6.1875,6.1875,3.8523454666137695,0
2000-10-30,6.1875,6.1875,6.1875,6.1875,3.8523454666137695,0
2000-10-31,6.125,6.125,6.03125,6.03125,3.7550644874572754,1400
2000-11-01,6.03125,6.0625,6.03125,6.0625,3.7745203971862793,1400
2000-11-02,6.0625,6.0625,6.0625,6.0625,3.7745203971862793,200
2000-11-03,6.1875,6.1875,6.1875,6.1875,3.8523454666137695,200
2000-11-06,6.1875,6.25,6.1875,6.25,3.89125919342041,1400
2000-11-07,6.25,6.25,6.25,6.25,3.89125919342041,0
2000-11-08,6.0,6.0,6.0,6.0,3.735607862472534,3000
2000-11-09,6.1875,6.1875,6.1875,6.1875,3.8523454666137695,100
2000-11-10,6.0,6.0625,6.0,6.0625,3.7745203971862793,900
2000-11-13,6.25,6.25,6.1875,6.1875,3.8523454666137695,1400
2000-11-14,6.1875,6.25,6.0,6.25,3.89125919342041,13100
2000-11-15,6.875,6.875,6.0,6.0,3.735607862472534,2100
2000-11-16,6.0,6.0,6.0,6.0,3.735607862472534,0
2000-11-17,6.0,6.0,6.0,6.0,3.735607862472534,0
2000-11-20,6.0,6.0,6.0,6.0,3.735607862472534,0
2000-11-21,6.875,6.875,6.875,6.875,4.280384063720703,200
2000-11-22,6.25,6.25,6.25,6.25,3.89125919342041,400
2000-11-24,6.25,6.25,6.25,6.25,3.89125919342041,0
2000-11-27,6.875,6.875,6.5,6.5,4.046909809112549,900
2000-11-28,6.5,6.5,6.5,6.5,4.046909809112549,700
2000-11-29,6.5,6.5,6.0,6.0,3.735607862472534,4300
2000-11-30,6.0,6.5,5.75,6.5,4.046909809112549,5000
2000-12-01,6.25,6.25,6.25,6.25,3.89125919342041,2000
2000-12-04,5.75,6.0,5.75,6.0,3.735607862472534,2300
2000-12-05,6.0,6.0,6.0,6.0,3.735607862472534,2700
2000-12-06,5.875,6.5,5.875,6.0,3.735607862472534,5100
2000-12-07,6.0,6.5,6.0,6.0,3.735607862472534,2500
2000-12-08,6.25,6.25,6.0,6.0,3.735607862472534,1100
2000-12-11,6.25,6.75,6.25,6.5,4.046909809112549,6400
2000-12-12,6.25,6.375,6.25,6.375,3.969083070755005,2300
2000-12-13,6.25,6.25,6.25,6.25,3.89125919342041,1200
2000-12-14,6.25,6.25,6.25,6.25,3.89125919342041,0
2000-12-15,6.375,6.375,6.375,6.375,3.969083070755005,200
2000-12-18,6.5,6.75,6.5,6.75,4.202560901641846,2400
2000-12-19,6.75,6.75,6.75,6.75,4.202560901641846,0
2000-12-20,6.75,6.75,6.75,6.75,4.202560901641846,0
2000-12-21,6.25,6.25,6.25,6.25,3.89125919342041,3500
2000-12-22,6.5,6.75,6.5,6.5,4.046909809112549,7600
2000-12-26,6.625,6.8125,6.625,6.8125,4.241473197937012,4700
2000-12-27,6.5,6.875,6.5,6.875,4.280384063720703,2100
2000-12-28,6.875,7.0,6.75,6.75,4.202560901641846,11700
2000-12-29,6.9375,7.1875,6.9375,6.9375,4.319295406341553,17800
2001-01-02,6.9375,6.9375,6.9375,6.9375,4.319295406341553,0
2001-01-03,6.9375,6.9375,6.9375,6.9375,4.319295406341553,0
2001-01-04,6.9375,6.9375,6.9375,6.9375,4.319295406341553,0
2001-01-05,7.125,7.25,7.125,7.25,4.513861179351807,1500
2001-01-08,7.5,7.5,7.1875,7.375,4.591684341430664,6200
2001-01-09,7.375,7.375,7.375,7.375,4.591684341430664,0
2001-01-10,7.75,7.75,7.75,7.75,4.825160980224609,800
2001-01-11,7.875,7.9375,7.875,7.9375,4.941897869110107,2200
2001-01-12,7.9375,8.0,7.9375,8.0,4.98081111907959,2700
2001-01-16,8.0,8.0,8.0,8.0,4.98081111907959,0
2001-01-17,7.875,8.125,7.5,8.125,5.058636665344238,8300
2001-01-18,8.0625,8.0625,8.0625,8.0625,5.057068347930908,0
2001-01-19,8.0625,8.0625,8.0625,8.0625,5.057068347930908,0
2001-01-22,8.0625,8.0625,8.0625,8.0625,5.057068347930908,0
2001-01-23,8.0625,8.0625,8.0625,8.0625,5.057068347930908,0
2001-01-24,7.9375,8.0,7.9375,8.0,5.01786470413208,2300
2001-01-25,7.9375,7.9375,7.9375,7.9375,4.978663921356201,1200
2001-01-26,7.875,7.875,7.375,7.375,4.625845432281494,6000
2001-01-29,7.625,7.9375,7.625,7.9375,4.978663921356201,1300
2001-01-30,7.5,7.5,7.5,7.5,4.704249382019043,400
2001-01-31,7.5,7.5,7.5,7.5,4.704249382019043,4200
2001-02-01,7.5,7.5,7.5,7.5,4.704249382019043,1000
2001-02-02,7.5,7.5,7.5,7.5,4.704249382019043,1000
2001-02-05,7.5,7.5,7.25,7.25,4.547441005706787,2900
2001-02-06,7.25,7.25,7.0625,7.0625,4.42983341217041,2500
2001-02-07,7.0625,7.0625,7.0625,7.0625,4.42983341217041,0
2001-02-08,7.0,7.0,7.0,7.0,4.390633583068848,1700
2001-02-09,7.0,7.0,7.0,7.0,4.390633583068848,0
2001-02-12,7.3125,7.3125,6.875,7.0625,4.42983341217041,10600
2001-02-13,7.0625,7.0625,7.0625,7.0625,4.42983341217041,0
2001-02-14,7.25,7.4375,7.25,7.4375,4.6650471687316895,2000
2001-02-15,7.4375,7.4375,7.4375,7.4375,4.6650471687316895,0
2001-02-16,7.4375,7.4375,7.4375,7.4375,4.6650471687316895,0
2001-02-20,7.4375,7.4375,7.4375,7.4375,4.6650471687316895,0
2001-02-21,7.4375,7.4375,7.4375,7.4375,4.6650471687316895,3500
2001-02-22,7.25,7.25,7.25,7.25,4.547441005706787,2000
2001-02-23,6.875,6.875,6.875,6.875,4.31222677230835,300
2001-02-26,6.875,6.875,6.875,6.875,4.31222677230835,0
2001-02-27,6.9375,6.9375,6.9375,6.9375,4.351430416107178,1400
2001-02-28,7.0,7.0,7.0,7.0,4.390633583068848,9200
2001-03-01,7.0,7.0,7.0,7.0,4.390633583068848,0
2001-03-02,6.9375,6.9375,6.9375,6.9375,4.351430416107178,400
2001-03-05,6.9375,6.9375,6.9375,6.9375,4.351430416107178,0
2001-03-06,7.4375,7.4375,6.9375,6.9375,4.351430416107178,200
2001-03-07,6.9375,6.9375,6.9375,6.9375,4.351430416107178,0
2001-03-08,6.8125,6.8125,6.75,6.75,4.233826160430908,1800
2001-03-09,7.0,7.0,7.0,7.0,4.390633583068848,1000
2001-03-12,7.0,7.0,7.0,7.0,4.390633583068848,0
2001-03-13,7.0,7.0,7.0,7.0,4.390633583068848,2000
2001-03-14,7.0,7.0,7.0,7.0,4.390633583068848,0
2001-03-15,7.0,7.0,7.0,7.0,4.390633583068848,0
2001-03-16,7.0,7.0,7.0,7.0,4.390633583068848,0
2001-03-19,6.75,6.75,6.75,6.75,4.233826160430908,1400
2001-03-20,6.75,6.75,6.75,6.75,4.233826160430908,800
2001-03-21,6.75,6.75,6.75,6.75,4.233826160430908,500
2001-03-22,6.5,6.5,6.5,6.5,4.077015399932861,5500
2001-03-23,6.5,6.5,6.5,6.5,4.077015399932861,0
2001-03-26,6.5,6.5,6.5,6.5,4.077015399932861,0
2001-03-27,6.25,6.25,6.25,6.25,3.920206308364868,100
2001-03-28,6.5,6.5,6.5,6.5,4.077015399932861,2000
2001-03-29,6.625,6.625,6.625,6.625,4.155420780181885,1200
2001-03-30,6.75,7.0,6.75,7.0,4.390633583068848,4000
2001-04-02,7.0,7.0,7.0,7.0,4.390633583068848,0
2001-04-03,7.0,7.1875,7.0,7.125,4.469037055969238,1400
2001-04-04,6.375,7.1875,6.3125,7.1875,4.50823974609375,43600
2001-04-05,7.1875,7.1875,7.1875,7.1875,4.50823974609375,0
2001-04-06,7.25,7.25,7.25,7.25,4.547441005706787,500
2001-04-09,7.25,7.25,7.25,7.25,4.547441005706787,0
2001-04-10,7.25,7.300000190734863,6.75,6.75,4.233826160430908,800
2001-04-11,6.75,6.75,6.75,6.75,4.233826160430908,500
2001-04-12,6.75,6.75,6.75,6.75,4.233826160430908,0
2001-04-16,6.75,6.75,6.75,6.75,4.233826160430908,0
2001-04-17,6.75,6.75,6.75,6.75,4.233826160430908,0
2001-04-18,6.900000095367432,6.900000095367432,6.75,6.75,4.233826160430908,1600
2001-04-19,6.75,6.75,6.75,6.75,4.233826160430908,0
2001-04-20,6.75,6.75,6.75,6.75,4.259064197540283,0
2001-04-23,6.949999809265137,6.949999809265137,6.75,6.75,4.259064197540283,1200
2001-04-24,6.75,6.75,6.75,6.75,4.259064197540283,0
2001-04-25,6.5,6.5,6.5,6.5,4.101318836212158,500
2001-04-26,6.5,6.5,6.5,6.5,4.101318836212158,500
2001-04-27,6.400000095367432,6.400000095367432,6.400000095367432,6.400000095367432,4.038225173950195,2300
2001-04-30,6.949999809265137,6.949999809265137,6.650000095367432,6.650000095367432,4.195965766906738,200
2001-05-01,6.650000095367432,6.650000095367432,6.650000095367432,6.650000095367432,4.195965766906738,0
2001-05-02,6.400000095367432,6.400000095367432,6.400000095367432,6.400000095367432,4.038225173950195,500
2001-05-03,6.400000095367432,6.400000095367432,6.400000095367432,6.400000095367432,4.038225173950195,0
2001-05-04,6.400000095367432,6.400000095367432,6.400000095367432,6.400000095367432,4.038225173950195,0
2001-05-07,6.449999809265137,6.449999809265137,6.449999809265137,6.449999809265137,4.069770336151123,1600
2001-05-08,6.449999809265137,6.449999809265137,6.449999809265137,6.449999809265137,4.069770336151123,0
2001-05-09,6.800000190734863,6.949999809265137,6.75,6.75,4.259064197540283,3400
2001-05-10,6.449999809265137,6.599999904632568,6.449999809265137,6.559999942779541,4.139176845550537,7500
2001-05-11,6.650000095367432,6.650000095367432,6.650000095367432,6.650000095367432,4.195965766906738,100
2001-05-14,6.650000095367432,6.650000095367432,6.650000095367432,6.650000095367432,4.195965766906738,0
2001-05-15,7.0,7.0,7.0,7.0,4.416808128356934,200
2001-05-16,7.0,7.0,7.0,7.0,4.416808128356934,0
2001-05-17,6.75,6.75,6.650000095367432,6.650000095367432,4.195965766906738,2500
2001-05-18,7.0,7.0,7.0,7.0,4.416808128356934,2100
2001-05-21,6.75,6.75,6.650000095367432,6.650000095367432,4.195965766906738,2400
2001-05-22,6.75,6.75,6.650000095367432,6.650000095367432,4.195965766906738,1400
2001-05-23,6.75,6.75,6.75,6.75,4.259064197540283,100
2001-05-24,6.75,6.75,6.75,6.75,4.259064197540283,200
2001-05-25,6.329999923706055,7.0,6.329999923706055,6.75,4.259064197540283,9000
2001-05-29,6.329999923706055,6.329999923706055,6.329999923706055,6.329999923706055,3.9940547943115234,100
2001-05-30,6.329999923706055,6.329999923706055,6.329999923706055,6.329999923706055,3.9940547943115234,0
2001-05-31,6.329999923706055,6.75,6.329999923706055,6.75,4.259064197540283,300
2001-06-01,6.75,6.75,6.329999923706055,6.349999904632568,4.006673812866211,1400
2001-06-04,6.349999904632568,6.380000114440918,6.349999904632568,6.380000114440918,4.025603771209717,500
2001-06-05,6.400000095367432,6.400000095367432,6.400000095367432,6.400000095367432,4.038225173950195,500
2001-06-06,6.75,6.75,6.25,6.25,3.9435763359069824,1100
2001-06-07,6.25,6.699999809265137,6.25,6.400000095367432,4.038225173950195,1300
2001-06-08,6.699999809265137,6.699999809265137,6.699999809265137,6.699999809265137,4.22751522064209,100
2001-06-11,6.699999809265137,6.699999809265137,6.699999809265137,6.699999809265137,4.22751522064209,0
2001-06-12,6.25,6.25,6.25,6.25,3.9435763359069824,500
2001-06-13,6.25,6.25,6.25,6.25,3.9435763359069824,0
2001-06-14,6.25,6.25,6.25,6.25,3.9435763359069824,0
2001-06-15,6.25,6.25,6.25,6.25,3.9435763359069824,0
2001-06-18,6.25,6.25,6.25,6.25,3.9435763359069824,0
2001-06-19,6.25,6.25,6.25,6.25,3.9435763359069824,0
2001-06-20,6.75,6.75,6.75,6.75,4.259064197540283,700
2001-06-21,6.75,6.75,6.75,6.75,4.259064197540283,0
2001-06-22,6.75,6.75,6.75,6.75,4.259064197540283,0
2001-06-25,6.75,6.75,6.75,6.75,4.259064197540283,0
2001-06-26,6.730000019073486,6.730000019073486,6.730000019073486,6.730000019073486,4.24644660949707,400
2001-06-27,6.730000019073486,6.730000019073486,6.730000019073486,6.730000019073486,4.24644660949707,0
2001-06-28,6.75,6.75,6.75,6.75,4.259064197540283,10500
2001-06-29,6.75,6.75,6.0,6.349999904632568,4.006673812866211,24900
2001-07-02,6.75,6.75,6.650000095367432,6.650000095367432,4.195965766906738,5300
2001-07-03,6.650000095367432,6.650000095367432,6.650000095367432,6.650000095367432,4.195965766906738,2500
2001-07-05,6.650000095367432,6.650000095367432,6.650000095367432,6.650000095367432,4.195965766906738,2000
2001-07-06,6.650000095367432,6.650000095367432,6.650000095367432,6.650000095367432,4.195965766906738,2200
2001-07-09,6.400000095367432,6.650000095367432,6.400000095367432,6.650000095367432,4.195965766906738,7200
2001-07-10,6.300000190734863,6.699999809265137,6.300000190734863,6.300000190734863,3.975126266479492,7000
2001-07-11,6.300000190734863,6.300000190734863,6.300000190734863,6.300000190734863,3.975126266479492,100
2001-07-12,6.300000190734863,6.300000190734863,6.300000190734863,6.300000190734863,3.975126266479492,0
2001-07-13,6.300000190734863,6.650000095367432,6.300000190734863,6.650000095367432,4.195965766906738,7200
2001-07-16,6.650000095367432,6.650000095367432,6.650000095367432,6.650000095367432,4.195965766906738,0
2001-07-17,6.75,6.75,6.5,6.5,4.101318836212158,200
2001-07-18,6.5,6.5,6.309999942779541,6.309999942779541,3.9814350605010986,1000
2001-07-19,6.75,6.75,6.75,6.75,4.259064197540283,600
2001-07-20,6.75,6.75,6.75,6.75,4.284453392028809,0
2001-07-23,6.409999847412109,6.409999847412109,6.349999904632568,6.349999904632568,4.030559062957764,20000
2001-07-24,6.699999809265137,6.699999809265137,6.409999847412109,6.409999847412109,4.068642616271973,2900
2001-07-25,6.409999847412109,6.409999847412109,6.409999847412109,6.409999847412109,4.068642616271973,2400
2001-07-26,6.699999809265137,6.699999809265137,6.699999809265137,6.699999809265137,4.252716064453125,400
2001-07-27,6.349999904632568,6.349999904632568,6.349999904632568,6.349999904632568,4.030559062957764,100
2001-07-30,6.5,6.5,6.5,6.5,4.125768184661865,600
2001-07-31,6.300000190734863,6.5,6.300000190734863,6.5,4.125768184661865,5300
2001-08-01,6.409999847412109,6.5,6.409999847412109,6.5,4.125768184661865,2200
2001-08-02,6.550000190734863,6.550000190734863,6.5,6.5,4.125768184661865,11600
2001-08-03,6.0,6.409999847412109,6.0,6.099999904632568,3.871875286102295,7100
2001-08-06,6.619999885559082,6.75,6.619999885559082,6.630000114440918,4.208286762237549,11700
2001-08-07,6.050000190734863,6.050000190734863,6.050000190734863,6.050000190734863,3.8401381969451904,100
2001-08-08,6.050000190734863,6.050000190734863,6.050000190734863,6.050000190734863,3.8401381969451904,0
2001-08-09,6.050000190734863,6.050000190734863,6.050000190734863,6.050000190734863,3.8401381969451904,0
2001-08-10,6.050000190734863,6.050000190734863,6.050000190734863,6.050000190734863,3.8401381969451904,0
2001-08-13,6.75,7.25,6.5,6.75,4.284453392028809,3000
2001-08-14,6.5,6.5,6.5,6.5,4.125768184661865,100
2001-08-15,6.699999809265137,6.699999809265137,6.699999809265137,6.699999809265137,4.252716064453125,2000
2001-08-16,6.699999809265137,6.699999809265137,6.699999809265137,6.699999809265137,4.252716064453125,0
2001-08-17,6.679999828338623,6.679999828338623,6.679999828338623,6.679999828338623,4.240021705627441,200
2001-08-20,6.679999828338623,6.679999828338623,6.679999828338623,6.679999828338623,4.240021705627441,0
2001-08-21,6.849999904632568,6.849999904632568,6.849999904632568,6.849999904632568,4.347926139831543,100
2001-08-22,6.849999904632568,6.849999904632568,6.849999904632568,6.849999904632568,4.347926139831543,0
2001-08-23,6.849999904632568,6.849999904632568,6.849999904632568,6.849999904632568,4.347926139831543,0
2001-08-24,6.5,6.5,6.199999809265137,6.5,4.125768184661865,1800
2001-08-27,6.849999904632568,6.849999904632568,6.849999904632568,6.849999904632568,4.347926139831543,400
2001-08-28,6.849999904632568,6.849999904632568,6.849999904632568,6.849999904632568,4.347926139831543,0
2001-08-29,6.849999904632568,6.849999904632568,6.849999904632568,6.849999904632568,4.347926139831543,0
2001-08-30,6.849999904632568,6.849999904632568,6.849999904632568,6.849999904632568,4.347926139831543,0
2001-08-31,6.849999904632568,6.849999904632568,6.849999904632568,6.849999904632568,4.347926139831543,0
2001-09-04,6.5,6.5,6.5,6.5,4.125768184661865,100
2001-09-05,6.5,6.5,6.5,6.5,4.125768184661865,0
2001-09-06,6.5,6.5,6.5,6.5,4.125768184661865,0
2001-09-07,6.099999904632568,6.099999904632568,6.099999904632568,6.099999904632568,3.871875286102295,1000
2001-09-10,6.099999904632568,6.099999904632568,6.099999904632568,6.099999904632568,3.871875286102295,0
2001-09-17,6.150000095367432,6.25,6.150000095367432,6.25,3.9670865535736084,2200
2001-09-18,6.25,6.449999809265137,6.25,6.449999809265137,4.094033718109131,1600
2001-09-19,6.449999809265137,6.449999809265137,6.449999809265137,6.449999809265137,4.094033718109131,700
2001-09-20,6.25,6.25,6.099999904632568,6.099999904632568,3.871875286102295,1500
2001-09-21,6.25,6.25,6.25,6.25,3.9670865535736084,200
2001-09-24,6.25,6.25,6.25,6.25,3.9670865535736084,1900
2001-09-25,6.25,6.25,6.25,6.25,3.9670865535736084,500
2001-09-26,6.25,6.75,6.25,6.75,4.284453392028809,3600
2001-09-27,6.25,6.75,6.25,6.75,4.284453392028809,1200
2001-09-28,6.949999809265137,6.949999809265137,6.949999809265137,6.949999809265137,4.411400318145752,200
2001-10-01,6.949999809265137,6.949999809265137,6.949999809265137,6.949999809265137,4.411400318145752,0
2001-10-02,6.25,6.25,6.050000190734863,6.050000190734863,3.8401381969451904,400
2001-10-03,6.050000190734863,6.050000190734863,6.050000190734863,6.050000190734863,3.8401381969451904,0
2001-10-04,6.5,7.0,6.050000190734863,7.0,4.443137168884277,2000
2001-10-05,7.0,7.0,7.0,7.0,4.443137168884277,0
2001-10-08,6.150000095367432,6.150000095367432,6.150000095367432,6.150000095367432,3.9036130905151367,200
2001-10-09,6.650000095367432,6.949999809265137,6.630000114440918,6.949999809265137,4.411400318145752,3500
2001-10-10,6.5,6.5,6.5,6.5,4.125768184661865,500
2001-10-11,6.5,6.980000019073486,6.400000095367432,6.980000019073486,4.430441379547119,3300
2001-10-12,6.980000019073486,6.980000019073486,6.980000019073486,6.980000019073486,4.430441379547119,0
2001-10-15,6.400000095367432,6.400000095367432,6.400000095367432,6.400000095367432,4.062296390533447,400
2001-10-16,6.400000095367432,6.400000095367432,6.400000095367432,6.400000095367432,4.062296390533447,1000
2001-10-17,6.949999809265137,6.949999809265137,6.449999809265137,6.949999809265137,4.411400318145752,3000
2001-10-18,6.449999809265137,6.849999904632568,6.449999809265137,6.849999904632568,4.373095512390137,2000
2001-10-19,6.900000095367432,6.900000095367432,6.900000095367432,6.900000095367432,4.4308881759643555,1000
2001-10-22,6.900000095367432,6.900000095367432,6.900000095367432,6.900000095367432,4.4308881759643555,0
2001-10-23,6.5,6.5,6.5,6.5,4.174026012420654,1000
2001-10-24,6.5,6.5,6.5,6.5,4.174026012420654,1500
2001-10-25,6.849999904632568,6.880000114440918,6.449999809265137,6.849999904632568,4.3987812995910645,22600
2001-10-26,6.849999904632568,6.849999904632568,6.849999904632568,6.849999904632568,4.3987812995910645,1100
2001-10-29,6.849999904632568,6.849999904632568,6.849999904632568,6.849999904632568,4.3987812995910645,0
2001-10-30,6.449999809265137,6.550000190734863,6.449999809265137,6.550000190734863,4.20613431930542,3000
2001-10-31,6.550000190734863,6.550000190734863,6.550000190734863,6.550000190734863,4.20613431930542,2100
2001-11-01,6.550000190734863,6.550000190734863,6.550000190734863,6.550000190734863,4.20613431930542,200
2001-11-02,6.550000190734863,6.550000190734863,6.510000228881836,6.510000228881836,4.180448532104492,1100
2001-11-05,6.5,6.75,6.5,6.75,4.334567070007324,3700
2001-11-06,6.630000114440918,6.630000114440918,6.630000114440918,6.630000114440918,4.25750732421875,1400
2001-11-07,6.630000114440918,6.630000114440918,6.630000114440918,6.630000114440918,4.25750732421875,0
2001-11-08,6.599999904632568,6.599999904632568,6.599999904632568,6.599999904632568,4.238242149353027,600
2001-11-09,6.599999904632568,6.599999904632568,6.599999904632568,6.599999904632568,4.238242149353027,500
2001-11-12,6.599999904632568,6.599999904632568,6.0,6.210000038146973,3.987800121307373,17300
2001-11-13,6.71999979019165,6.71999979019165,6.699999809265137,6.699999809265137,4.302458763122559,4200
2001-11-14,6.050000190734863,6.75,6.050000190734863,6.239999771118164,4.007066249847412,6200
2001-11-15,6.239999771118164,6.639999866485596,6.239999771118164,6.639999866485596,4.263928413391113,5900
2001-11-16,6.670000076293945,6.670000076293945,6.670000076293945,6.670000076293945,4.283193111419678,5000
2001-11-19,6.099999904632568,6.099999904632568,6.099999904632568,6.099999904632568,3.917163848876953,2300
2001-11-20,6.75,6.75,6.599999904632568,6.599999904632568,4.238242149353027,7200
2001-11-21,6.599999904632568,6.599999904632568,6.599999904632568,6.599999904632568,4.238242149353027,1100
2001-11-23,6.599999904632568,6.599999904632568,6.599999904632568,6.599999904632568,4.238242149353027,0
2001-11-26,6.599999904632568,6.599999904632568,6.599999904632568,6.599999904632568,4.238242149353027,1000
2001-11-27,6.199999809265137,6.989999771118164,6.199999809265137,6.75,4.334567070007324,6900
2001-11-28,6.75,6.75,6.75,6.75,4.334567070007324,700
2001-11-29,6.900000095367432,6.900000095367432,6.900000095367432,6.900000095367432,4.4308881759643555,1500
2001-11-30,6.900000095367432,6.900000095367432,6.849999904632568,6.849999904632568,4.3987812995910645,2000
2001-12-03,6.849999904632568,6.849999904632568,6.849999904632568,6.849999904632568,4.3987812995910645,0
2001-12-04,7.0,7.0,7.0,7.0,4.495104789733887,1900
2001-12-05,6.989999771118164,7.0,6.849999904632568,6.849999904632568,4.3987812995910645,3000
2001-12-06,6.849999904632568,6.849999904632568,6.849999904632568,6.849999904632568,4.3987812995910645,0
2001-12-07,6.860000133514404,7.0,6.849999904632568,7.0,4.495104789733887,2700
2001-12-10,7.0,7.0,7.0,7.0,4.495104789733887,500
2001-12-11,7.0,7.0,7.0,7.0,4.495104789733887,0
2001-12-12,7.0,7.0,7.0,7.0,4.495104789733887,0
2001-12-13,7.0,7.0,7.0,7.0,4.495104789733887,0
2001-12-14,7.039999961853027,7.039999961853027,7.0,7.0,4.495104789733887,1400
2001-12-17,7.0,7.0,7.0,7.0,4.495104789733887,500
2001-12-18,7.0,7.0,6.789999961853027,6.789999961853027,4.360251426696777,6100
2001-12-19,6.989999771118164,7.0,6.989999771118164,7.0,4.495104789733887,1500
2001-12-20,7.0,7.300000190734863,6.949999809265137,6.949999809265137,4.462996959686279,13900
2001-12-21,7.0,7.0,6.800000190734863,7.0,4.495104789733887,9300
2001-12-24,7.0,7.0,7.0,7.0,4.495104789733887,300
2001-12-26,7.039999961853027,7.039999961853027,7.039999961853027,7.039999961853027,4.520791053771973,200
2001-12-27,7.039999961853027,7.039999961853027,7.039999961853027,7.039999961853027,4.520791053771973,1300
2001-12-28,7.099999904632568,7.099999904632568,7.039999961853027,7.099999904632568,4.559320449829102,3600
2001-12-31,6.889999866485596,7.0,6.889999866485596,7.0,4.495104789733887,3700
2002-01-02,7.0,7.0,7.0,7.0,4.495104789733887,0
2002-01-03,7.099999904632568,7.099999904632568,7.050000190734863,7.050000190734863,4.527213096618652,2800
2002-01-04,7.199999809265137,7.199999809265137,7.199999809265137,7.199999809265137,4.623536109924316,1000
2002-01-07,7.099999904632568,7.25,7.099999904632568,7.25,4.655645847320557,1800
2002-01-08,7.25,7.25,7.25,7.25,4.655645847320557,0
2002-01-09,7.300000190734863,8.050000190734863,7.300000190734863,7.5,4.816183567047119,2100
2002-01-10,8.0,8.0,8.0,8.0,5.13726282119751,1700
2002-01-11,8.0,8.170000076293945,8.0,8.170000076293945,5.246429443359375,3500
2002-01-14,7.400000095367432,8.300000190734863,7.400000095367432,8.300000190734863,5.329909801483154,900
2002-01-15,8.300000190734863,8.300000190734863,8.300000190734863,8.300000190734863,5.329909801483154,600
2002-01-16,8.25,8.25,8.0,8.0,5.13726282119751,800
2002-01-17,8.399999618530273,8.399999618530273,8.399999618530273,8.399999618530273,5.394124984741211,200
2002-01-18,8.449999809265137,8.579999923706055,8.40999984741211,8.579999923706055,5.509713172912598,3600
2002-01-22,8.579999923706055,10.119999885559082,8.520000457763672,9.350000381469727,6.004176139831543,4500
2002-01-23,9.359999656677246,9.359999656677246,8.510000228881836,8.989999771118164,5.772997856140137,1600
2002-01-24,9.25,9.25,8.600000381469727,9.0,5.779418468475342,5400
2002-01-25,9.020000457763672,9.020000457763672,9.020000457763672,9.020000457763672,5.792263031005859,500
2002-01-28,9.020000457763672,9.020000457763672,9.0,9.0,5.779418468475342,3400
2002-01-29,9.0,9.0,8.930000305175781,8.930000305175781,5.779421329498291,900
2002-01-30,8.930000305175781,9.050000190734863,8.930000305175781,9.050000190734863,5.857083797454834,400
2002-01-31,8.930000305175781,9.0,8.930000305175781,9.0,5.824721813201904,800
2002-02-01,8.9399995803833,8.9399995803833,8.9399995803833,8.9399995803833,5.785892963409424,300
2002-02-04,8.949999809265137,9.079999923706055,8.199999809265137,9.079999923706055,5.876497745513916,7100
2002-02-05,9.09000015258789,9.09000015258789,9.0,9.0,5.824721813201904,4700
2002-02-06,9.0,9.0,9.0,9.0,5.824721813201904,0
2002-02-07,8.960000038146973,9.0,8.960000038146973,9.0,5.824721813201904,1600
2002-02-08,9.199999809265137,9.199999809265137,9.0,9.0,5.824721813201904,3700
2002-02-11,9.010000228881836,9.800000190734863,9.010000228881836,9.699999809265137,6.2777581214904785,8400
2002-02-12,9.779999732971191,9.779999732971191,9.779999732971191,9.779999732971191,6.329532146453857,200
2002-02-13,9.800000190734863,9.800000190734863,9.800000190734863,9.800000190734863,6.342478275299072,400
2002-02-14,9.800000190734863,9.800000190734863,9.800000190734863,9.800000190734863,6.342478275299072,0
2002-02-15,9.800000190734863,9.899999618530273,9.800000190734863,9.899999618530273,6.407194137573242,800
2002-02-19,9.600000381469727,9.800000190734863,9.449999809265137,9.449999809265137,6.115960121154785,4200
2002-02-20,9.75,10.09000015258789,9.75,10.050000190734863,6.504274368286133,2100
2002-02-21,10.050000190734863,10.050000190734863,10.050000190734863,10.050000190734863,6.504274368286133,0
2002-02-22,9.850000381469727,9.850000381469727,9.850000381469727,9.850000381469727,6.374835968017578,800
2002-02-25,9.850000381469727,9.859999656677246,9.600000381469727,9.600000381469727,6.213041305541992,3600
2002-02-26,9.600000381469727,9.600000381469727,9.600000381469727,9.600000381469727,6.213041305541992,100
2002-02-27,9.600000381469727,9.649999618530273,9.600000381469727,9.649999618530273,6.245398044586182,1600
2002-02-28,9.649999618530273,9.649999618530273,9.649999618530273,9.649999618530273,6.245398044586182,0
2002-03-01,9.649999618530273,9.699999809265137,9.600000381469727,9.699999809265137,6.2777581214904785,4300
2002-03-04,9.600000381469727,9.600000381469727,9.600000381469727,9.600000381469727,6.213041305541992,100
2002-03-05,9.600000381469727,9.600000381469727,9.600000381469727,9.600000381469727,6.213041305541992,0
2002-03-06,9.600000381469727,9.75,9.600000381469727,9.75,6.310117244720459,9800
2002-03-07,9.75,9.75,9.75,9.75,6.310117244720459,2500
2002-03-08,9.75,9.75,9.75,9.75,6.310117244720459,3400
2002-03-11,9.899999618530273,10.0,9.75,9.75,6.310117244720459,2100
2002-03-12,10.300000190734863,10.3100004196167,9.899999618530273,10.0,6.471912860870361,17200
2002-03-13,9.760000228881836,10.25,9.760000228881836,10.25,6.633712291717529,3200
2002-03-14,10.25,10.479999542236328,10.25,10.25,6.633712291717529,800
2002-03-15,10.5,10.550000190734863,10.5,10.550000190734863,6.827871799468994,400
2002-03-18,10.550000190734863,10.619999885559082,10.550000190734863,10.619999885559082,6.873176097869873,600
2002-03-19,10.25,10.279999732971191,10.25,10.279999732971191,6.653128623962402,200
2002-03-20,10.260000228881836,10.739999771118164,10.260000228881836,10.5,6.795511245727539,3200
2002-03-21,10.5,10.5,10.5,10.5,6.795511245727539,0
2002-03-22,10.5,10.5,10.5,10.5,6.795511245727539,200
2002-03-25,10.739999771118164,10.859999656677246,10.5,10.5,6.795511245727539,2500
2002-03-26,10.859999656677246,10.859999656677246,10.300000190734863,10.300000190734863,6.66607141494751,10400
2002-03-27,11.0,11.0,10.5,10.5,6.795511245727539,500
2002-03-28,10.5,10.75,10.300000190734863,10.300000190734863,6.66607141494751,2400
2002-04-01,10.350000381469727,10.350000381469727,10.350000381469727,10.350000381469727,6.698433876037598,4300
2002-04-02,10.5,10.5,10.5,10.5,6.795511245727539,1200
2002-04-03,10.5,10.970000267028809,10.5,10.970000267028809,7.099693298339844,1500
2002-04-04,10.890000343322754,11.0,10.890000343322754,11.0,7.119111061096191,1200
2002-04-05,11.0,11.0,11.0,11.0,7.119111061096191,0
2002-04-08,11.0,11.0,11.0,11.0,7.119111061096191,5500
2002-04-09,11.0,11.050000190734863,11.0,11.050000190734863,7.151467323303223,1300
2002-04-10,10.850000381469727,10.989999771118164,10.600000381469727,10.670000076293945,6.905535697937012,1600
2002-04-11,10.680000305175781,11.050000190734863,10.680000305175781,10.800000190734863,6.989668846130371,3300
2002-04-12,10.850000381469727,11.050000190734863,10.850000381469727,11.050000190734863,7.151467323303223,500
2002-04-15,10.699999809265137,10.699999809265137,10.699999809265137,10.699999809265137,6.92495059967041,100
2002-04-16,10.930000305175781,10.930000305175781,10.930000305175781,10.930000305175781,7.073803901672363,800
2002-04-17,10.949999809265137,10.949999809265137,10.25,10.930000305175781,7.073803901672363,9700
2002-04-18,10.930000305175781,11.380000114440918,10.930000305175781,11.0,7.119111061096191,7400
2002-04-19,11.25,12.0,11.25,12.0,7.766304016113281,5300
2002-04-22,11.989999771118164,12.100000381469727,11.5,11.920000076293945,7.714524269104004,9900
2002-04-23,11.920000076293945,12.300000190734863,11.920000076293945,12.300000190734863,7.960456848144531,11900
2002-04-24,12.300000190734863,12.600000381469727,12.300000190734863,12.5,8.08989429473877,3600
2002-04-25,12.489999771118164,12.489999771118164,12.300000190734863,12.430000305175781,8.04458999633789,2100
2002-04-26,12.15999984741211,12.15999984741211,12.050000190734863,12.050000190734863,7.7986602783203125,200
2002-04-29,12.100000381469727,12.449999809265137,12.100000381469727,12.25,7.928096294403076,2100
2002-04-30,12.449999809265137,12.449999809265137,12.180000305175781,12.4399995803833,8.097332954406738,1400
2002-05-01,12.789999961853027,12.800000190734863,12.25,12.25,7.973658561706543,2100
2002-05-02,12.800000190734863,12.989999771118164,12.5,12.5,8.136387825012207,2900
2002-05-03,12.260000228881836,12.260000228881836,12.260000228881836,12.260000228881836,7.980170249938965,500
2002-05-06,12.5,12.600000381469727,12.5,12.600000381469727,8.201480865478516,4900
2002-05-07,12.5,12.520000457763672,12.25,12.260000228881836,7.980170249938965,3100
2002-05-08,12.260000228881836,12.520000457763672,12.260000228881836,12.520000457763672,8.149409294128418,1500
2002-05-09,12.300000190734863,12.300000190734863,12.25,12.25,7.973658561706543,1200
2002-05-10,12.5,12.5,12.449999809265137,12.449999809265137,8.103841781616211,900
2002-05-13,12.539999961853027,12.550000190734863,12.109999656677246,12.149999618530273,7.9085693359375,2700
2002-05-14,12.149999618530273,12.300000190734863,12.149999618530273,12.300000190734863,8.006204605102539,700
2002-05-15,12.550000190734863,12.550000190734863,11.90999984741211,11.90999984741211,7.752350330352783,4200
2002-05-16,11.90999984741211,12.539999961853027,11.90999984741211,12.539999961853027,8.162424087524414,1100
2002-05-17,11.90999984741211,12.5,11.90999984741211,12.489999771118164,8.129877090454102,1200
2002-05-20,12.25,12.25,11.0,11.0,7.160025596618652,8400
2002-05-21,11.100000381469727,11.149999618530273,11.0,11.0,7.160025596618652,1400
2002-05-22,11.0,11.0,11.0,11.0,7.160025596618652,400
2002-05-23,11.010000228881836,11.010000228881836,11.0,11.0,7.160025596618652,600
2002-05-24,11.100000381469727,11.300000190734863,11.100000381469727,11.300000190734863,7.355294227600098,3000
2002-05-28,11.300000190734863,11.300000190734863,11.300000190734863,11.300000190734863,7.355294227600098,0
2002-05-29,11.300000190734863,11.300000190734863,11.300000190734863,11.300000190734863,7.355294227600098,0
2002-05-30,10.34000015258789,11.319999694824219,10.34000015258789,10.899999618530273,7.0949296951293945,4300
2002-05-31,11.0,11.34000015258789,11.0,11.34000015258789,7.3813300132751465,5200
2002-06-03,11.350000381469727,11.350000381469727,11.350000381469727,11.350000381469727,7.387842178344727,500
2002-06-04,11.100000381469727,11.100000381469727,11.100000381469727,11.100000381469727,7.225112438201904,1500
2002-06-05,11.09000015258789,11.09000015258789,11.09000015258789,11.09000015258789,7.218605041503906,100
2002-06-06,11.010000228881836,11.010000228881836,10.399999618530273,10.399999618530273,6.769476413726807,2200
2002-06-07,10.350000381469727,10.350000381469727,10.350000381469727,10.350000381469727,6.736930847167969,300
2002-06-10,10.59000015258789,10.59000015258789,10.300000190734863,10.300000190734863,6.704381942749023,400
2002-06-11,10.149999618530273,10.149999618530273,9.899999618530273,9.899999618530273,6.444018363952637,1800
2002-06-12,10.380000114440918,10.380000114440918,10.380000114440918,10.380000114440918,6.756455898284912,200
2002-06-13,10.380000114440918,10.380000114440918,10.380000114440918,10.380000114440918,6.756455898284912,0
2002-06-14,9.850000381469727,9.890000343322754,9.850000381469727,9.890000343322754,6.437509536743164,1000
2002-06-17,9.899999618530273,9.899999618530273,9.899999618530273,9.899999618530273,6.444018363952637,500
2002-06-18,9.850000381469727,9.850000381469727,9.850000381469727,9.850000381469727,6.411474704742432,100
2002-06-19,10.0,10.0,9.649999618530273,9.699999809265137,6.313838481903076,1800
2002-06-20,9.699999809265137,9.699999809265137,9.699999809265137,9.699999809265137,6.313838481903076,0
2002-06-21,9.699999809265137,9.699999809265137,9.699999809265137,9.699999809265137,6.313838481903076,0
2002-06-24,9.529999732971191,9.529999732971191,9.529999732971191,9.529999732971191,6.203182220458984,600
2002-06-25,9.550000190734863,9.649999618530273,9.550000190734863,9.59000015258789,6.242237567901611,6700
2002-06-26,9.59000015258789,9.59000015258789,9.59000015258789,9.59000015258789,6.242237567901611,0
2002-06-27,9.600000381469727,9.779999732971191,9.600000381469727,9.649999618530273,6.281291961669922,6700
2002-06-28,9.770000457763672,9.979999542236328,9.609999656677246,9.979999542236328,6.496094226837158,900
2002-07-01,9.869999885559082,9.869999885559082,9.869999885559082,9.869999885559082,6.424493312835693,200
2002-07-02,9.869999885559082,9.880000114440918,9.869999885559082,9.880000114440918,6.431003093719482,700
2002-07-03,9.890000343322754,9.890000343322754,9.890000343322754,9.890000343322754,6.437509536743164,1000
2002-07-05,9.710000038146973,9.710000038146973,9.710000038146973,9.710000038146973,6.320347785949707,1000
2002-07-08,9.970000267028809,9.970000267028809,9.829999923706055,9.829999923706055,6.398454666137695,600
2002-07-09,9.970000267028809,10.0,9.850000381469727,10.0,6.509109020233154,9800
2002-07-10,10.0,10.449999809265137,9.90999984741211,10.149999618530273,6.60674524307251,7200
2002-07-11,10.449999809265137,10.619999885559082,10.449999809265137,10.619999885559082,6.91267728805542,1700
2002-07-12,10.619999885559082,10.970000267028809,10.170000076293945,10.170000076293945,6.6197662353515625,7000
2002-07-15,10.699999809265137,10.739999771118164,10.5,10.5,6.83456563949585,2300
2002-07-16,10.600000381469727,10.75,10.15999984741211,10.15999984741211,6.61325740814209,3900
2002-07-17,10.520000457763672,10.75,10.520000457763672,10.739999771118164,6.990785121917725,5800
2002-07-18,10.300000190734863,10.75,10.300000190734863,10.739999771118164,6.990785121917725,3800
2002-07-19,10.319999694824219,10.319999694824219,10.319999694824219,10.319999694824219,6.717405319213867,100
2002-07-22,10.289999961853027,10.40999984741211,10.289999961853027,10.399999618530273,6.769476413726807,3400
2002-07-23,10.300000190734863,10.5,10.300000190734863,10.399999618530273,6.769476413726807,3600
2002-07-24,10.369999885559082,10.739999771118164,10.359999656677246,10.739999771118164,6.990785121917725,2000
2002-07-25,10.739999771118164,10.739999771118164,10.739999771118164,10.739999771118164,6.990785121917725,0
2002-07-26,10.75,10.75,10.609999656677246,10.720000267028809,6.977766513824463,3600
2002-07-29,10.75,11.010000228881836,10.649999618530273,10.899999618530273,7.0949296951293945,37400
2002-07-30,10.649999618530273,10.800000190734863,10.199999809265137,10.800000190734863,7.075277805328369,9000
2002-07-31,10.850000381469727,11.25,10.850000381469727,11.039999961853027,7.232506275177002,11500
2002-08-01,11.0,11.0,10.800000190734863,10.979999542236328,7.193197727203369,9600
2002-08-02,10.84000015258789,10.84000015258789,10.760000228881836,10.760000228881836,7.049073219299316,14900
2002-08-05,10.75,11.050000190734863,10.75,10.800000190734863,7.075277805328369,8100
2002-08-06,10.800000190734863,11.0,10.75,10.75,7.042520523071289,7800
2002-08-07,10.729999542236328,11.050000190734863,10.5,11.050000190734863,7.239058494567871,12000
2002-08-08,10.670000076293945,11.050000190734863,10.670000076293945,10.989999771118164,7.199751377105713,8600
2002-08-09,10.850000381469727,10.899999618530273,10.789999961853027,10.899999618530273,7.1407880783081055,11000
2002-08-12,10.930000305175781,10.9399995803833,10.829999923706055,10.850000381469727,7.108034133911133,2000
2002-08-13,10.819999694824219,10.899999618530273,10.819999694824219,10.899999618530273,7.1407880783081055,700
2002-08-14,10.899999618530273,11.0,10.800000190734863,10.800000190734863,7.075277805328369,11100
2002-08-15,10.850000381469727,11.239999771118164,10.8100004196167,11.0,7.20630407333374,17000
2002-08-16,11.039999961853027,11.050000190734863,10.800000190734863,10.800000190734863,7.075277805328369,9100
2002-08-19,10.899999618530273,10.899999618530273,10.84000015258789,10.899999618530273,7.1407880783081055,8500
2002-08-20,10.899999618530273,11.119999885559082,10.899999618530273,11.119999885559082,7.284913063049316,6600
2002-08-21,11.0,11.010000228881836,11.0,11.010000228881836,7.212849140167236,3200
2002-08-22,11.050000190734863,11.050000190734863,10.600000381469727,10.600000381469727,6.9442548751831055,2800
2002-08-23,10.75,10.960000038146973,10.699999809265137,10.699999809265137,7.009767532348633,4400
2002-08-26,10.75,10.989999771118164,10.5,10.5,6.878741264343262,2800
2002-08-27,10.5,10.850000381469727,10.5,10.84000015258789,7.101480007171631,6600
2002-08-28,10.850000381469727,10.859999656677246,10.850000381469727,10.850000381469727,7.108034133911133,10300
2002-08-29,10.850000381469727,11.0,10.75,11.0,7.20630407333374,23500
2002-08-30,10.899999618530273,11.25,10.699999809265137,11.25,7.370081424713135,10100
2002-09-03,10.850000381469727,10.899999618530273,10.850000381469727,10.899999618530273,7.1407880783081055,3000
2002-09-04,10.850000381469727,11.0,10.850000381469727,11.0,7.20630407333374,5900
2002-09-05,10.850000381469727,10.960000038146973,10.850000381469727,10.960000038146973,7.180095672607422,5700
2002-09-06,10.899999618530273,10.899999618530273,10.8100004196167,10.8100004196167,7.081827163696289,2500
2002-09-09,10.800000190734863,10.859999656677246,10.800000190734863,10.859999656677246,7.1145853996276855,3700
2002-09-10,10.850000381469727,11.0,10.850000381469727,10.859999656677246,7.1145853996276855,4400
2002-09-11,10.859999656677246,10.859999656677246,10.859999656677246,10.859999656677246,7.1145853996276855,0
2002-09-12,10.850000381469727,10.899999618530273,10.75,10.850000381469727,7.108034133911133,10700
2002-09-13,10.850000381469727,10.899999618530273,10.800000190734863,10.850000381469727,7.108034133911133,9200
2002-09-16,10.899999618530273,10.899999618530273,10.850000381469727,10.850000381469727,7.108034133911133,1500
2002-09-17,10.84000015258789,10.850000381469727,10.84000015258789,10.84000015258789,7.101480007171631,4100
2002-09-18,10.800000190734863,10.84000015258789,10.609999656677246,10.609999656677246,6.950806140899658,1300
2002-09-19,10.609999656677246,10.609999656677246,10.609999656677246,10.609999656677246,6.950806140899658,0
2002-09-20,10.84000015258789,10.850000381469727,10.829999923706055,10.850000381469727,7.108034133911133,4500
2002-09-23,10.600000381469727,10.800000190734863,10.5,10.800000190734863,7.075277805328369,10900
2002-09-24,10.800000190734863,10.800000190734863,10.800000190734863,10.800000190734863,7.075277805328369,1000
2002-09-25,10.800000190734863,10.800000190734863,10.800000190734863,10.800000190734863,7.075277805328369,0
2002-09-26,10.800000190734863,10.800000190734863,10.800000190734863,10.800000190734863,7.075277805328369,1900
2002-09-27,10.800000190734863,10.899999618530273,10.800000190734863,10.899999618530273,7.1407880783081055,2000
2002-09-30,10.850000381469727,10.850000381469727,10.800000190734863,10.800000190734863,7.075277805328369,1800
2002-10-01,10.789999961853027,10.789999961853027,10.649999618530273,10.649999618530273,6.9770097732543945,2200
2002-10-02,10.649999618530273,10.649999618530273,10.649999618530273,10.649999618530273,6.9770097732543945,0
2002-10-03,10.649999618530273,10.649999618530273,10.649999618530273,10.649999618530273,6.9770097732543945,0
2002-10-04,10.710000038146973,10.710000038146973,10.699999809265137,10.699999809265137,7.009767532348633,800
2002-10-07,10.710000038146973,10.710000038146973,10.399999618530273,10.399999618530273,6.813231468200684,2200
2002-10-08,10.260000228881836,10.59000015258789,10.130000114440918,10.59000015258789,6.937702178955078,7100
2002-10-09,10.199999809265137,10.25,10.119999885559082,10.25,6.714961528778076,5400
2002-10-10,10.119999885559082,10.119999885559082,10.119999885559082,10.119999885559082,6.629796981811523,300
2002-10-11,10.109999656677246,10.109999656677246,9.5,9.5,6.223622798919678,8400
2002-10-14,9.510000228881836,9.600000381469727,8.65999984741211,9.300000190734863,6.092602252960205,7600
2002-10-15,9.3100004196167,9.479999542236328,9.300000190734863,9.479999542236328,6.210521697998047,5200
2002-10-16,9.479999542236328,9.479999542236328,9.479999542236328,9.479999542236328,6.210521697998047,100
2002-10-17,9.600000381469727,10.109999656677246,9.600000381469727,9.800000190734863,6.420159816741943,2200
2002-10-18,9.550000190734863,10.119999885559082,9.550000190734863,10.119999885559082,6.629796981811523,1600
2002-10-21,10.119999885559082,10.619999885559082,10.020000457763672,10.619999885559082,6.957358360290527,8300
2002-10-22,10.010000228881836,10.260000228881836,10.010000228881836,10.25,6.714961528778076,1700
2002-10-23,10.25,10.25,10.149999618530273,10.149999618530273,6.649447917938232,17500
2002-10-24,10.149999618530273,10.149999618530273,10.149999618530273,10.149999618530273,6.649447917938232,0
2002-10-25,10.149999618530273,10.149999618530273,10.149999618530273,10.149999618530273,6.649447917938232,1200
2002-10-28,10.09000015258789,10.100000381469727,10.020000457763672,10.020000457763672,6.564285755157471,500
2002-10-29,9.949999809265137,9.949999809265137,9.949999809265137,9.949999809265137,6.564283847808838,200
2002-10-30,9.949999809265137,9.949999809265137,9.5,9.75,6.432338714599609,1200
2002-10-31,9.8100004196167,10.010000228881836,9.8100004196167,10.010000228881836,6.603869438171387,1200
2002-11-01,9.800000190734863,9.800000190734863,9.800000190734863,9.800000190734863,6.46532678604126,200
2002-11-04,10.0600004196167,10.1899995803833,10.0600004196167,10.1899995803833,6.722618579864502,1200
2002-11-05,10.1899995803833,10.1899995803833,10.1899995803833,10.1899995803833,6.722618579864502,0
2002-11-06,10.140000343322754,10.140000343322754,10.0,10.0,6.597268581390381,4400
2002-11-07,10.0,10.0,10.0,10.0,6.597268581390381,0
2002-11-08,10.140000343322754,10.140000343322754,10.140000343322754,10.140000343322754,6.689631938934326,100
2002-11-11,10.140000343322754,10.140000343322754,10.0,10.010000228881836,6.603869438171387,3200
2002-11-12,10.010000228881836,10.010000228881836,10.010000228881836,10.010000228881836,6.603869438171387,0
2002-11-13,10.039999961853027,10.039999961853027,9.819999694824219,9.890000343322754,6.524702548980713,1700
2002-11-14,9.890000343322754,9.890000343322754,9.890000343322754,9.890000343322754,6.524702548980713,0
2002-11-15,9.890000343322754,9.899999618530273,9.890000343322754,9.899999618530273,6.531296253204346,700
2002-11-18,9.84000015258789,10.149999618530273,9.829999923706055,10.149999618530273,6.696228504180908,11500
2002-11-19,10.149999618530273,10.149999618530273,9.979999542236328,9.989999771118164,6.590676784515381,15200
2002-11-20,10.0,10.149999618530273,10.0,10.149999618530273,6.696228504180908,4400
2002-11-21,9.899999618530273,9.899999618530273,9.899999618530273,9.899999618530273,6.531296253204346,300
2002-11-22,10.039999961853027,10.270000457763672,10.039999961853027,10.149999618530273,6.696228504180908,22700
2002-11-25,10.1899995803833,10.220000267028809,9.970000267028809,9.970000267028809,6.577481746673584,37000
2002-11-26,9.859999656677246,9.859999656677246,9.75,9.75,6.432338714599609,6800
2002-11-27,9.729999542236328,9.75,9.550000190734863,9.699999809265137,6.399353504180908,6600
2002-11-29,9.699999809265137,9.710000038146973,9.699999809265137,9.710000038146973,6.405951976776123,200
2002-12-02,9.710000038146973,9.710000038146973,9.710000038146973,9.710000038146973,6.405951976776123,0
2002-12-03,9.800000190734863,10.0,9.800000190734863,10.0,6.597268581390381,8800
2002-12-04,10.079999923706055,10.140000343322754,10.069999694824219,10.140000343322754,6.689631938934326,8100
2002-12-05,10.140000343322754,10.149999618530273,10.140000343322754,10.149999618530273,6.696228504180908,24300
2002-12-06,10.149999618530273,10.149999618530273,10.079999923706055,10.079999923706055,6.650050640106201,5300
2002-12-09,10.020000457763672,10.100000381469727,10.020000457763672,10.100000381469727,6.66324520111084,4900
2002-12-10,10.149999618530273,10.149999618530273,10.149999618530273,10.149999618530273,6.696228504180908,5400
2002-12-11,10.149999618530273,10.25,10.149999618530273,10.149999618530273,6.696228504180908,26800
2002-12-12,10.149999618530273,10.149999618530273,10.079999923706055,10.149999618530273,6.696228504180908,6600
2002-12-13,10.100000381469727,10.170000076293945,10.09000015258789,10.149999618530273,6.696228504180908,7100
2002-12-16,10.149999618530273,10.149999618530273,10.149999618530273,10.149999618530273,6.696228504180908,13700
2002-12-17,10.180000305175781,11.0,10.149999618530273,10.649999618530273,7.026096343994141,76000
2002-12-18,10.779999732971191,11.149999618530273,10.779999732971191,11.050000190734863,7.289985179901123,8000
2002-12-19,10.0600004196167,11.0600004196167,10.0600004196167,10.350000381469727,6.828176498413086,3000
2002-12-20,10.609999656677246,10.609999656677246,10.25,10.260000228881836,6.768799781799316,1100
2002-12-23,10.239999771118164,10.5,9.609999656677246,10.1899995803833,6.722618579864502,8900
2002-12-24,10.25,10.34000015258789,10.130000114440918,10.270000457763672,6.775396823883057,1100
2002-12-26,10.270000457763672,10.270000457763672,10.270000457763672,10.270000457763672,6.775396823883057,0
2002-12-27,10.399999618530273,10.399999618530273,10.350000381469727,10.350000381469727,6.828176498413086,400
2002-12-30,10.220000267028809,10.220000267028809,9.989999771118164,10.0600004196167,6.6368536949157715,2800
2002-12-31,10.100000381469727,10.100000381469727,10.100000381469727,10.100000381469727,6.66324520111084,100
2003-01-02,10.029999732971191,10.029999732971191,9.869999885559082,10.0,6.597268581390381,5400
2003-01-03,10.210000038146973,10.930000305175781,10.15999984741211,10.739999771118164,7.085472583770752,3400
2003-01-06,10.550000190734863,10.739999771118164,10.550000190734863,10.65999984741211,7.032690525054932,500
2003-01-07,10.489999771118164,10.5,10.369999885559082,10.479999542236328,6.913942337036133,1400
2003-01-08,10.890000343322754,10.890000343322754,10.5,10.5,6.9271345138549805,4300
2003-01-09,10.079999923706055,10.300000190734863,10.079999923706055,10.300000190734863,6.795187473297119,1400
2003-01-10,10.529999732971191,10.529999732971191,10.4399995803833,10.489999771118164,6.920536994934082,700
2003-01-13,11.0,11.25,10.569999694824219,11.109999656677246,7.329564571380615,6200
2003-01-14,10.859999656677246,10.989999771118164,10.75,10.989999771118164,7.250403881072998,1400
2003-01-15,10.989999771118164,11.199999809265137,10.989999771118164,11.199999809265137,7.388944149017334,300
2003-01-16,11.050000190734863,11.199999809265137,11.050000190734863,11.149999618530273,7.355958461761475,1100
2003-01-17,11.149999618530273,11.149999618530273,11.039999961853027,11.149999618530273,7.355958461761475,1000
2003-01-21,10.800000190734863,11.079999923706055,10.800000190734863,11.0600004196167,7.296581268310547,3000
2003-01-22,10.8100004196167,11.079999923706055,10.8100004196167,11.079999923706055,7.309775352478027,1600
2003-01-23,11.079999923706055,11.079999923706055,11.079999923706055,11.079999923706055,7.309775352478027,500
2003-01-24,11.0600004196167,11.079999923706055,11.0600004196167,11.079999923706055,7.309775352478027,1000
2003-01-27,11.09000015258789,11.75,11.09000015258789,11.75,7.751793384552002,4600
2003-01-28,11.510000228881836,11.6899995803833,11.5,11.6899995803833,7.765078544616699,3300
2003-01-29,11.699999809265137,11.899999618530273,11.6899995803833,11.899999618530273,7.904575347900391,4200
2003-01-30,11.829999923706055,11.829999923706055,11.649999618530273,11.649999618530273,7.738508224487305,1100
2003-01-31,11.649999618530273,11.649999618530273,11.649999618530273,11.649999618530273,7.738508224487305,0
2003-02-03,11.529999732971191,11.6899995803833,11.529999732971191,11.6899995803833,7.765078544616699,2100
2003-02-04,11.789999961853027,12.050000190734863,11.789999961853027,12.050000190734863,8.0042085647583,4400
2003-02-05,12.0,12.140000343322754,12.0,12.119999885559082,8.05070686340332,1500
2003-02-06,12.100000381469727,12.199999809265137,12.100000381469727,12.199999809265137,8.10384464263916,6200
2003-02-07,12.229999542236328,12.869999885559082,12.229999542236328,12.649999618530273,8.40276050567627,16200
2003-02-10,12.6899995803833,12.779999732971191,12.520000457763672,12.649999618530273,8.40276050567627,9900
2003-02-11,12.699999809265137,12.699999809265137,12.5,12.649999618530273,8.40276050567627,11000
2003-02-12,12.649999618530273,12.699999809265137,12.550000190734863,12.6899995803833,8.42933177947998,8200
2003-02-13,12.699999809265137,12.699999809265137,12.59000015258789,12.640000343322754,8.396120071411133,10900
2003-02-14,12.699999809265137,12.789999961853027,12.600000381469727,12.699999809265137,8.435969352722168,22300
2003-02-18,12.699999809265137,13.050000190734863,12.699999809265137,13.0,8.635248184204102,11900
2003-02-19,13.050000190734863,13.050000190734863,12.850000381469727,13.050000190734863,8.668458938598633,12500
2003-02-20,13.050000190734863,13.050000190734863,13.020000457763672,13.020000457763672,8.648529052734375,4100
2003-02-21,12.970000267028809,13.09000015258789,12.850000381469727,13.0600004196167,8.675102233886719,65400
2003-02-24,13.039999961853027,13.050000190734863,13.029999732971191,13.050000190734863,8.668458938598633,3500
2003-02-25,13.0,13.050000190734863,12.989999771118164,13.050000190734863,8.668458938598633,13300
2003-02-26,13.050000190734863,13.050000190734863,13.050000190734863,13.050000190734863,8.668458938598633,1100
2003-02-27,13.050000190734863,13.050000190734863,13.039999961853027,13.050000190734863,8.668458938598633,4200
2003-02-28,13.050000190734863,13.899999618530273,13.010000228881836,13.899999618530273,9.233068466186523,29000
2003-03-03,13.859999656677246,14.0,13.850000381469727,13.880000114440918,9.2197847366333,7900
2003-03-04,13.989999771118164,13.989999771118164,13.760000228881836,13.979999542236328,9.286210060119629,8300
2003-03-05,13.970000267028809,13.989999771118164,13.960000038146973,13.979999542236328,9.286210060119629,1600
2003-03-06,13.90999984741211,14.470000267028809,13.880000114440918,14.470000267028809,9.611693382263184,12700
2003-03-07,14.40999984741211,14.75,14.40999984741211,14.710000038146973,9.77111530303955,24200
2003-03-10,14.899999618530273,14.949999809265137,14.510000228881836,14.850000381469727,9.86411190032959,17100
2003-03-11,14.210000038146973,14.9399995803833,14.199999809265137,14.600000381469727,9.698046684265137,15300
2003-03-12,14.390000343322754,14.779999732971191,14.229999542236328,14.680000305175781,9.75118350982666,7300
2003-03-13,14.510000228881836,14.779999732971191,14.40999984741211,14.779999732971191,9.817608833312988,4700
2003-03-14,14.800000190734863,14.850000381469727,14.600000381469727,14.75,9.797682762145996,4100
2003-03-17,14.880000114440918,14.880000114440918,14.079999923706055,14.180000305175781,9.41906452178955,5000
2003-03-18,14.050000190734863,14.109999656677246,12.100000381469727,12.300000190734863,8.170269966125488,13400
2003-03-19,12.25,13.5,11.649999618530273,12.899999618530273,8.568821907043457,18900
2003-03-20,12.90999984741211,12.90999984741211,12.619999885559082,12.699999809265137,8.435969352722168,4900
2003-03-21,12.699999809265137,12.699999809265137,12.699999809265137,12.699999809265137,8.435969352722168,0
2003-03-24,12.800000190734863,13.489999771118164,12.800000190734863,13.40999984741211,8.907588005065918,8400
2003-03-25,13.5,13.5,13.199999809265137,13.199999809265137,8.768095970153809,6800
2003-03-26,13.199999809265137,13.199999809265137,13.15999984741211,13.199999809265137,8.768095970153809,10700
2003-03-27,13.199999809265137,13.350000381469727,13.010000228881836,13.199999809265137,8.768095970153809,10900
2003-03-28,13.199999809265137,13.350000381469727,12.920000076293945,13.050000190734863,8.668458938598633,8300
2003-03-31,13.050000190734863,13.5,12.899999618530273,13.470000267028809,8.9474458694458,5500
2003-04-01,13.5,14.0,13.109999656677246,13.979999542236328,9.286210060119629,3500
2003-04-02,14.0,14.050000190734863,13.899999618530273,14.050000190734863,9.332707405090332,8600
2003-04-03,14.25,14.5,14.119999885559082,14.119999885559082,9.379205703735352,8200
2003-04-04,14.0,14.369999885559082,13.75,14.369999885559082,9.545269012451172,3400
2003-04-07,14.5,14.5,14.0,14.0,9.299493789672852,1500
2003-04-08,13.760000228881836,14.300000190734863,13.319999694824219,14.119999885559082,9.379205703735352,2100
2003-04-09,14.100000381469727,14.489999771118164,13.779999732971191,14.350000381469727,9.531980514526367,2000
2003-04-10,13.819999694824219,14.449999809265137,13.819999694824219,14.449999809265137,9.598404884338379,6300
2003-04-11,14.020000457763672,14.4399995803833,13.75,13.850000381469727,9.199860572814941,13300
2003-04-14,13.960000038146973,13.960000038146973,13.859999656677246,13.920000076293945,9.246354103088379,600
2003-04-15,14.0,14.0,13.550000190734863,13.550000190734863,9.00058364868164,3900
2003-04-16,13.5,13.680000305175781,13.5,13.680000305175781,9.086939811706543,500
2003-04-17,13.699999809265137,14.0,13.619999885559082,14.0,9.299493789672852,10600
2003-04-21,13.989999771118164,14.149999618530273,13.989999771118164,14.100000381469727,9.365920066833496,4200
2003-04-22,14.149999618530273,14.199999809265137,14.109999656677246,14.109999656677246,9.372563362121582,2800
2003-04-23,14.15999984741211,14.15999984741211,14.050000190734863,14.100000381469727,9.365920066833496,7700
2003-04-24,14.09000015258789,14.220000267028809,14.09000015258789,14.149999618530273,9.399134635925293,5300
2003-04-25,14.100000381469727,14.300000190734863,14.0,14.0,9.299493789672852,2300
2003-04-28,14.180000305175781,14.210000038146973,14.050000190734863,14.050000190734863,9.332707405090332,1900
2003-04-29,14.0,14.0,13.449999809265137,13.550000190734863,9.05212688446045,5100
2003-04-30,14.119999885559082,14.470000267028809,13.619999885559082,14.210000038146973,9.493041038513184,8900
2003-05-01,14.010000228881836,14.420000076293945,13.949999809265137,14.420000076293945,9.633337020874023,5600
2003-05-02,14.220000267028809,14.399999618530273,14.100000381469727,14.3100004196167,9.559844017028809,3200
2003-05-05,14.119999885559082,14.449999809265137,13.880000114440918,14.449999809265137,9.653373718261719,3400
2003-05-06,14.449999809265137,14.5,14.229999542236328,14.229999542236328,9.506402969360352,6800
2003-05-07,14.430000305175781,14.75,14.430000305175781,14.739999771118164,9.8471097946167,9200
2003-05-08,14.739999771118164,15.949999809265137,14.739999771118164,15.800000190734863,10.555248260498047,26800
2003-05-09,15.800000190734863,19.360000610351562,15.75,19.0,12.693017959594727,42100
2003-05-12,19.149999618530273,19.25,16.520000457763672,16.790000915527344,11.216619491577148,34100
2003-05-13,16.739999771118164,17.170000076293945,16.280000686645508,16.600000381469727,11.089688301086426,9000
2003-05-14,17.190000534057617,17.190000534057617,16.43000030517578,16.81999969482422,11.236660957336426,10800
2003-05-15,17.219999313354492,17.3799991607666,16.15999984741211,16.3799991607666,10.942717552185059,3400
2003-05-16,16.200000762939453,16.690000534057617,16.200000762939453,16.40999984741211,10.962757110595703,4800
2003-05-19,16.420000076293945,16.420000076293945,16.010000228881836,16.25,10.855871200561523,2600
2003-05-20,16.030000686645508,16.030000686645508,14.4399995803833,14.6899995803833,9.813705444335938,10100
2003-05-21,14.8100004196167,15.84000015258789,14.8100004196167,15.760000228881836,10.528524398803711,3300
2003-05-22,15.789999961853027,15.899999618530273,15.350000381469727,15.350000381469727,10.254621505737305,6700
2003-05-23,15.210000038146973,15.619999885559082,14.9399995803833,15.180000305175781,10.141057014465332,7600
2003-05-27,15.0,16.5,14.979999542236328,16.0,10.68885612487793,30400
2003-05-28,15.220000267028809,15.880000114440918,15.220000267028809,15.65999984741211,10.46171760559082,5100
2003-05-29,15.699999809265137,15.84000015258789,15.199999809265137,15.300000190734863,10.22121810913086,5500
2003-05-30,15.25,15.699999809265137,15.25,15.489999771118164,10.348148345947266,5800
2003-06-02,15.34000015258789,15.680000305175781,15.25,15.300000190734863,10.22121810913086,17200
2003-06-03,17.149999618530273,17.450000762939453,15.949999809265137,17.0,11.356907844543457,44400
2003-06-04,16.829999923706055,16.829999923706055,16.0,16.0,10.68885612487793,4000
2003-06-05,16.0,16.6200008392334,15.899999618530273,16.6200008392334,11.103052139282227,5200
2003-06-06,16.5,16.649999618530273,16.110000610351562,16.649999618530273,11.123091697692871,6300
2003-06-09,16.110000610351562,16.770000457763672,16.110000610351562,16.600000381469727,11.089688301086426,3500
2003-06-10,16.739999771118164,16.739999771118164,16.309999465942383,16.65999984741211,11.129769325256348,6600
2003-06-11,16.450000762939453,16.75,16.309999465942383,16.75,11.189898490905762,9500
2003-06-12,16.68000030517578,16.75,16.1200008392334,16.1200008392334,10.769021987915039,6400
2003-06-13,16.299999237060547,16.989999771118164,15.850000381469727,16.959999084472656,11.330182075500488,23300
2003-06-16,16.469999313354492,16.649999618530273,15.949999809265137,16.530000686645508,11.042925834655762,11900
2003-06-17,16.209999084472656,16.670000076293945,16.200000762939453,16.399999618530273,10.956079483032227,8400
2003-06-18,16.450000762939453,16.450000762939453,15.890000343322754,16.200000762939453,10.822467803955078,12700
2003-06-19,16.360000610351562,16.360000610351562,15.859999656677246,16.15999984741211,10.795746803283691,5200
2003-06-20,16.15999984741211,16.459999084472656,15.850000381469727,15.989999771118164,10.68217945098877,11200
2003-06-23,15.859999656677246,16.5,15.859999656677246,16.489999771118164,11.016199111938477,26500
2003-06-24,16.479999542236328,16.5,15.989999771118164,16.209999084472656,10.829147338867188,19700
2003-06-25,16.489999771118164,16.5,16.1200008392334,16.459999084472656,10.996163368225098,8400
2003-06-26,16.489999771118164,16.5,16.100000381469727,16.100000381469727,10.755664825439453,16700
2003-06-27,15.90999984741211,16.18000030517578,14.699999809265137,15.050000190734863,10.054205894470215,25400
2003-06-30,15.140000343322754,15.989999771118164,14.0,14.1899995803833,9.479676246643066,132200
2003-07-01,14.1899995803833,14.210000038146973,12.859999656677246,13.90999984741211,9.29262638092041,50400
2003-07-02,13.890000343322754,15.119999885559082,13.699999809265137,14.449999809265137,9.653373718261719,44000
2003-07-03,13.770000457763672,14.59000015258789,13.760000228881836,14.59000015258789,9.746902465820312,5400
2003-07-07,14.979999542236328,14.979999542236328,13.760000228881836,14.279999732971191,9.539803504943848,12100
2003-07-08,14.390000343322754,14.4399995803833,14.100000381469727,14.359999656677246,9.59324836730957,8600
2003-07-09,14.449999809265137,14.449999809265137,13.850000381469727,13.90999984741211,9.29262638092041,11900
2003-07-10,13.699999809265137,13.890000343322754,13.65999984741211,13.65999984741211,9.125608444213867,4800
2003-07-11,13.59000015258789,13.899999618530273,13.520000457763672,13.670000076293945,9.132291793823242,9500
2003-07-14,13.890000343322754,14.449999809265137,13.850000381469727,14.449999809265137,9.653373718261719,15700
2003-07-15,14.3100004196167,15.079999923706055,14.3100004196167,15.079999923706055,10.074250221252441,14200
2003-07-16,15.079999923706055,15.100000381469727,15.069999694824219,15.100000381469727,10.087608337402344,6000
2003-07-17,14.649999618530273,15.100000381469727,14.649999618530273,14.989999771118164,10.01412582397461,13800
2003-07-18,14.979999542236328,14.979999542236328,14.649999618530273,14.949999809265137,9.987401962280273,2900
2003-07-21,14.65999984741211,14.890000343322754,14.100000381469727,14.350000381469727,9.586570739746094,8800
2003-07-22,14.5,14.850000381469727,14.239999771118164,14.850000381469727,9.920595169067383,10100
2003-07-23,14.90999984741211,14.989999771118164,14.489999771118164,14.699999809265137,9.820387840270996,7700
2003-07-24,14.529999732971191,14.960000038146973,14.5,14.75,9.853789329528809,10100
2003-07-25,14.869999885559082,15.010000228881836,14.869999885559082,15.0,10.020801544189453,22700
2003-07-28,14.770000457763672,15.75,14.770000457763672,15.579999923706055,10.40827751159668,17500
2003-07-29,15.5,15.779999732971191,15.420000076293945,15.670000076293945,10.468398094177246,12800
2003-07-30,15.800000190734863,15.850000381469727,15.630000114440918,15.630000114440918,10.441676139831543,3200
2003-07-31,15.75,15.850000381469727,15.65999984741211,15.800000190734863,10.555248260498047,2200
2003-08-01,15.65999984741211,15.800000190734863,15.609999656677246,15.609999656677246,10.42831802368164,4600
2003-08-04,15.84000015258789,15.84000015258789,15.609999656677246,15.6899995803833,10.48176097869873,3300
2003-08-05,15.619999885559082,15.770000457763672,15.010000228881836,15.75,10.575769424438477,27100
2003-08-06,15.170000076293945,15.270000457763672,15.130000114440918,15.149999618530273,10.17287826538086,3100
2003-08-07,15.3100004196167,15.550000190734863,14.550000190734863,15.329999923706055,10.293745994567871,9300
2003-08-08,15.550000190734863,15.850000381469727,15.350000381469727,15.520000457763672,10.421326637268066,6800
2003-08-11,15.680000305175781,15.729999542236328,15.680000305175781,15.729999542236328,10.562337875366211,800
2003-08-12,15.75,15.75,15.520000457763672,15.609999656677246,10.48176097869873,4300
2003-08-13,15.550000190734863,15.649999618530273,15.550000190734863,15.609999656677246,10.48176097869873,2500
2003-08-14,15.520000457763672,15.630000114440918,15.520000457763672,15.5600004196167,10.448186874389648,2700
2003-08-15,15.5600004196167,15.710000038146973,15.5600004196167,15.600000381469727,10.475044250488281,2200
2003-08-18,15.649999618530273,15.6899995803833,15.59000015258789,15.59000015258789,10.468330383300781,8600
2003-08-19,15.600000381469727,15.6899995803833,15.399999618530273,15.600000381469727,10.475044250488281,8700
2003-08-20,15.569999694824219,15.600000381469727,15.5,15.5,10.407896995544434,1000
2003-08-21,15.5,15.600000381469727,15.470000267028809,15.470000267028809,10.387758255004883,1300
2003-08-22,15.40999984741211,15.6899995803833,15.399999618530273,15.399999618530273,10.34074878692627,11700
2003-08-25,15.260000228881836,15.40999984741211,15.260000228881836,15.260000228881836,10.246742248535156,900
2003-08-26,15.350000381469727,15.59000015258789,15.149999618530273,15.59000015258789,10.468330383300781,19300
2003-08-27,15.59000015258789,15.59000015258789,15.579999923706055,15.59000015258789,10.468330383300781,1100
2003-08-28,15.260000228881836,15.289999961853027,15.260000228881836,15.289999961853027,10.266884803771973,500
2003-08-29,15.289999961853027,15.399999618530273,15.289999961853027,15.3100004196167,10.280315399169922,1100
2003-09-02,15.319999694824219,15.600000381469727,15.319999694824219,15.5,10.407896995544434,3300
2003-09-03,15.479999542236328,15.550000190734863,15.399999618530273,15.550000190734863,10.441473007202148,2200
2003-09-04,15.350000381469727,15.4399995803833,15.239999771118164,15.239999771118164,10.23331356048584,21700
2003-09-05,15.029999732971191,15.6899995803833,14.5,14.600000381469727,9.803564071655273,194800
2003-09-08,14.029999732971191,14.460000038146973,13.899999618530273,14.109999656677246,9.474541664123535,31000
2003-09-09,14.5600004196167,14.600000381469727,14.010000228881836,14.010000228881836,9.407397270202637,1600
2003-09-10,14.149999618530273,15.680000305175781,13.930000305175781,14.710000038146973,9.87742805480957,10700
2003-09-11,15.140000343322754,15.170000076293945,14.279999732971191,14.5,9.736421585083008,5200
2003-09-12,14.640000343322754,14.739999771118164,14.350000381469727,14.59000015258789,9.796853065490723,2500
2003-09-15,14.739999771118164,14.739999771118164,14.34000015258789,14.34000015258789,9.628986358642578,600
2003-09-16,14.699999809265137,15.199999809265137,14.350000381469727,14.949999809265137,10.038585662841797,5500
2003-09-17,14.59000015258789,14.770000457763672,14.40999984741211,14.699999809265137,9.870718002319336,2400
2003-09-18,14.3100004196167,15.119999885559082,14.119999885559082,14.760000228881836,9.911003112792969,5600
2003-09-19,14.609999656677246,14.770000457763672,14.510000228881836,14.630000114440918,9.823711395263672,4000
2003-09-22,14.260000228881836,14.600000381469727,14.15999984741211,14.40999984741211,9.675984382629395,2600
2003-09-23,14.3100004196167,14.930000305175781,14.3100004196167,14.65999984741211,9.843854904174805,6400
2003-09-24,14.65999984741211,15.319999694824219,14.300000190734863,14.300000190734863,9.602124214172363,9600
2003-09-25,14.510000228881836,15.75,14.260000228881836,15.399999618530273,10.34074878692627,20200
2003-09-26,15.430000305175781,15.699999809265137,14.510000228881836,15.6899995803833,10.535476684570312,19400
2003-09-29,15.270000457763672,15.430000305175781,15.100000381469727,15.430000305175781,10.360897064208984,1800
2003-09-30,15.25,15.380000114440918,14.569999694824219,15.260000228881836,10.246742248535156,14300
2003-10-01,15.149999618530273,15.649999618530273,15.149999618530273,15.649999618530273,10.508615493774414,6400
2003-10-02,15.4399995803833,15.649999618530273,15.15999984741211,15.15999984741211,10.179593086242676,5200
2003-10-03,15.199999809265137,15.399999618530273,14.789999961853027,14.789999961853027,9.931148529052734,15500
2003-10-06,14.920000076293945,15.020000457763672,14.8100004196167,14.819999694824219,9.951294898986816,8000
2003-10-07,14.859999656677246,15.0,14.829999923706055,15.0,10.072158813476562,4500
2003-10-08,14.960000038146973,15.0,14.569999694824219,15.0,10.072158813476562,2900
2003-10-09,15.0,15.390000343322754,14.789999961853027,14.800000190734863,9.93786334991455,7900
2003-10-10,14.779999732971191,15.1899995803833,14.75,15.079999923706055,10.125876426696777,3000
2003-10-13,15.0600004196167,15.390000343322754,15.0600004196167,15.239999771118164,10.23331356048584,2200
2003-10-14,15.15999984741211,15.25,14.75,14.979999542236328,10.058732032775879,4000
2003-10-15,14.779999732971191,15.449999809265137,14.600000381469727,14.600000381469727,9.803564071655273,9700
2003-10-16,14.869999885559082,15.1899995803833,14.699999809265137,14.800000190734863,9.93786334991455,3700
2003-10-17,14.880000114440918,15.09000015258789,14.699999809265137,14.920000076293945,10.018440246582031,2200
2003-10-20,14.979999542236328,15.0,14.75,14.880000114440918,9.991580963134766,2200
2003-10-21,15.0,15.1899995803833,14.850000381469727,15.0,10.072158813476562,2900
2003-10-22,14.850000381469727,14.949999809265137,14.720000267028809,14.720000267028809,9.937143325805664,4000
2003-10-23,14.680000305175781,15.1899995803833,14.520000457763672,15.029999732971191,10.146415710449219,9300
2003-10-24,15.029999732971191,15.029999732971191,14.649999618530273,14.649999618530273,9.889885902404785,10400
2003-10-27,14.890000343322754,15.1899995803833,14.75,15.050000190734863,10.159921646118164,20000
2003-10-28,15.25,15.449999809265137,15.069999694824219,15.4399995803833,10.423195838928223,5700
2003-10-29,15.449999809265137,16.139999389648438,15.050000190734863,16.139999389648438,10.895753860473633,15000
2003-10-30,16.25,16.5,15.869999885559082,16.200000762939453,10.936259269714355,23400
2003-10-31,16.170000076293945,16.5,16.059999465942383,16.25,10.970013618469238,21400
2003-11-03,16.25,16.760000228881836,16.139999389648438,16.139999389648438,10.895753860473633,5700
2003-11-04,16.350000381469727,16.450000762939453,16.049999237060547,16.139999389648438,10.895753860473633,28400
2003-11-05,16.280000686645508,16.290000915527344,16.049999237060547,16.190000534057617,10.929510116577148,3600
2003-11-06,16.190000534057617,16.200000762939453,16.0,16.200000762939453,10.936259269714355,2600
2003-11-07,16.309999465942383,17.700000762939453,16.200000762939453,17.700000762939453,11.948875427246094,51500
2003-11-10,17.0,17.0,15.630000114440918,15.649999618530273,10.564961433410645,31100
2003-11-11,15.880000114440918,16.149999618530273,15.699999809265137,15.770000457763672,10.645974159240723,6100
2003-11-12,16.09000015258789,16.690000534057617,16.06999969482422,16.690000534057617,11.267047882080078,3000
2003-11-13,17.0,17.0,16.479999542236328,16.479999542236328,11.125279426574707,12800
2003-11-14,16.799999237060547,17.0,16.549999237060547,16.610000610351562,11.213044166564941,7600
2003-11-17,16.549999237060547,17.0,16.0,16.15999984741211,10.909253120422363,19600
2003-11-18,16.579999923706055,16.65999984741211,16.579999923706055,16.65999984741211,11.24679183959961,5100
2003-11-19,16.6200008392334,16.790000915527344,16.469999313354492,16.790000915527344,11.334552764892578,12100
2003-11-20,16.649999618530273,17.0,16.649999618530273,16.889999389648438,11.402063369750977,21400
2003-11-21,16.84000015258789,16.889999389648438,16.649999618530273,16.780000686645508,11.327805519104004,3000
2003-11-24,16.829999923706055,16.950000762939453,16.799999237060547,16.850000381469727,11.3750581741333,6000
2003-11-25,16.75,16.950000762939453,16.75,16.799999237060547,11.341300964355469,7500
2003-11-26,16.950000762939453,17.0,16.75,16.940000534057617,11.43581485748291,28200
2003-11-28,17.0,17.0,16.920000076293945,17.0,11.476320266723633,2300
2003-12-01,16.780000686645508,17.0,16.780000686645508,17.0,11.476320266723633,4100
2003-12-02,16.850000381469727,17.0,16.770000457763672,16.8700008392334,11.415424346923828,5300
2003-12-03,16.799999237060547,17.0,16.799999237060547,16.950000762939453,11.469552993774414,26100
2003-12-04,16.950000762939453,16.979999542236328,16.81999969482422,16.8799991607666,11.422185897827148,15800
2003-12-05,16.799999237060547,16.989999771118164,16.700000762939453,16.770000457763672,11.34775447845459,12300
2003-12-08,16.8799991607666,17.0,16.649999618530273,16.719999313354492,11.313919067382812,4800
2003-12-09,16.989999771118164,17.020000457763672,16.670000076293945,16.739999771118164,11.327454566955566,7600
2003-12-10,16.950000762939453,16.950000762939453,16.649999618530273,16.649999618530273,11.266554832458496,1800
2003-12-11,16.700000762939453,17.0,16.6299991607666,17.0,11.503387451171875,7000
2003-12-12,16.979999542236328,17.079999923706055,16.649999618530273,17.0,11.503387451171875,41300
2003-12-15,16.950000762939453,17.200000762939453,16.399999618530273,16.399999618530273,11.097386360168457,11900
2003-12-16,16.459999084472656,16.56999969482422,16.229999542236328,16.229999542236328,10.98235034942627,9800
2003-12-17,16.360000610351562,16.3700008392334,16.270000457763672,16.3700008392334,11.077086448669434,600
2003-12-18,16.360000610351562,16.610000610351562,16.360000610351562,16.479999542236328,11.151517868041992,1800
2003-12-19,16.420000076293945,17.149999618530273,16.229999542236328,16.489999771118164,11.158289909362793,9100
2003-12-22,16.25,16.600000381469727,16.239999771118164,16.350000381469727,11.063549995422363,9800
2003-12-23,16.389999389648438,16.610000610351562,16.299999237060547,16.40999984741211,11.104153633117676,16900
2003-12-24,16.399999618530273,16.440000534057617,16.399999618530273,16.40999984741211,11.104153633117676,700
2003-12-26,16.469999313354492,16.469999313354492,16.350000381469727,16.360000610351562,11.070320129394531,7500
2003-12-29,16.600000381469727,16.780000686645508,16.3799991607666,16.5,11.165054321289062,3000
2003-12-30,16.350000381469727,16.5,15.600000381469727,15.890000343322754,10.752285957336426,13600
2003-12-31,15.9399995803833,16.1299991607666,15.670000076293945,15.6899995803833,10.616948127746582,12600
2004-01-02,15.949999809265137,16.18000030517578,15.8100004196167,15.899999618530273,10.759049415588379,9200
2004-01-05,16.25,16.549999237060547,16.100000381469727,16.100000381469727,10.89438247680664,4000
2004-01-06,15.920000076293945,16.489999771118164,15.800000190734863,15.880000114440918,10.74552059173584,3800
2004-01-07,16.809999465942383,16.809999465942383,15.800000190734863,15.890000343322754,10.752285957336426,800
2004-01-08,15.8100004196167,16.219999313354492,15.8100004196167,15.850000381469727,10.725218772888184,3700
2004-01-09,16.170000076293945,16.170000076293945,15.800000190734863,15.8100004196167,10.69814682006836,400
2004-01-12,16.59000015258789,16.649999618530273,15.819999694824219,16.459999084472656,11.137981414794922,7300
2004-01-13,16.309999465942383,16.309999465942383,15.800000190734863,15.8100004196167,10.69814682006836,2600
2004-01-14,16.040000915527344,16.5,16.0,16.450000762939453,11.131218910217285,13500
2004-01-15,16.25,16.600000381469727,16.100000381469727,16.600000381469727,11.232718467712402,14700
2004-01-16,16.690000534057617,17.0,16.690000534057617,16.8700008392334,11.415424346923828,4300
2004-01-20,17.0,17.0,16.899999618530273,17.0,11.503387451171875,5800
2004-01-21,16.770000457763672,17.0,16.760000228881836,17.0,11.503387451171875,3100
2004-01-22,16.760000228881836,17.100000381469727,16.649999618530273,16.700000762939453,11.300384521484375,14600
2004-01-23,16.700000762939453,17.020000457763672,16.600000381469727,16.850000381469727,11.401885032653809,3000
2004-01-26,16.610000610351562,16.8799991607666,16.600000381469727,16.829999923706055,11.388350486755371,4200
2004-01-27,16.850000381469727,16.899999618530273,16.6200008392334,16.670000076293945,11.340733528137207,32800
2004-01-28,16.6299991607666,16.6299991607666,16.25,16.25,11.055002212524414,9000
2004-01-29,16.15999984741211,16.389999389648438,15.90999984741211,15.970000267028809,10.86451530456543,4900
2004-01-30,16.020000457763672,16.030000686645508,15.739999771118164,15.739999771118164,10.708048820495605,1300
2004-02-02,15.710000038146973,16.25,15.630000114440918,16.1299991607666,10.973366737365723,7700
2004-02-03,15.8100004196167,16.170000076293945,15.800000190734863,15.899999618530273,10.816893577575684,4000
2004-02-04,16.079999923706055,16.079999923706055,15.75,15.75,10.714849472045898,8900
2004-02-05,15.960000038146973,16.170000076293945,15.75,15.75,10.714849472045898,2700
2004-02-06,15.75,15.979999542236328,15.75,15.979999542236328,10.871320724487305,2000
2004-02-09,15.75,16.309999465942383,15.75,16.149999618530273,10.986971855163574,1100
2004-02-10,16.40999984741211,16.5,16.200000762939453,16.40999984741211,11.163853645324707,7200
2004-02-11,16.389999389648438,16.40999984741211,16.389999389648438,16.40999984741211,11.163853645324707,600
2004-02-12,16.329999923706055,16.450000762939453,16.299999237060547,16.350000381469727,11.123032569885254,3300
2004-02-13,16.399999618530273,16.440000534057617,16.030000686645508,16.149999618530273,10.986971855163574,8600
2004-02-17,16.139999389648438,16.260000228881836,16.139999389648438,16.15999984741211,10.993773460388184,16800
2004-02-18,16.18000030517578,16.190000534057617,16.09000015258789,16.09000015258789,10.94615364074707,400
2004-02-19,16.0,16.40999984741211,16.0,16.25,11.055002212524414,10600
2004-02-20,16.31999969482422,16.479999542236328,16.020000457763672,16.200000762939453,11.020988464355469,2800
2004-02-23,16.200000762939453,16.209999084472656,16.100000381469727,16.110000610351562,10.959760665893555,2500
2004-02-24,16.209999084472656,16.299999237060547,16.100000381469727,16.299999237060547,11.089015007019043,3500
2004-02-25,16.31999969482422,16.579999923706055,16.0,16.219999313354492,11.034591674804688,10200
2004-02-26,16.0,16.600000381469727,16.0,16.3700008392334,11.13664436340332,23300
2004-02-27,16.09000015258789,16.729999542236328,16.09000015258789,16.260000228881836,11.061805725097656,3400
2004-03-01,16.209999084472656,16.260000228881836,16.209999084472656,16.209999084472656,11.027791023254395,2000
2004-03-02,16.209999084472656,16.209999084472656,16.040000915527344,16.040000915527344,10.912139892578125,2000
2004-03-03,16.0,16.139999389648438,15.84000015258789,15.890000343322754,10.81009292602539,2600
2004-03-04,15.899999618530273,16.020000457763672,15.819999694824219,16.0,10.884926795959473,1200
2004-03-05,15.869999885559082,16.450000762939453,15.8100004196167,15.890000343322754,10.81009292602539,9700
2004-03-08,16.31999969482422,16.31999969482422,15.8100004196167,15.8100004196167,10.755669593811035,1700
2004-03-09,15.850000381469727,16.139999389648438,15.8100004196167,15.829999923706055,10.76927661895752,4500
2004-03-10,16.059999465942383,16.059999465942383,15.800000190734863,15.800000190734863,10.74886417388916,4700
2004-03-11,15.710000038146973,16.110000610351562,15.550000190734863,15.550000190734863,10.57878589630127,8700
2004-03-12,15.550000190734863,15.880000114440918,15.550000190734863,15.630000114440918,10.633209228515625,10400
2004-03-15,15.770000457763672,16.09000015258789,15.550000190734863,15.859999656677246,10.789679527282715,8000
2004-03-16,15.75,15.75,15.5,15.550000190734863,10.57878589630127,7800
2004-03-17,15.59000015258789,15.59000015258789,15.369999885559082,15.399999618530273,10.476740837097168,9300
2004-03-18,15.5,15.5,15.329999923706055,15.350000381469727,10.442728042602539,4300
2004-03-19,15.40999984741211,15.40999984741211,15.119999885559082,15.119999885559082,10.286253929138184,3500
2004-03-22,15.0600004196167,15.0600004196167,14.880000114440918,14.949999809265137,10.170602798461914,12400
2004-03-23,15.0,15.130000114440918,14.949999809265137,15.020000457763672,10.21822452545166,900
2004-03-24,15.010000228881836,15.15999984741211,15.0,15.0,10.204620361328125,2400
2004-03-25,14.949999809265137,15.199999809265137,14.949999809265137,15.199999809265137,10.340679168701172,3300
2004-03-26,15.170000076293945,15.229999542236328,15.140000343322754,15.229999542236328,10.36108684539795,800
2004-03-29,15.170000076293945,15.25,15.100000381469727,15.119999885559082,10.286253929138184,3700
2004-03-30,15.25,15.539999961853027,15.100000381469727,15.380000114440918,10.463135719299316,19700
2004-03-31,15.100000381469727,15.569999694824219,15.100000381469727,15.149999618530273,10.306663513183594,1000
2004-04-01,15.079999923706055,15.4399995803833,15.079999923706055,15.420000076293945,10.490347862243652,1800
2004-04-02,15.520000457763672,16.200000762939453,15.520000457763672,15.649999618530273,10.646820068359375,2700
2004-04-05,15.699999809265137,15.75,15.539999961853027,15.539999961853027,10.571980476379395,4000
2004-04-06,15.430000305175781,15.710000038146973,15.180000305175781,15.180000305175781,10.327073097229004,5700
2004-04-07,15.210000038146973,15.390000343322754,15.199999809265137,15.239999771118164,10.36789321899414,8100
2004-04-08,15.279999732971191,15.380000114440918,15.229999542236328,15.380000114440918,10.463135719299316,2100
2004-04-12,15.289999961853027,15.329999923706055,15.289999961853027,15.329999923706055,10.429118156433105,1000
2004-04-13,15.390000343322754,15.399999618530273,15.149999618530273,15.289999961853027,10.401905059814453,15400
2004-04-14,15.319999694824219,15.319999694824219,15.199999809265137,15.239999771118164,10.36789321899414,7400
2004-04-15,15.359999656677246,15.359999656677246,15.199999809265137,15.25,10.374695777893066,2900
2004-04-16,15.15999984741211,15.350000381469727,15.149999618530273,15.350000381469727,10.442728042602539,1600
2004-04-19,15.15999984741211,15.359999656677246,15.15999984741211,15.359999656677246,10.449525833129883,3800
2004-04-20,15.380000114440918,15.489999771118164,15.220000267028809,15.399999618530273,10.476740837097168,7900
2004-04-21,15.25,15.529999732971191,15.25,15.510000228881836,10.551576614379883,22400
2004-04-22,15.649999618530273,16.0,15.649999618530273,15.6899995803833,10.674029350280762,9700
2004-04-23,15.859999656677246,16.0,15.5,15.779999732971191,10.73525619506836,15200
2004-04-26,16.06999969482422,16.06999969482422,15.6899995803833,15.6899995803833,10.674029350280762,5600
2004-04-27,15.84000015258789,15.84000015258789,15.579999923706055,15.59000015258789,10.606000900268555,4600
2004-04-28,15.600000381469727,15.670000076293945,15.260000228881836,15.34000015258789,10.4965181350708,5000
2004-04-29,15.720000267028809,15.800000190734863,15.5600004196167,15.789999961853027,10.804435729980469,6900
2004-04-30,15.710000038146973,15.779999732971191,15.5600004196167,15.600000381469727,10.674423217773438,7600
2004-05-03,15.770000457763672,15.800000190734863,15.59000015258789,15.680000305175781,10.729165077209473,15000
2004-05-04,15.800000190734863,15.850000381469727,15.670000076293945,15.770000457763672,10.790749549865723,1800
2004-05-05,15.729999542236328,15.949999809265137,15.729999542236328,15.75,10.77706527709961,2300
2004-05-06,15.760000228881836,15.800000190734863,15.430000305175781,15.670000076293945,10.72232437133789,17500
2004-05-07,15.739999771118164,15.970000267028809,15.300000190734863,15.300000190734863,10.469148635864258,8500
2004-05-10,15.300000190734863,15.430000305175781,14.960000038146973,14.960000038146973,10.236502647399902,21600
2004-05-11,15.029999732971191,15.1899995803833,14.800000190734863,14.800000190734863,10.127022743225098,15300
2004-05-12,14.899999618530273,15.5,14.75,14.960000038146973,10.236502647399902,22700
2004-05-13,15.149999618530273,15.149999618530273,14.75,14.760000228881836,10.099647521972656,17500
2004-05-14,14.989999771118164,14.989999771118164,14.729999542236328,14.75,10.092806816101074,5300
2004-05-17,14.779999732971191,14.920000076293945,14.640000343322754,14.859999656677246,10.168075561523438,6600
2004-05-18,14.710000038146973,15.0,14.65999984741211,15.0,10.263869285583496,4800
2004-05-19,15.010000228881836,15.010000228881836,14.640000343322754,14.649999618530273,10.024378776550293,16000
2004-05-20,14.850000381469727,14.850000381469727,14.640000343322754,14.649999618530273,10.024378776550293,3700
2004-05-21,14.949999809265137,14.949999809265137,14.640000343322754,14.649999618530273,10.024378776550293,5900
2004-05-24,14.739999771118164,15.319999694824219,14.739999771118164,15.050000190734863,10.298080444335938,8400
2004-05-25,15.050000190734863,15.220000267028809,15.050000190734863,15.140000343322754,10.35966968536377,3100
2004-05-26,15.0600004196167,15.25,15.0600004196167,15.130000114440918,10.352826118469238,8400
2004-05-27,15.050000190734863,15.279999732971191,15.020000457763672,15.279999732971191,10.455460548400879,6500
2004-05-28,15.130000114440918,15.260000228881836,15.020000457763672,15.199999809265137,10.400718688964844,8200
2004-06-01,15.1899995803833,15.1899995803833,14.829999923706055,15.170000076293945,10.380195617675781,8600
2004-06-02,15.40999984741211,15.710000038146973,15.25,15.609999656677246,10.681270599365234,31400
2004-06-03,15.710000038146973,15.720000267028809,15.289999961853027,15.289999961853027,10.46230697631836,2500
2004-06-04,15.260000228881836,15.550000190734863,15.260000228881836,15.4399995803833,10.564943313598633,3800
2004-06-07,15.630000114440918,16.0,15.630000114440918,16.0,10.948131561279297,9700
2004-06-08,16.0,16.079999923706055,16.0,16.0,10.948131561279297,4700
2004-06-09,16.1200008392334,16.1200008392334,15.789999961853027,15.789999961853027,10.804435729980469,2800
2004-06-10,15.960000038146973,16.0,15.75,15.989999771118164,10.941288948059082,18600
2004-06-14,15.760000228881836,15.760000228881836,15.5,15.5600004196167,10.647055625915527,8300
2004-06-15,15.569999694824219,15.9399995803833,15.569999694824219,15.800000190734863,10.81127643585205,6600
2004-06-16,15.949999809265137,16.0,15.449999809265137,15.569999694824219,10.653895378112793,41100
2004-06-17,15.5600004196167,15.699999809265137,15.15999984741211,15.25,10.434934616088867,34900
2004-06-18,15.4399995803833,15.449999809265137,15.25,15.3100004196167,10.47598934173584,36100
2004-06-21,15.399999618530273,15.699999809265137,15.25,15.699999809265137,10.74284839630127,6300
2004-06-22,15.600000381469727,15.699999809265137,15.600000381469727,15.600000381469727,10.674423217773438,4700
2004-06-23,15.600000381469727,15.779999732971191,15.510000228881836,15.600000381469727,10.674423217773438,23600
2004-06-24,15.970000267028809,15.970000267028809,15.600000381469727,15.609999656677246,10.681270599365234,7600
2004-06-25,15.789999961853027,17.200000762939453,15.300000190734863,15.739999771118164,10.770219802856445,242200
2004-06-28,15.739999771118164,15.819999694824219,15.600000381469727,15.710000038146973,10.749691009521484,5600
2004-06-29,15.609999656677246,15.850000381469727,15.609999656677246,15.800000190734863,10.81127643585205,6600
2004-06-30,15.850000381469727,15.880000114440918,15.670000076293945,15.850000381469727,10.845490455627441,3400
2004-07-01,15.680000305175781,15.850000381469727,15.649999618530273,15.779999732971191,10.797593116760254,2300
2004-07-02,15.829999923706055,15.859999656677246,15.600000381469727,15.770000457763672,10.790749549865723,5300
2004-07-06,15.680000305175781,15.789999961853027,15.680000305175781,15.760000228881836,10.783907890319824,1500
2004-07-07,15.880000114440918,15.880000114440918,15.850000381469727,15.850000381469727,10.845490455627441,2000
2004-07-08,15.75,15.920000076293945,15.75,15.869999885559082,10.859174728393555,2400
2004-07-09,15.920000076293945,15.949999809265137,15.890000343322754,15.890000343322754,10.872859954833984,3500
2004-07-12,15.90999984741211,15.90999984741211,15.859999656677246,15.90999984741211,10.886542320251465,2600
2004-07-13,15.960000038146973,15.970000267028809,15.850000381469727,15.9399995803833,10.907074928283691,3500
2004-07-14,15.920000076293945,15.979999542236328,15.850000381469727,15.979999542236328,10.934446334838867,3300
2004-07-15,16.0,16.0,15.859999656677246,15.890000343322754,10.872859954833984,3800
2004-07-16,15.890000343322754,16.290000915527344,15.890000343322754,16.270000457763672,11.132879257202148,15800
2004-07-19,16.260000228881836,16.280000686645508,16.25,16.280000686645508,11.139724731445312,7600
2004-07-20,16.1299991607666,16.399999618530273,16.1200008392334,16.389999389648438,11.21499252319336,6400
2004-07-21,16.260000228881836,16.399999618530273,16.25,16.31999969482422,11.167093276977539,9400
2004-07-22,16.200000762939453,16.309999465942383,16.200000762939453,16.309999465942383,11.160249710083008,20900
2004-07-23,16.209999084472656,16.229999542236328,16.200000762939453,16.209999084472656,11.153368949890137,4200
2004-07-26,16.3799991607666,16.3799991607666,16.200000762939453,16.309999465942383,11.222172737121582,9000
2004-07-27,16.3799991607666,16.3799991607666,16.200000762939453,16.3700008392334,11.263460159301758,11600
2004-07-28,16.389999389648438,16.59000015258789,16.350000381469727,16.549999237060547,11.387304306030273,11000
2004-07-29,16.690000534057617,16.739999771118164,16.469999313354492,16.739999771118164,11.518034934997559,6200
2004-07-30,16.959999084472656,16.959999084472656,16.700000762939453,16.75,11.524918556213379,5200
2004-08-02,16.6299991607666,16.6299991607666,16.559999465942383,16.559999465942383,11.394190788269043,7600
2004-08-03,16.739999771118164,16.75,16.530000686645508,16.559999465942383,11.394190788269043,2200
2004-08-04,16.5,16.719999313354492,16.5,16.68000030517578,11.476754188537598,3400
2004-08-05,16.860000610351562,16.860000610351562,16.719999313354492,16.75,11.524918556213379,2500
2004-08-06,16.739999771118164,16.739999771118164,16.600000381469727,16.639999389648438,11.44923210144043,8600
2004-08-09,16.649999618530273,16.649999618530273,16.6299991607666,16.6299991607666,11.442346572875977,500
2004-08-10,16.5,16.84000015258789,16.5,16.739999771118164,11.518034934997559,18200
2004-08-11,16.690000534057617,16.84000015258789,16.540000915527344,16.700000762939453,11.49051284790039,10000
2004-08-12,16.670000076293945,16.729999542236328,16.65999984741211,16.65999984741211,11.462994575500488,3600
2004-08-13,16.610000610351562,16.8700008392334,16.600000381469727,16.700000762939453,11.49051284790039,8000
2004-08-16,16.809999465942383,16.809999465942383,16.610000610351562,16.610000610351562,11.428592681884766,12800
2004-08-17,16.739999771118164,16.739999771118164,16.670000076293945,16.670000076293945,11.46987247467041,2900
2004-08-18,16.700000762939453,16.700000762939453,16.670000076293945,16.670000076293945,11.46987247467041,1700
2004-08-19,16.700000762939453,16.770000457763672,16.700000762939453,16.770000457763672,11.538679122924805,3800
2004-08-20,16.770000457763672,16.940000534057617,16.770000457763672,16.90999984741211,11.635004043579102,800
2004-08-23,16.940000534057617,16.950000762939453,16.899999618530273,16.940000534057617,11.655652046203613,5200
2004-08-24,16.889999389648438,16.899999618530273,16.600000381469727,16.709999084472656,11.497395515441895,4200
2004-08-25,16.75,16.889999389648438,16.68000030517578,16.8799991607666,11.614360809326172,12200
2004-08-26,16.889999389648438,16.889999389648438,16.690000534057617,16.829999923706055,11.579960823059082,7700
2004-08-27,16.739999771118164,16.950000762939453,16.709999084472656,16.709999084472656,11.497395515441895,3300
2004-08-30,16.700000762939453,16.790000915527344,16.649999618530273,16.649999618530273,11.456110000610352,2500
2004-08-31,16.739999771118164,16.81999969482422,16.649999618530273,16.65999984741211,11.462994575500488,4100
2004-09-01,16.770000457763672,16.84000015258789,16.719999313354492,16.719999313354492,11.504278182983398,6400
2004-09-02,16.709999084472656,16.8700008392334,16.649999618530273,16.649999618530273,11.456110000610352,14900
2004-09-03,16.670000076293945,16.670000076293945,16.600000381469727,16.65999984741211,11.462994575500488,1600
2004-09-07,16.729999542236328,16.860000610351562,16.600000381469727,16.790000915527344,11.552440643310547,3800
2004-09-08,16.700000762939453,16.700000762939453,16.700000762939453,16.700000762939453,11.49051284790039,100
2004-09-09,16.719999313354492,16.719999313354492,16.719999313354492,16.719999313354492,11.504278182983398,200
2004-09-10,16.719999313354492,16.75,16.719999313354492,16.729999542236328,11.511157035827637,1100
2004-09-13,16.719999313354492,16.739999771118164,16.700000762939453,16.729999542236328,11.511157035827637,3300
2004-09-14,16.700000762939453,16.700000762939453,16.700000762939453,16.700000762939453,11.49051284790039,100
2004-09-15,16.700000762939453,16.700000762939453,16.700000762939453,16.700000762939453,11.49051284790039,100
2004-09-16,16.780000686645508,16.799999237060547,16.780000686645508,16.780000686645508,11.545559883117676,800
2004-09-17,16.799999237060547,16.8700008392334,16.799999237060547,16.8700008392334,11.607486724853516,1500
2004-09-20,16.799999237060547,16.809999465942383,16.799999237060547,16.809999465942383,11.566201210021973,2400
2004-09-21,16.809999465942383,16.809999465942383,16.75,16.75,11.524918556213379,42900
2004-09-22,16.700000762939453,16.700000762939453,16.700000762939453,16.700000762939453,11.49051284790039,400
2004-09-23,16.700000762939453,16.700000762939453,16.700000762939453,16.700000762939453,11.49051284790039,1500
2004-09-24,16.700000762939453,16.700000762939453,16.700000762939453,16.700000762939453,11.49051284790039,200
2004-09-27,16.610000610351562,16.719999313354492,16.510000228881836,16.530000686645508,11.373543739318848,10800
2004-09-28,16.56999969482422,16.639999389648438,16.270000457763672,16.329999923706055,11.235929489135742,8500
2004-09-29,16.299999237060547,16.3700008392334,16.299999237060547,16.31999969482422,11.229053497314453,800
2004-09-30,16.34000015258789,16.600000381469727,16.09000015258789,16.09000015258789,11.070802688598633,25200
2004-10-01,16.020000457763672,16.399999618530273,16.020000457763672,16.299999237060547,11.215291976928711,38900
2004-10-04,16.239999771118164,16.450000762939453,16.239999771118164,16.350000381469727,11.249698638916016,37900
2004-10-05,16.420000076293945,16.690000534057617,16.40999984741211,16.610000610351562,11.428592681884766,4800
2004-10-06,16.670000076293945,16.670000076293945,16.5,16.5,11.352906227111816,1900
2004-10-07,16.469999313354492,16.59000015258789,16.469999313354492,16.5,11.352906227111816,2500
2004-10-08,16.510000228881836,16.520000457763672,16.479999542236328,16.520000457763672,11.366665840148926,4000
2004-10-11,16.389999389648438,17.0,16.389999389648438,17.0,11.696929931640625,16200
2004-10-12,17.0,17.170000076293945,16.899999618530273,17.0,11.696929931640625,33300
2004-10-13,17.0,17.25,16.700000762939453,17.25,11.86894416809082,18300
2004-10-14,17.25,17.25,16.899999618530273,17.049999237060547,11.731335639953613,4900
2004-10-15,17.1200008392334,17.1200008392334,16.84000015258789,17.059999465942383,11.738216400146484,6300
2004-10-18,16.850000381469727,17.06999969482422,16.799999237060547,17.06999969482422,11.74509334564209,4200
2004-10-19,17.1200008392334,17.149999618530273,16.93000030517578,17.139999389648438,11.793254852294922,5000
2004-10-20,17.010000228881836,17.270000457763672,17.010000228881836,17.219999313354492,11.848306655883789,6000
2004-10-21,17.219999313354492,17.700000762939453,17.219999313354492,17.700000762939453,12.178569793701172,6600
2004-10-22,17.75,17.899999618530273,17.700000762939453,17.780000686645508,12.233616828918457,4700
2004-10-25,17.8799991607666,17.899999618530273,17.489999771118164,17.489999771118164,12.034074783325195,10200
2004-10-26,17.5,18.850000381469727,17.5,18.360000610351562,12.632688522338867,66500
2004-10-27,18.43000030517578,18.670000076293945,18.31999969482422,18.40999984741211,12.667088508605957,38300
2004-10-28,18.670000076293945,18.670000076293945,18.25,18.25,12.556999206542969,27000
2004-10-29,18.309999465942383,18.309999465942383,18.170000076293945,18.25,12.556999206542969,8400
2004-11-01,18.219999313354492,18.25,18.079999923706055,18.15999984741211,12.563920974731445,8600
2004-11-02,18.350000381469727,18.420000076293945,18.270000457763672,18.360000610351562,12.702292442321777,10300
2004-11-03,18.3700008392334,18.399999618530273,18.31999969482422,18.3700008392334,12.709205627441406,13300
2004-11-04,18.450000762939453,18.469999313354492,18.399999618530273,18.399999618530273,12.729961395263672,2400
2004-11-05,18.5,19.020000457763672,18.5,18.899999618530273,13.075884819030762,13800
2004-11-08,18.850000381469727,19.59000015258789,18.850000381469727,19.299999237060547,13.352622032165527,12900
2004-11-09,19.59000015258789,19.739999771118164,18.75,19.09000015258789,13.207335472106934,25900
2004-11-10,19.75,19.75,19.09000015258789,19.549999237060547,13.525582313537598,17500
2004-11-11,19.59000015258789,19.6299991607666,19.510000228881836,19.600000381469727,13.560171127319336,2600
2004-11-12,19.75,19.940000534057617,19.260000228881836,19.540000915527344,13.51866626739502,24700
2004-11-15,19.950000762939453,19.950000762939453,19.3700008392334,19.450000762939453,13.456398963928223,7600
2004-11-16,19.520000457763672,19.520000457763672,19.3700008392334,19.510000228881836,13.49791145324707,7700
2004-11-17,20.0,20.0,19.5,19.6299991607666,13.580930709838867,3400
2004-11-18,19.709999084472656,19.84000015258789,19.700000762939453,19.84000015258789,13.726218223571777,2600
2004-11-19,20.0,20.0,19.899999618530273,19.969999313354492,13.816156387329102,8100
2004-11-22,19.979999542236328,20.200000762939453,19.850000381469727,20.200000762939453,13.975285530090332,4500
2004-11-23,20.5,20.5,19.899999618530273,20.0,13.836915016174316,22400
2004-11-24,20.0,20.440000534057617,20.0,20.290000915527344,14.037548065185547,14300
2004-11-26,20.479999542236328,20.75,20.059999465942383,20.059999465942383,13.878424644470215,13500
2004-11-29,20.100000381469727,20.889999389648438,20.100000381469727,20.639999389648438,14.279699325561523,29200
2004-11-30,20.760000228881836,21.0,20.700000762939453,21.0,14.528761863708496,15000
2004-12-01,21.0,21.139999389648438,20.8799991607666,20.989999771118164,14.521841049194336,6900
2004-12-02,21.0,21.75,21.0,21.75,15.047647476196289,30300
2004-12-03,21.709999084472656,22.270000457763672,21.700000762939453,22.030000686645508,15.241366386413574,12700
2004-12-06,22.040000915527344,22.110000610351562,21.059999465942383,21.100000381469727,14.59795093536377,6000
2004-12-07,21.520000457763672,22.06999969482422,21.520000457763672,21.90999984741211,15.158341407775879,24100
2004-12-08,21.899999618530273,21.899999618530273,21.0,21.110000610351562,14.604866981506348,6000
2004-12-09,21.049999237060547,21.399999618530273,21.0,21.0,14.528761863708496,17100
2004-12-10,21.549999237060547,21.549999237060547,21.260000228881836,21.299999237060547,14.736315727233887,700
2004-12-13,21.010000228881836,21.469999313354492,21.0,21.270000457763672,14.715559959411621,9300
2004-12-14,21.299999237060547,21.5,21.200000762939453,21.31999969482422,14.750153541564941,12000
2004-12-15,21.479999542236328,21.75,21.280000686645508,21.75,15.047647476196289,6600
2004-12-16,21.75,21.979999542236328,21.700000762939453,21.709999084472656,15.019966125488281,4600
2004-12-17,21.8799991607666,21.920000076293945,21.75,21.799999237060547,15.082237243652344,2900
2004-12-20,21.959999084472656,22.0,21.790000915527344,21.979999542236328,15.206769943237305,4400
2004-12-21,21.690000534057617,22.010000228881836,21.1200008392334,21.8700008392334,15.1306734085083,15000
2004-12-22,21.799999237060547,22.059999465942383,21.790000915527344,22.059999465942383,15.262117385864258,2100
2004-12-23,21.790000915527344,21.989999771118164,21.600000381469727,21.889999389648438,15.14450740814209,6700
2004-12-27,22.110000610351562,22.110000610351562,21.510000228881836,22.0,15.220609664916992,16900
2004-12-28,21.559999465942383,22.100000381469727,21.559999465942383,21.979999542236328,15.206769943237305,11300
2004-12-29,21.889999389648438,22.200000762939453,21.8700008392334,22.200000762939453,15.358977317810059,1200
2004-12-30,22.25,23.239999771118164,22.190000534057617,22.8700008392334,15.822504997253418,15900
2004-12-31,23.1299991607666,23.5,22.729999542236328,22.860000610351562,15.81558895111084,8900
2005-01-03,22.520000457763672,23.010000228881836,22.520000457763672,22.90999984741211,15.85018253326416,5000
2005-01-04,22.959999084472656,22.989999771118164,22.600000381469727,22.989999771118164,15.905534744262695,6200
2005-01-05,22.850000381469727,22.8799991607666,22.399999618530273,22.420000076293945,15.511183738708496,2400
2005-01-06,22.450000762939453,22.450000762939453,22.010000228881836,22.399999618530273,15.497342109680176,14700
2005-01-07,22.139999389648438,22.510000228881836,22.049999237060547,22.149999618530273,15.324381828308105,11700
2005-01-10,22.049999237060547,22.399999618530273,22.049999237060547,22.290000915527344,15.421246528625488,8500
2005-01-11,22.049999237060547,22.399999618530273,22.049999237060547,22.329999923706055,15.448920249938965,6400
2005-01-12,22.09000015258789,22.399999618530273,22.09000015258789,22.15999984741211,15.331302642822266,3700
2005-01-13,22.170000076293945,22.350000381469727,22.15999984741211,22.15999984741211,15.331302642822266,7800
2005-01-14,22.049999237060547,22.5,22.049999237060547,22.299999237060547,15.42816162109375,3100
2005-01-18,22.31999969482422,22.350000381469727,22.100000381469727,22.350000381469727,15.462745666503906,2700
2005-01-19,22.43000030517578,22.600000381469727,22.43000030517578,22.600000381469727,15.635712623596191,2200
2005-01-20,22.600000381469727,22.600000381469727,22.3700008392334,22.540000915527344,15.594202041625977,900
2005-01-21,22.579999923706055,22.59000015258789,22.25,22.350000381469727,15.462745666503906,5800
2005-01-24,22.600000381469727,22.739999771118164,22.350000381469727,22.600000381469727,15.635712623596191,5900
2005-01-25,22.75,22.889999389648438,22.559999465942383,22.700000762939453,15.704895973205566,8900
2005-01-26,22.59000015258789,22.75,22.5,22.75,15.739486694335938,5200
2005-01-27,22.809999465942383,22.829999923706055,22.530000686645508,22.56999969482422,15.614949226379395,14800
2005-01-28,22.530000686645508,22.84000015258789,22.530000686645508,22.84000015258789,15.801755905151367,7200
2005-01-31,22.510000228881836,22.6200008392334,22.049999237060547,22.15999984741211,15.331302642822266,9900
2005-02-01,22.110000610351562,22.5,22.110000610351562,22.469999313354492,15.623330116271973,2600
2005-02-02,22.489999771118164,23.420000076293945,22.489999771118164,23.420000076293945,16.28386116027832,16600
2005-02-03,23.489999771118164,23.5,23.030000686645508,23.049999237060547,16.026599884033203,14400
2005-02-04,23.149999618530273,23.350000381469727,22.90999984741211,22.93000030517578,15.943160057067871,6800
2005-02-07,22.899999618530273,23.479999542236328,22.899999618530273,23.15999984741211,16.103078842163086,13800
2005-02-08,23.010000228881836,23.170000076293945,22.709999084472656,22.75,15.818011283874512,4600
2005-02-09,22.639999389648438,23.100000381469727,22.610000610351562,22.989999771118164,15.984882354736328,17400
2005-02-10,23.420000076293945,23.479999542236328,22.450000762939453,22.709999084472656,15.790197372436523,7000
2005-02-11,22.43000030517578,23.34000015258789,22.049999237060547,23.0,15.991828918457031,26700
2005-02-14,23.5,23.5,22.639999389648438,22.8799991607666,15.908402442932129,42700
2005-02-15,23.489999771118164,23.489999771118164,22.559999465942383,22.799999237060547,15.852774620056152,12800
2005-02-16,23.5,23.5,22.739999771118164,23.489999771118164,16.332530975341797,9800
2005-02-17,23.5,23.5,23.239999771118164,23.309999465942383,16.207382202148438,10700
2005-02-18,23.540000915527344,23.540000915527344,23.209999084472656,23.209999084472656,16.13784408569336,4600
2005-02-22,23.200000762939453,23.809999465942383,22.75,22.950000762939453,15.957064628601074,18200
2005-02-23,22.950000762939453,22.969999313354492,22.950000762939453,22.969999313354492,15.970977783203125,400
2005-02-24,22.75,23.15999984741211,22.75,22.899999618530273,15.922306060791016,2600
2005-02-25,22.969999313354492,23.989999771118164,22.90999984741211,23.68000030517578,16.464637756347656,31200
2005-02-28,23.690000534057617,23.860000610351562,23.68000030517578,23.780000686645508,16.53415870666504,5900
2005-03-01,23.760000228881836,24.239999771118164,23.530000686645508,24.030000686645508,16.707990646362305,6600
2005-03-02,24.25,24.25,23.860000610351562,24.200000762939453,16.826194763183594,3300
2005-03-03,23.549999237060547,24.190000534057617,23.549999237060547,24.190000534057617,16.81924057006836,1300
2005-03-04,24.190000534057617,24.190000534057617,24.190000534057617,24.190000534057617,16.81924057006836,0
2005-03-07,24.25,24.25,23.719999313354492,23.719999313354492,16.492448806762695,1600
2005-03-08,23.530000686645508,23.540000915527344,22.81999969482422,22.81999969482422,15.866682052612305,2300
2005-03-09,22.510000228881836,22.639999389648438,22.5,22.6200008392334,15.727622985839844,2500
2005-03-10,22.510000228881836,22.93000030517578,22.510000228881836,22.93000030517578,15.943160057067871,2300
2005-03-11,22.860000610351562,23.0,22.6200008392334,23.0,15.991828918457031,2200
2005-03-14,22.860000610351562,22.989999771118164,22.860000610351562,22.989999771118164,15.984882354736328,1400
2005-03-15,22.770000457763672,22.780000686645508,22.260000228881836,22.420000076293945,15.588562965393066,3600
2005-03-16,22.950000762939453,22.950000762939453,22.030000686645508,22.030000686645508,15.317399024963379,1900
2005-03-17,22.0,22.110000610351562,21.700000762939453,22.0,15.296536445617676,5000
2005-03-18,22.389999389648438,22.389999389648438,22.239999771118164,22.239999771118164,15.463410377502441,1500
2005-03-21,22.889999389648438,23.079999923706055,22.079999923706055,22.56999969482422,15.692846298217773,9900
2005-03-22,21.790000915527344,22.399999618530273,21.790000915527344,22.350000381469727,15.53989315032959,2100
2005-03-23,21.739999771118164,22.6200008392334,21.670000076293945,21.670000076293945,15.067086219787598,3700
2005-03-24,22.0,22.0,21.760000228881836,21.920000076293945,15.240912437438965,2600
2005-03-28,21.989999771118164,22.010000228881836,21.920000076293945,21.920000076293945,15.240912437438965,2400
2005-03-29,22.0,22.1200008392334,21.600000381469727,22.100000381469727,15.366059303283691,3900
2005-03-30,21.899999618530273,22.110000610351562,21.670000076293945,22.110000610351562,15.373016357421875,800
2005-03-31,22.170000076293945,22.290000915527344,21.549999237060547,22.139999389648438,15.393880844116211,3200
2005-04-01,22.1299991607666,22.1299991607666,21.770000457763672,21.770000457763672,15.136616706848145,1300
2005-04-04,21.860000610351562,21.860000610351562,21.799999237060547,21.799999237060547,15.157479286193848,2300
2005-04-05,21.809999465942383,21.809999465942383,21.809999465942383,21.809999465942383,15.164429664611816,800
2005-04-06,21.809999465942383,21.809999465942383,21.299999237060547,21.299999237060547,14.809829711914062,7000
2005-04-07,21.510000228881836,21.510000228881836,19.760000228881836,20.06999969482422,13.954611778259277,15500
2005-04-08,20.049999237060547,20.049999237060547,19.549999237060547,19.549999237060547,13.593058586120605,23800
2005-04-11,19.75,19.770000457763672,19.530000686645508,19.770000457763672,13.74601936340332,1100
2005-04-12,19.75,19.889999389648438,19.75,19.799999237060547,13.766884803771973,1500
2005-04-13,20.100000381469727,20.299999237060547,20.0,20.0,13.905942916870117,2200
2005-04-14,20.0,20.0,20.0,20.0,13.905942916870117,0
2005-04-15,20.020000457763672,20.020000457763672,19.75,19.93000030517578,13.85727310180664,3000
2005-04-18,19.90999984741211,19.90999984741211,19.5,19.520000457763672,13.572203636169434,3700
2005-04-19,19.350000381469727,19.700000762939453,19.350000381469727,19.399999618530273,13.488762855529785,9000
2005-04-20,19.399999618530273,20.350000381469727,19.399999618530273,20.0,13.905942916870117,5100
2005-04-21,19.799999237060547,20.100000381469727,19.799999237060547,20.100000381469727,13.975470542907715,3000
2005-04-22,20.25,20.25,19.549999237060547,20.0,13.905942916870117,5000
2005-04-25,20.25,20.25,19.350000381469727,19.350000381469727,13.454004287719727,900
2005-04-26,19.399999618530273,19.399999618530273,19.299999237060547,19.299999237060547,13.419233322143555,1000
2005-04-27,19.5,19.5,19.25,19.489999771118164,13.551340103149414,12100
2005-04-28,19.280000686645508,19.5,19.0,19.139999389648438,13.307990074157715,10700
2005-04-29,19.270000457763672,20.0,19.270000457763672,19.860000610351562,13.808592796325684,5500
2005-05-02,19.5,19.90999984741211,19.5,19.700000762939453,13.697355270385742,1100
2005-05-03,20.0,21.25,20.0,21.25,14.775065422058105,20900
2005-05-04,21.25,21.25,20.860000610351562,20.860000610351562,14.579367637634277,900
2005-05-05,21.389999389648438,21.5,21.25,21.469999313354492,15.00571060180664,5500
2005-05-06,21.5,21.600000381469727,21.459999084472656,21.600000381469727,15.096562385559082,5500
2005-05-09,21.25,21.600000381469727,21.25,21.600000381469727,15.096562385559082,1300
2005-05-10,21.299999237060547,21.600000381469727,21.110000610351562,21.600000381469727,15.096562385559082,6500
2005-05-11,21.299999237060547,21.549999237060547,20.8700008392334,20.8700008392334,14.58635425567627,10900
2005-05-12,20.850000381469727,21.600000381469727,20.850000381469727,21.329999923706055,14.907859802246094,7600
2005-05-13,20.899999618530273,20.899999618530273,20.899999618530273,20.899999618530273,14.607325553894043,800
2005-05-16,21.0,21.600000381469727,21.0,21.600000381469727,15.096562385559082,23700
2005-05-17,21.600000381469727,21.700000762939453,21.600000381469727,21.700000762939453,15.166455268859863,500
2005-05-18,21.260000228881836,21.700000762939453,21.260000228881836,21.700000762939453,15.166455268859863,800
2005-05-19,21.700000762939453,22.0,21.149999618530273,22.0,15.37613296508789,3700
2005-05-20,22.0,22.0,22.0,22.0,15.37613296508789,1300
2005-05-23,21.770000457763672,21.770000457763672,21.770000457763672,21.770000457763672,15.215375900268555,100
2005-05-24,22.0,22.0,21.8700008392334,22.0,15.37613296508789,2600
2005-05-25,22.0,22.290000915527344,22.0,22.290000915527344,15.578814506530762,15900
2005-05-26,21.940000534057617,22.799999237060547,21.940000534057617,22.559999465942383,15.767520904541016,18800
2005-05-27,22.799999237060547,22.799999237060547,22.75,22.75,15.90031623840332,2500
2005-05-31,22.649999618530273,22.780000686645508,22.15999984741211,22.780000686645508,15.921281814575195,8000
2005-06-01,22.68000030517578,22.799999237060547,21.549999237060547,22.06999969482422,15.425058364868164,6500
2005-06-02,21.93000030517578,22.790000915527344,21.93000030517578,22.790000915527344,15.928272247314453,5700
2005-06-03,22.639999389648438,22.940000534057617,22.600000381469727,22.940000534057617,16.033111572265625,4400
2005-06-06,22.940000534057617,23.100000381469727,22.940000534057617,23.049999237060547,16.109987258911133,7200
2005-06-07,23.100000381469727,23.520000457763672,23.09000015258789,23.520000457763672,16.438478469848633,11300
2005-06-08,22.90999984741211,23.989999771118164,22.90999984741211,23.989999771118164,16.766965866088867,3300
2005-06-09,24.0,24.040000915527344,22.700000762939453,23.93000030517578,16.725038528442383,11300
2005-06-10,23.360000610351562,23.989999771118164,23.360000610351562,23.989999771118164,16.766965866088867,6200
2005-06-13,23.989999771118164,23.989999771118164,23.8799991607666,23.989999771118164,16.766965866088867,4900
2005-06-14,23.8799991607666,23.989999771118164,23.229999542236328,23.989999771118164,16.766965866088867,3200
2005-06-15,22.700000762939453,24.440000534057617,22.700000762939453,24.440000534057617,17.081485748291016,21600
2005-06-16,24.31999969482422,24.459999084472656,23.709999084472656,24.389999389648438,17.046533584594727,8000
2005-06-17,24.31999969482422,24.389999389648438,24.139999389648438,24.389999389648438,17.046533584594727,2900
2005-06-20,24.5,24.5,24.09000015258789,24.450000762939453,17.088468551635742,6400
2005-06-21,24.1299991607666,24.459999084472656,24.1299991607666,24.459999084472656,17.095457077026367,4500
2005-06-22,24.260000228881836,24.459999084472656,24.1299991607666,24.459999084472656,17.095457077026367,4700
2005-06-23,24.389999389648438,24.399999618530273,24.100000381469727,24.290000915527344,16.97664451599121,2900
2005-06-24,24.399999618530273,24.459999084472656,23.34000015258789,23.350000381469727,16.319665908813477,235700
2005-06-27,23.469999313354492,23.559999465942383,21.65999984741211,22.350000381469727,15.620755195617676,40100
2005-06-28,22.270000457763672,23.510000228881836,21.93000030517578,22.860000610351562,15.977198600769043,26900
2005-06-29,22.56999969482422,23.010000228881836,22.56999969482422,22.979999542236328,16.061063766479492,5700
2005-06-30,23.040000915527344,23.040000915527344,22.389999389648438,22.68000030517578,15.851391792297363,10900
2005-07-01,22.049999237060547,22.290000915527344,22.049999237060547,22.270000457763672,15.564839363098145,5000
2005-07-05,22.479999542236328,22.979999542236328,22.469999313354492,22.799999237060547,15.935261726379395,7400
2005-07-06,22.969999313354492,23.25,22.719999313354492,22.719999313354492,15.87934684753418,2400
2005-07-07,22.59000015258789,22.989999771118164,22.510000228881836,22.520000457763672,15.739564895629883,12500
2005-07-08,22.5,24.3700008392334,22.5,24.15999984741211,16.88578987121582,8700
2005-07-11,24.309999465942383,24.459999084472656,24.239999771118164,24.399999618530273,17.053525924682617,4100
2005-07-12,24.459999084472656,24.459999084472656,23.06999969482422,23.5,16.424503326416016,11800
2005-07-13,23.309999465942383,23.709999084472656,23.299999237060547,23.540000915527344,16.45246124267578,4700
2005-07-14,23.790000915527344,23.790000915527344,23.100000381469727,23.100000381469727,16.144943237304688,1500
2005-07-15,23.0,23.959999084472656,23.0,23.5,16.424503326416016,15500
2005-07-18,23.360000610351562,23.84000015258789,23.0,23.020000457763672,16.089025497436523,7200
2005-07-19,23.5,24.0,23.170000076293945,24.0,16.77396011352539,3800
2005-07-20,23.6299991607666,24.100000381469727,23.3700008392334,24.100000381469727,16.843852996826172,1900
2005-07-21,23.829999923706055,24.010000228881836,23.43000030517578,23.459999084472656,16.396547317504883,1600
2005-07-22,24.0,24.239999771118164,23.049999237060547,24.010000228881836,16.78094482421875,14600
2005-07-25,23.959999084472656,24.459999084472656,23.479999542236328,23.510000228881836,16.431489944458008,21200
2005-07-26,23.299999237060547,24.5,23.299999237060547,24.5,17.1234188079834,15400
2005-07-27,24.1299991607666,24.510000228881836,23.290000915527344,23.969999313354492,16.75299644470215,15400
2005-07-28,23.65999984741211,24.280000686645508,23.5,24.25,16.948684692382812,6600
2005-07-29,24.25,24.459999084472656,23.920000076293945,24.3799991607666,17.039548873901367,15900
2005-08-01,24.079999923706055,24.989999771118164,23.8799991607666,24.40999984741211,17.137840270996094,9700
2005-08-02,24.459999084472656,24.459999084472656,23.719999313354492,23.8799991607666,16.76573371887207,4000
2005-08-03,23.639999389648438,24.040000915527344,23.549999237060547,24.040000915527344,16.878074645996094,5900
2005-08-04,24.040000915527344,24.040000915527344,22.90999984741211,23.229999542236328,16.30938720703125,9200
2005-08-05,23.5,23.8700008392334,22.540000915527344,22.56999969482422,15.846012115478516,9700
2005-08-08,22.829999923706055,24.040000915527344,22.540000915527344,22.68000030517578,15.923235893249512,8100
2005-08-09,22.979999542236328,23.690000534057617,21.850000381469727,22.43000030517578,15.747712135314941,20800
2005-08-10,22.719999313354492,22.969999313354492,22.510000228881836,22.780000686645508,15.993439674377441,2300
2005-08-11,22.639999389648438,24.229999542236328,22.5,24.229999542236328,17.011465072631836,9300
2005-08-12,24.0,24.139999389648438,22.610000610351562,22.889999389648438,16.070669174194336,9000
2005-08-15,22.540000915527344,23.6299991607666,22.540000915527344,23.489999771118164,16.49192237854004,5400
2005-08-16,22.959999084472656,23.100000381469727,22.290000915527344,22.950000762939453,16.112794876098633,33400
2005-08-17,23.5,23.5,22.43000030517578,22.700000762939453,15.937276840209961,4200
2005-08-18,22.600000381469727,22.639999389648438,22.600000381469727,22.600000381469727,15.867073059082031,3700
2005-08-19,22.809999465942383,23.34000015258789,22.649999618530273,23.049999237060547,16.183006286621094,9800
2005-08-22,23.0,23.100000381469727,22.700000762939453,23.100000381469727,16.218120574951172,14800
2005-08-23,23.31999969482422,23.489999771118164,23.049999237060547,23.200000762939453,16.28831672668457,31600
2005-08-24,23.0,23.469999313354492,23.0,23.399999618530273,16.42873764038086,7700
2005-08-25,23.049999237060547,23.139999389648438,22.799999237060547,23.139999389648438,16.24619483947754,6000
2005-08-26,22.850000381469727,23.360000610351562,22.649999618530273,22.889999389648438,16.070669174194336,16100
2005-08-29,23.09000015258789,23.5,23.0,23.450000762939453,16.46383285522461,60300
2005-08-30,23.5,23.5,22.899999618530273,23.25,16.323423385620117,7200
2005-08-31,23.459999084472656,23.8700008392334,23.290000915527344,23.700000762939453,16.63935089111328,5900
2005-09-01,24.0,24.0,23.440000534057617,23.799999237060547,16.70956802368164,5000
2005-09-02,23.440000534057617,23.5,23.209999084472656,23.260000228881836,16.330448150634766,700
2005-09-06,23.25,23.479999542236328,23.149999618530273,23.479999542236328,16.484899520874023,1600
2005-09-07,23.270000457763672,23.479999542236328,23.100000381469727,23.389999389648438,16.421716690063477,9700
2005-09-08,23.149999618530273,23.469999313354492,23.100000381469727,23.149999618530273,16.253215789794922,46500
2005-09-09,23.15999984741211,23.479999542236328,23.15999984741211,23.420000076293945,16.442787170410156,6600
2005-09-12,23.350000381469727,23.489999771118164,23.219999313354492,23.479999542236328,16.484899520874023,3700
2005-09-13,23.350000381469727,23.399999618530273,22.770000457763672,23.06999969482422,16.197053909301758,17500
2005-09-14,22.700000762939453,23.40999984741211,22.579999923706055,22.850000381469727,16.0425968170166,3300
2005-09-15,22.510000228881836,23.100000381469727,22.0,22.299999237060547,15.656444549560547,18200
2005-09-16,22.520000457763672,23.049999237060547,22.25,22.5,15.796859741210938,32900
2005-09-19,22.760000228881836,23.15999984741211,22.280000686645508,22.65999984741211,15.909200668334961,7600
2005-09-20,23.420000076293945,23.420000076293945,22.459999084472656,22.700000762939453,15.937276840209961,2200
2005-09-21,22.889999389648438,23.25,22.34000015258789,22.350000381469727,15.691550254821777,7600
2005-09-22,22.799999237060547,22.799999237060547,22.350000381469727,22.360000610351562,15.69857120513916,7500
2005-09-23,22.360000610351562,22.520000457763672,22.350000381469727,22.450000762939453,15.761761665344238,3000
2005-09-26,22.309999465942383,23.049999237060547,22.06999969482422,23.049999237060547,16.183006286621094,14900
2005-09-27,23.1200008392334,23.1200008392334,22.059999465942383,22.219999313354492,15.6002779006958,1200
2005-09-28,22.0,22.15999984741211,21.399999618530273,21.799999237060547,15.30540657043457,7600
2005-09-29,22.030000686645508,22.280000686645508,21.75,22.280000686645508,15.642399787902832,2900
2005-09-30,22.5,22.799999237060547,22.1200008392334,22.799999237060547,16.007484436035156,3700
2005-10-03,22.799999237060547,22.799999237060547,22.799999237060547,22.799999237060547,16.007484436035156,0
2005-10-04,23.0,23.0,22.260000228881836,22.260000228881836,15.628364562988281,1500
2005-10-05,22.25,22.68000030517578,21.75,21.75,15.270304679870605,10000
2005-10-06,21.760000228881836,22.440000534057617,21.75,21.760000228881836,15.277321815490723,7400
2005-10-07,22.0,22.3799991607666,21.809999465942383,21.809999465942383,15.312423706054688,5000
2005-10-10,21.93000030517578,22.59000015258789,21.850000381469727,21.93000030517578,15.396673202514648,8900
2005-10-11,22.049999237060547,22.440000534057617,21.780000686645508,21.780000686645508,15.291370391845703,3600
2005-10-12,22.15999984741211,22.459999084472656,22.0,22.0,15.445819854736328,14200
2005-10-13,21.850000381469727,22.0,21.75,22.0,15.445819854736328,5800
2005-10-14,22.0,22.690000534057617,21.799999237060547,22.690000534057617,15.930253982543945,2400
2005-10-17,22.969999313354492,23.219999313354492,22.270000457763672,22.559999465942383,15.8389892578125,1200
2005-10-18,22.93000030517578,22.93000030517578,21.950000762939453,22.440000534057617,15.754739761352539,4000
2005-10-19,22.170000076293945,22.559999465942383,21.959999084472656,22.559999465942383,15.8389892578125,3400
2005-10-20,22.649999618530273,22.829999923706055,21.950000762939453,21.959999084472656,15.417736053466797,2400
2005-10-21,21.950000762939453,22.65999984741211,21.950000762939453,22.280000686645508,15.642399787902832,1900
2005-10-24,22.59000015258789,23.489999771118164,22.360000610351562,23.489999771118164,16.49192237854004,4000
2005-10-25,23.440000534057617,23.489999771118164,23.170000076293945,23.479999542236328,16.484899520874023,5500
2005-10-26,23.31999969482422,23.450000762939453,22.510000228881836,22.920000076293945,16.091732025146484,29000
2005-10-27,23.290000915527344,23.479999542236328,23.0,23.350000381469727,16.393630981445312,49200
2005-10-28,23.489999771118164,23.489999771118164,23.239999771118164,23.350000381469727,16.478317260742188,9000
2005-10-31,23.489999771118164,23.489999771118164,23.290000915527344,23.489999771118164,16.577117919921875,9500
2005-11-01,23.280000686645508,23.350000381469727,23.239999771118164,23.239999771118164,16.40068817138672,6400
2005-11-02,23.43000030517578,23.979999542236328,23.43000030517578,23.920000076293945,16.880571365356445,6700
2005-11-03,24.0,24.0,23.25,23.290000915527344,16.435977935791016,94500
2005-11-04,23.639999389648438,23.639999389648438,23.25,23.34000015258789,16.471261978149414,9700
2005-11-07,23.209999084472656,23.290000915527344,22.770000457763672,23.18000030517578,16.358348846435547,17600
2005-11-08,23.229999542236328,23.68000030517578,23.010000228881836,23.649999618530273,16.69002914428711,4000
2005-11-09,23.420000076293945,24.0,23.420000076293945,23.729999542236328,16.74648094177246,13000
2005-11-10,23.790000915527344,24.040000915527344,23.530000686645508,23.8799991607666,16.85234832763672,10700
2005-11-11,24.030000686645508,24.030000686645508,24.0,24.0,16.93703269958496,900
2005-11-14,24.079999923706055,24.079999923706055,23.520000457763672,23.780000686645508,16.78177261352539,6700
2005-11-15,23.950000762939453,23.950000762939453,23.5,23.739999771118164,16.7535457611084,4000
2005-11-16,23.559999465942383,23.559999465942383,23.5,23.5,16.584171295166016,3600
2005-11-17,23.829999923706055,23.93000030517578,23.799999237060547,23.899999618530273,16.866451263427734,1500
2005-11-18,24.0,24.0,23.75,23.81999969482422,16.809993743896484,10700
2005-11-21,24.040000915527344,24.049999237060547,23.799999237060547,24.049999237060547,16.972314834594727,4400
2005-11-22,24.0,24.079999923706055,24.0,24.079999923706055,16.993478775024414,3100
2005-11-23,24.09000015258789,24.09000015258789,24.09000015258789,24.09000015258789,17.000539779663086,300
2005-11-25,24.149999618530273,24.149999618530273,24.149999618530273,24.149999618530273,17.04288673400879,700
2005-11-28,23.850000381469727,24.170000076293945,23.209999084472656,23.350000381469727,16.478317260742188,12700
2005-11-29,23.309999465942383,24.559999465942383,23.309999465942383,23.549999237060547,16.619464874267578,9800
2005-11-30,23.479999542236328,24.0,22.950000762939453,23.049999237060547,16.266599655151367,12400
2005-12-01,23.299999237060547,23.610000610351562,23.280000686645508,23.610000610351562,16.661802291870117,7000
2005-12-02,23.510000228881836,23.93000030517578,23.5,23.639999389648438,16.68297004699707,5400
2005-12-05,23.639999389648438,23.639999389648438,23.149999618530273,23.290000915527344,16.435977935791016,1500
2005-12-06,23.68000030517578,24.149999618530273,23.25,23.309999465942383,16.45008659362793,7600
2005-12-07,23.649999618530273,23.719999313354492,23.200000762939453,23.280000686645508,16.42891502380371,4300
2005-12-08,23.280000686645508,23.3799991607666,23.270000457763672,23.309999465942383,16.45008659362793,600
2005-12-09,23.219999313354492,23.93000030517578,23.200000762939453,23.540000915527344,16.612403869628906,9300
2005-12-12,23.780000686645508,23.780000686645508,23.110000610351562,23.360000610351562,16.485370635986328,5200
2005-12-13,23.100000381469727,23.31999969482422,23.100000381469727,23.18000030517578,16.358348846435547,1200
2005-12-14,23.739999771118164,23.739999771118164,23.15999984741211,23.309999465942383,16.45008659362793,4700
2005-12-15,23.0,23.299999237060547,23.0,23.299999237060547,16.443031311035156,3700
2005-12-16,23.18000030517578,23.229999542236328,23.030000686645508,23.229999542236328,16.393630981445312,30300
2005-12-19,23.56999969482422,23.56999969482422,22.299999237060547,22.700000762939453,16.019601821899414,9200
2005-12-20,22.3700008392334,22.510000228881836,22.229999542236328,22.510000228881836,15.885517120361328,7800
2005-12-21,22.510000228881836,22.75,22.5,22.5,15.878460884094238,3500
2005-12-22,22.5,23.209999084472656,22.31999969482422,23.010000228881836,16.238370895385742,9800
2005-12-23,22.649999618530273,23.270000457763672,22.649999618530273,23.1299991607666,16.323060989379883,2800
2005-12-27,22.520000457763672,22.610000610351562,22.350000381469727,22.610000610351562,15.95608901977539,1000
2005-12-28,22.6200008392334,23.829999923706055,22.31999969482422,23.229999542236328,16.393630981445312,11100
2005-12-29,23.100000381469727,23.15999984741211,22.920000076293945,22.940000534057617,16.188980102539062,2600
2005-12-30,22.770000457763672,23.239999771118164,22.479999542236328,22.790000915527344,16.08312225341797,2900
2006-01-03,22.579999923706055,22.75,22.15999984741211,22.540000915527344,15.906691551208496,9900
2006-01-04,23.360000610351562,23.360000610351562,22.579999923706055,22.760000228881836,16.06195068359375,2500
2006-01-05,22.770000457763672,23.040000915527344,22.770000457763672,23.040000915527344,16.259544372558594,4700
2006-01-06,23.25,23.25,22.440000534057617,22.459999084472656,15.850236892700195,9800
2006-01-09,22.68000030517578,23.010000228881836,22.34000015258789,22.719999313354492,16.03371810913086,11600
2006-01-10,22.479999542236328,22.850000381469727,22.479999542236328,22.760000228881836,16.06195068359375,1000
2006-01-11,22.979999542236328,22.979999542236328,22.450000762939453,22.920000076293945,16.17486572265625,5500
2006-01-12,22.799999237060547,23.0,22.780000686645508,22.850000381469727,16.125465393066406,2800
2006-01-13,22.540000915527344,22.540000915527344,22.5,22.5,15.878460884094238,1300
2006-01-17,22.450000762939453,22.75,22.450000762939453,22.600000381469727,15.949039459228516,1900
2006-01-18,22.8700008392334,22.8700008392334,22.600000381469727,22.75,16.054893493652344,1100
2006-01-19,22.979999542236328,23.0,22.670000076293945,22.670000076293945,15.998437881469727,2200
2006-01-20,23.0,23.0,22.75,22.75,16.054893493652344,5000
2006-01-23,22.940000534057617,22.950000762939453,22.75,22.950000762939453,16.19603157043457,1200
2006-01-24,23.0,23.389999389648438,23.0,23.25,16.407743453979492,13000
2006-01-25,23.25,23.43000030517578,23.200000762939453,23.40999984741211,16.52066421508789,1800
2006-01-26,23.739999771118164,23.950000762939453,23.719999313354492,23.93000030517578,16.88762855529785,1700
2006-01-27,23.989999771118164,24.65999984741211,23.979999542236328,24.3700008392334,17.19814109802246,6800
2006-01-30,24.479999542236328,24.600000381469727,24.479999542236328,24.540000915527344,17.41098976135254,7600
2006-01-31,24.139999389648438,24.600000381469727,24.139999389648438,24.43000030517578,17.33294677734375,3400
2006-02-01,24.5,24.600000381469727,24.5,24.579999923706055,17.439373016357422,4800
2006-02-02,24.649999618530273,24.770000457763672,24.56999969482422,24.56999969482422,17.43227195739746,11300
2006-02-03,24.649999618530273,24.979999542236328,24.649999618530273,24.979999542236328,17.723163604736328,1100
2006-02-06,24.90999984741211,25.0,24.90999984741211,25.0,17.737350463867188,4200
2006-02-07,25.280000686645508,25.489999771118164,25.0,25.059999465942383,17.77992057800293,8800
2006-02-08,25.110000610351562,25.299999237060547,24.729999542236328,24.90999984741211,17.673500061035156,6900
2006-02-09,24.84000015258789,25.06999969482422,24.75,24.760000228881836,17.567081451416016,3200
2006-02-10,24.770000457763672,25.149999618530273,24.770000457763672,25.0,17.737350463867188,6400
2006-02-13,24.760000228881836,25.010000228881836,24.600000381469727,24.700000762939453,17.52450942993164,24400
2006-02-14,24.989999771118164,25.200000762939453,24.989999771118164,25.049999237060547,17.772830963134766,1500
2006-02-15,25.25,25.420000076293945,25.25,25.299999237060547,17.95020294189453,2300
2006-02-16,24.8799991607666,25.5,24.8799991607666,25.399999618530273,18.021156311035156,2100
2006-02-17,25.56999969482422,25.950000762939453,25.1200008392334,25.829999923706055,18.326234817504883,4500
2006-02-21,25.81999969482422,25.829999923706055,25.559999465942383,25.6200008392334,18.17724609375,2700
2006-02-22,25.8799991607666,26.0,25.670000076293945,25.670000076293945,18.21271514892578,4500
2006-02-23,25.84000015258789,26.329999923706055,25.690000534057617,25.700000762939453,18.234004974365234,2200
2006-02-24,25.75,26.15999984741211,25.06999969482422,25.309999465942383,17.957300186157227,11900
2006-02-27,25.56999969482422,25.75,24.850000381469727,25.049999237060547,17.772830963134766,6500
2006-02-28,25.0,25.18000030517578,25.0,25.020000457763672,17.75154685974121,4200
2006-03-01,24.809999465942383,25.75,24.809999465942383,25.75,18.26948356628418,4600
2006-03-02,25.899999618530273,26.479999542236328,25.290000915527344,25.530000686645508,18.113386154174805,3700
2006-03-03,25.559999465942383,26.25,25.559999465942383,26.25,18.62421989440918,1300
2006-03-06,26.0,26.0,25.030000686645508,25.25,17.91472816467285,15400
2006-03-07,25.25,25.600000381469727,25.25,25.469999313354492,18.070819854736328,4100
2006-03-08,25.479999542236328,25.739999771118164,25.399999618530273,25.649999618530273,18.198524475097656,10000
2006-03-09,25.520000457763672,25.959999084472656,25.399999618530273,25.510000228881836,18.099199295043945,7900
2006-03-10,25.489999771118164,25.649999618530273,25.489999771118164,25.649999618530273,18.198524475097656,3500
2006-03-13,26.25,26.389999389648438,25.8700008392334,25.8700008392334,18.3546142578125,2800
2006-03-14,26.020000457763672,26.5,25.459999084472656,26.229999542236328,18.61003875732422,5800
2006-03-15,26.450000762939453,26.450000762939453,26.200000762939453,26.200000762939453,18.58875274658203,2900
2006-03-16,26.0,26.18000030517578,25.829999923706055,26.149999618530273,18.553272247314453,8200
2006-03-17,26.149999618530273,26.149999618530273,25.790000915527344,25.90999984741211,18.382993698120117,40000
2006-03-20,26.09000015258789,26.09000015258789,25.719999313354492,26.0,18.446849822998047,4500
2006-03-21,25.139999389648438,26.0,25.06999969482422,25.139999389648438,17.83668327331543,9800
2006-03-22,25.010000228881836,25.059999465942383,25.0,25.030000686645508,17.758642196655273,2200
2006-03-23,25.520000457763672,25.520000457763672,25.209999084472656,25.389999389648438,18.01405906677246,2600
2006-03-24,25.799999237060547,25.799999237060547,25.510000228881836,25.799999237060547,18.30495262145996,2300
2006-03-27,25.809999465942383,25.809999465942383,25.549999237060547,25.799999237060547,18.30495262145996,1000
2006-03-28,25.940000534057617,26.0,25.809999465942383,25.809999465942383,18.31204605102539,1000
2006-03-29,25.799999237060547,25.850000381469727,25.59000015258789,25.799999237060547,18.30495262145996,5700
2006-03-30,25.549999237060547,25.75,25.5,25.700000762939453,18.234004974365234,1600
2006-03-31,25.700000762939453,25.760000228881836,25.579999923706055,25.760000228881836,18.27657127380371,4500
2006-04-03,25.989999771118164,25.989999771118164,25.079999923706055,25.219999313354492,17.89344024658203,8700
2006-04-04,25.389999389648438,25.479999542236328,25.209999084472656,25.209999084472656,17.8863525390625,900
2006-04-05,25.0,25.15999984741211,24.90999984741211,25.06999969482422,17.78702163696289,1300
2006-04-06,24.950000762939453,25.389999389648438,24.700000762939453,25.3700008392334,17.999866485595703,8500
2006-04-07,25.3700008392334,25.459999084472656,24.790000915527344,24.829999923706055,17.616741180419922,6800
2006-04-10,24.65999984741211,24.829999923706055,24.65999984741211,24.68000030517578,17.510318756103516,4800
2006-04-11,24.5,24.5,23.420000076293945,23.530000686645508,16.69440269470215,5100
2006-04-12,23.690000534057617,23.90999984741211,23.40999984741211,23.75,16.850486755371094,13200
2006-04-13,23.649999618530273,23.8799991607666,23.649999618530273,23.8799991607666,16.94272804260254,3400
2006-04-17,24.110000610351562,24.110000610351562,23.75,23.790000915527344,16.878864288330078,4000
2006-04-18,24.1200008392334,25.170000076293945,24.1200008392334,25.170000076293945,17.85797119140625,4100
2006-04-19,25.040000915527344,25.309999465942383,24.969999313354492,25.309999465942383,17.957300186157227,6400
2006-04-20,24.989999771118164,24.989999771118164,24.600000381469727,24.690000534057617,17.517414093017578,3300
2006-04-21,25.920000076293945,25.920000076293945,23.84000015258789,24.959999084472656,17.708974838256836,8500
2006-04-24,25.25,25.25,24.600000381469727,24.600000381469727,17.453556060791016,4000
2006-04-25,24.799999237060547,24.969999313354492,24.600000381469727,24.969999313354492,17.716066360473633,5400
2006-04-26,25.100000381469727,25.25,24.65999984741211,24.719999313354492,17.53870391845703,4900
2006-04-27,24.5,25.25,24.5,25.139999389648438,17.83668327331543,4400
2006-04-28,25.15999984741211,25.649999618530273,24.68000030517578,25.450000762939453,18.05663299560547,2100
2006-05-01,25.25,25.25,24.5,24.5,17.38260841369629,6600
2006-05-02,24.600000381469727,25.3799991607666,24.600000381469727,25.3799991607666,18.006961822509766,12500
2006-05-03,25.40999984741211,25.40999984741211,25.200000762939453,25.299999237060547,18.042617797851562,600
2006-05-04,25.010000228881836,25.5,25.010000228881836,25.5,18.18524169921875,700
2006-05-05,25.479999542236328,25.5,25.200000762939453,25.5,18.18524169921875,2300
2006-05-08,25.299999237060547,25.399999618530273,25.299999237060547,25.299999237060547,18.042617797851562,1200
2006-05-09,25.25,25.670000076293945,25.149999618530273,25.149999618530273,17.935646057128906,1800
2006-05-10,25.350000381469727,25.579999923706055,25.040000915527344,25.040000915527344,17.857202529907227,2200
2006-05-11,25.0,25.030000686645508,24.799999237060547,24.799999237060547,17.686044692993164,10200
2006-05-12,25.0,25.469999313354492,25.0,25.110000610351562,17.907121658325195,44100
2006-05-15,25.0,25.280000686645508,25.0,25.239999771118164,17.999834060668945,5300
2006-05-16,25.479999542236328,25.479999542236328,25.25,25.25,18.0069637298584,1800
2006-05-17,25.0,25.360000610351562,25.0,25.049999237060547,17.86433219909668,2400
2006-05-18,24.8799991607666,25.399999618530273,24.799999237060547,25.06999969482422,17.878597259521484,3700
2006-05-19,25.06999969482422,25.290000915527344,25.06999969482422,25.219999313354492,17.985563278198242,7400
2006-05-22,25.219999313354492,26.0,25.100000381469727,25.940000534057617,18.499032974243164,6100
2006-05-23,25.989999771118164,26.0,25.5,25.5,18.18524169921875,4300
2006-05-24,25.5,25.959999084472656,25.31999969482422,25.959999084472656,18.51329803466797,4200
2006-05-25,25.959999084472656,25.959999084472656,25.610000610351562,25.850000381469727,18.434850692749023,4700
2006-05-26,26.0,26.09000015258789,25.399999618530273,26.0,18.541820526123047,43900
2006-05-30,26.200000762939453,26.209999084472656,25.5,25.5,18.18524169921875,7800
2006-05-31,25.809999465942383,26.100000381469727,25.799999237060547,26.09000015258789,18.60601043701172,6200
2006-06-01,26.31999969482422,26.350000381469727,25.670000076293945,25.75,18.363542556762695,22400
2006-06-02,25.799999237060547,26.059999465942383,25.75,26.010000228881836,18.548954010009766,13900
2006-06-05,25.860000610351562,26.190000534057617,25.649999618530273,25.709999084472656,18.33500862121582,7800
2006-06-06,25.75,25.850000381469727,25.559999465942383,25.75,18.363542556762695,7000
2006-06-07,25.989999771118164,26.049999237060547,25.75,25.81999969482422,18.41345977783203,7200
2006-06-08,25.799999237060547,26.260000228881836,25.760000228881836,26.1200008392334,18.627403259277344,91600
2006-06-09,25.959999084472656,26.850000381469727,25.959999084472656,26.56999969482422,18.948318481445312,5300
2006-06-12,26.809999465942383,26.899999618530273,25.780000686645508,25.8700008392334,18.449111938476562,15900
2006-06-13,25.899999618530273,26.5,25.709999084472656,26.270000457763672,18.734371185302734,6900
2006-06-14,26.270000457763672,26.299999237060547,25.989999771118164,25.989999771118164,18.53469467163086,4300
2006-06-15,26.18000030517578,27.0,26.100000381469727,27.0,19.25497055053711,35200
2006-06-16,27.0,27.010000228881836,26.799999237060547,26.799999237060547,19.11233901977539,65100
2006-06-19,27.010000228881836,27.389999389648438,26.8700008392334,27.260000228881836,19.440387725830078,9700
2006-06-20,27.399999618530273,27.399999618530273,26.899999618530273,26.950000762939453,19.219310760498047,9000
2006-06-21,27.200000762939453,27.399999618530273,27.1299991607666,27.309999465942383,19.476051330566406,2600
2006-06-22,27.399999618530273,27.5,27.010000228881836,27.440000534057617,19.568750381469727,4400
2006-06-23,26.950000762939453,27.059999465942383,26.81999969482422,26.84000015258789,19.140869140625,3800
2006-06-26,26.649999618530273,27.75,26.649999618530273,27.68000030517578,19.739912033081055,11500
2006-06-27,27.75,28.5,27.520000457763672,28.06999969482422,20.018035888671875,14500
2006-06-28,28.489999771118164,28.489999771118164,28.040000915527344,28.219999313354492,20.12500762939453,2400
2006-06-29,28.5,28.5,27.84000015258789,28.200000762939453,20.11075210571289,11700
2006-06-30,28.09000015258789,28.190000534057617,26.219999313354492,26.219999313354492,18.69871711730957,81900
2006-07-03,26.469999313354492,27.670000076293945,26.3799991607666,27.360000610351562,19.51170539855957,15700
2006-07-05,26.969999313354492,27.739999771118164,26.56999969482422,26.729999542236328,19.06241798400879,13300
2006-07-06,27.020000457763672,27.229999542236328,26.3700008392334,26.84000015258789,19.140869140625,10100
2006-07-07,26.90999984741211,26.969999313354492,26.5,26.5,18.898395538330078,3500
2006-07-10,26.5,26.790000915527344,26.5,26.790000915527344,19.105209350585938,4800
2006-07-11,26.6200008392334,28.200000762939453,26.34000015258789,28.15999984741211,20.08222198486328,20400
2006-07-12,27.950000762939453,28.010000228881836,27.030000686645508,27.360000610351562,19.51170539855957,9200
2006-07-13,26.940000534057617,27.700000762939453,26.3799991607666,26.3799991607666,18.812822341918945,10000
2006-07-14,27.149999618530273,27.149999618530273,25.549999237060547,25.700000762939453,18.327884674072266,7100
2006-07-17,25.700000762939453,25.979999542236328,25.700000762939453,25.719999313354492,18.342144012451172,3100
2006-07-18,26.15999984741211,26.739999771118164,26.0,26.25,18.72010612487793,5100
2006-07-19,26.719999313354492,27.229999542236328,26.229999542236328,27.200000762939453,19.397600173950195,6900
2006-07-20,27.709999084472656,27.709999084472656,26.770000457763672,26.770000457763672,19.090953826904297,5500
2006-07-21,26.760000228881836,26.760000228881836,26.5,26.6299991607666,18.991107940673828,4100
2006-07-24,27.270000457763672,28.0,27.270000457763672,28.0,19.968124389648438,6600
2006-07-25,28.0,29.399999618530273,27.93000030517578,29.399999618530273,20.966522216796875,20500
2006-07-26,29.399999618530273,29.989999771118164,28.889999389648438,29.700000762939453,21.180461883544922,18400
2006-07-27,29.25,29.290000915527344,28.1200008392334,28.399999618530273,20.253376007080078,28400
2006-07-28,28.40999984741211,29.25,28.40999984741211,29.239999771118164,20.852418899536133,21800
2006-07-31,29.25,30.100000381469727,29.110000610351562,30.030000686645508,21.415807723999023,43500
2006-08-01,30.100000381469727,30.5,29.889999389648438,30.290000915527344,21.601224899291992,6000
2006-08-02,30.389999389648438,30.829999923706055,30.299999237060547,30.829999923706055,21.986316680908203,6000
2006-08-03,30.950000762939453,31.989999771118164,30.84000015258789,31.25,22.387510299682617,15500
2006-08-04,31.06999969482422,31.959999084472656,31.059999465942383,31.950000762939453,22.88898277282715,29800
2006-08-07,32.11000061035156,33.189998626708984,31.700000762939453,32.790000915527344,23.490768432617188,35400
2006-08-08,33.099998474121094,33.369998931884766,32.72999954223633,32.9900016784668,23.634044647216797,25700
2006-08-09,33.0,33.0,31.260000228881836,31.260000228881836,22.394678115844727,25000
2006-08-10,30.829999923706055,30.829999923706055,29.610000610351562,29.959999084472656,21.463350296020508,25500
2006-08-11,29.68000030517578,29.809999465942383,29.209999084472656,29.209999084472656,20.926050186157227,6700
2006-08-14,30.0,30.350000381469727,29.600000381469727,29.690000534057617,21.269929885864258,17300
2006-08-15,30.0,30.450000762939453,29.559999465942383,30.0,21.492008209228516,8800
2006-08-16,29.850000381469727,30.450000762939453,29.799999237060547,29.799999237060547,21.348726272583008,9900
2006-08-17,30.030000686645508,31.139999389648438,29.719999313354492,30.0,21.492008209228516,19900
2006-08-18,30.0,31.329999923706055,29.760000228881836,31.0,22.208406448364258,19600
2006-08-21,31.0,31.489999771118164,30.899999618530273,31.40999984741211,22.502134323120117,16500
2006-08-22,31.799999237060547,32.369998931884766,31.479999542236328,32.20000076293945,23.068090438842773,28500
2006-08-23,32.5,32.70000076293945,31.65999984741211,31.899999618530273,22.85317039489746,18600
2006-08-24,32.20000076293945,32.849998474121094,31.799999237060547,32.0099983215332,22.931970596313477,17300
2006-08-25,31.969999313354492,32.099998474121094,31.540000915527344,31.540000915527344,22.595260620117188,5100
2006-08-28,31.799999237060547,32.41999816894531,31.219999313354492,31.31999969482422,22.437650680541992,27300
2006-08-29,31.399999618530273,31.940000534057617,31.030000686645508,31.600000381469727,22.63825035095215,29400
2006-08-30,31.5,31.770000457763672,31.31999969482422,31.440000534057617,22.52362823486328,9100
2006-08-31,31.5,31.829999923706055,31.149999618530273,31.360000610351562,22.4663143157959,30500
2006-09-01,31.780000686645508,31.780000686645508,31.18000030517578,31.200000762939453,22.3516902923584,15600
2006-09-05,31.8799991607666,33.040000915527344,31.450000762939453,32.900001525878906,23.56956672668457,50800
2006-09-06,32.900001525878906,32.900001525878906,32.349998474121094,32.5099983215332,23.290164947509766,22100
2006-09-07,32.45000076293945,32.650001525878906,32.45000076293945,32.630001068115234,23.376134872436523,14400
2006-09-08,32.959999084472656,32.959999084472656,32.470001220703125,32.63999938964844,23.3832950592041,7400
2006-09-11,32.970001220703125,32.97999954223633,32.52000045776367,32.61000061035156,23.36181640625,9400
2006-09-12,32.880001068115234,32.880001068115234,32.560001373291016,32.75,23.462114334106445,8200
2006-09-13,32.75,32.75,32.56999969482422,32.75,23.462114334106445,21300
2006-09-14,32.650001525878906,32.75,32.36000061035156,32.75,23.462114334106445,13600
2006-09-15,32.75,32.75,32.619998931884766,32.709999084472656,23.433454513549805,24900
2006-09-18,32.47999954223633,33.0,32.47999954223633,32.529998779296875,23.304506301879883,43800
2006-09-19,32.209999084472656,32.650001525878906,31.899999618530273,32.56999969482422,23.33315658569336,20400
2006-09-20,32.75,32.75,32.18000030517578,32.470001220703125,23.261520385742188,23000
2006-09-21,32.66999816894531,32.68000030517578,32.08000183105469,32.08000183105469,22.98212242126465,4000
2006-09-22,32.09000015258789,32.45000076293945,31.100000381469727,31.110000610351562,22.287212371826172,27700
2006-09-25,31.549999237060547,32.20000076293945,31.209999084472656,31.979999542236328,22.91048240661621,18100
2006-09-26,32.189998626708984,32.189998626708984,31.6200008392334,31.719999313354492,22.72421646118164,6900
2006-09-27,31.75,31.75,31.290000915527344,31.5,22.566612243652344,6800
2006-09-28,31.770000457763672,32.79999923706055,31.739999771118164,31.860000610351562,22.824512481689453,37200
2006-09-29,31.860000610351562,31.860000610351562,31.18000030517578,31.25,22.387510299682617,24000
2006-10-02,31.81999969482422,31.989999771118164,31.170000076293945,31.649999618530273,22.6740665435791,21000
2006-10-03,31.299999237060547,32.25,31.299999237060547,32.099998474121094,22.996450424194336,18700
2006-10-04,32.11000061035156,32.58000183105469,31.809999465942383,32.2400016784668,23.09674072265625,16900
2006-10-05,32.099998474121094,32.25,32.0,32.25,23.103914260864258,16200
2006-10-06,32.29999923706055,32.29999923706055,31.93000030517578,32.099998474121094,22.996450424194336,13800
2006-10-09,32.720001220703125,32.720001220703125,32.130001068115234,32.130001068115234,23.017942428588867,13500
2006-10-10,32.130001068115234,32.25,32.0,32.25,23.103914260864258,11700
2006-10-11,31.899999618530273,32.25,31.899999618530273,32.02000045776367,22.939138412475586,23900
2006-10-12,32.25,33.08000183105469,32.02000045776367,32.939998626708984,23.59822654724121,15100
2006-10-13,32.970001220703125,34.0,32.970001220703125,33.880001068115234,24.271644592285156,12200
2006-10-16,33.900001525878906,34.849998474121094,33.63999938964844,34.79999923706055,24.93072509765625,12000
2006-10-17,34.79999923706055,35.150001525878906,34.5099983215332,35.0,25.074012756347656,16800
2006-10-18,35.0,35.25,34.61000061035156,34.88999938964844,24.99519920349121,7700
2006-10-19,34.70000076293945,35.36000061035156,34.70000076293945,34.83000183105469,24.952228546142578,9900
2006-10-20,34.95000076293945,34.95000076293945,33.52000045776367,33.77000045776367,24.192842483520508,16900
2006-10-23,33.779998779296875,34.36000061035156,33.779998779296875,33.84000015258789,24.242984771728516,7400
2006-10-24,33.709999084472656,33.79999923706055,33.04999923706055,33.27000045776367,23.834640502929688,36400
2006-10-25,33.540000915527344,33.540000915527344,32.45000076293945,32.52000045776367,23.297334671020508,17600
2006-10-26,32.47999954223633,32.560001373291016,31.899999618530273,32.060001373291016,22.967784881591797,11000
2006-10-27,32.599998474121094,32.599998474121094,32.130001068115234,32.150001525878906,23.032264709472656,11100
2006-10-30,31.6299991607666,31.989999771118164,31.010000228881836,31.3799991607666,22.578964233398438,52000
2006-10-31,31.270000457763672,31.3700008392334,31.0,31.010000228881836,22.312734603881836,66600
2006-11-01,31.0,31.18000030517578,30.299999237060547,30.309999465942383,21.809064865112305,57900
2006-11-02,30.25,30.459999084472656,30.110000610351562,30.350000381469727,21.837844848632812,27300
2006-11-03,30.34000015258789,30.760000228881836,30.149999618530273,30.540000915527344,21.97455596923828,19900
2006-11-06,30.399999618530273,30.93000030517578,30.399999618530273,30.700000762939453,22.08968162536621,31800
2006-11-07,30.600000381469727,30.950000762939453,30.600000381469727,30.799999237060547,22.161638259887695,18600
2006-11-08,30.799999237060547,31.950000762939453,30.799999237060547,31.950000762939453,22.989091873168945,91900
2006-11-09,32.0,32.0,31.010000228881836,31.399999618530273,22.593355178833008,8600
2006-11-10,31.270000457763672,31.6200008392334,31.270000457763672,31.6200008392334,22.75164794921875,6400
2006-11-13,31.43000030517578,31.520000457763672,31.110000610351562,31.290000915527344,22.51420021057129,12200
2006-11-14,31.25,32.0,31.200000762939453,31.889999389648438,22.945926666259766,15900
2006-11-15,31.770000457763672,32.29999923706055,31.530000686645508,32.29999923706055,23.240936279296875,18000
2006-11-16,31.950000762939453,32.45000076293945,31.950000762939453,32.150001525878906,23.132999420166016,14400
2006-11-17,32.08000183105469,32.20000076293945,31.350000381469727,31.479999542236328,22.650915145874023,4600
2006-11-20,31.450000762939453,31.950000762939453,31.25,31.700000762939453,22.80921745300293,13500
2006-11-21,31.520000457763672,31.93000030517578,31.520000457763672,31.93000030517578,22.974706649780273,6500
2006-11-22,31.940000534057617,31.989999771118164,31.510000228881836,31.700000762939453,22.80921745300293,2300
2006-11-24,31.309999465942383,31.670000076293945,31.309999465942383,31.399999618530273,22.593355178833008,1100
2006-11-27,31.299999237060547,31.360000610351562,31.149999618530273,31.18000030517578,22.435054779052734,17800
2006-11-28,31.15999984741211,31.469999313354492,31.059999465942383,31.059999465942383,22.348712921142578,16200
2006-11-29,31.40999984741211,31.549999237060547,31.25,31.329999923706055,22.542985916137695,9100
2006-11-30,31.329999923706055,32.0,30.770000457763672,30.770000457763672,22.140047073364258,17700
2006-12-01,30.899999618530273,31.100000381469727,29.950000762939453,30.350000381469727,21.837844848632812,23700
2006-12-04,30.139999389648438,31.229999542236328,30.139999389648438,31.229999542236328,22.471036911010742,4900
2006-12-05,31.15999984741211,31.5,31.15999984741211,31.270000457763672,22.49981117248535,7800
2006-12-06,31.25,31.479999542236328,31.25,31.479999542236328,22.650915145874023,3200
2006-12-07,31.399999618530273,31.5,31.399999618530273,31.459999084472656,22.636520385742188,4800
2006-12-08,31.399999618530273,31.5,31.25,31.3700008392334,22.57176971435547,16700
2006-12-11,31.299999237060547,31.489999771118164,31.190000534057617,31.34000015258789,22.550180435180664,3700
2006-12-12,31.40999984741211,31.479999542236328,31.149999618530273,31.25,22.48542594909668,10900
2006-12-13,31.5,31.5,30.700000762939453,31.0,22.305538177490234,10100
2006-12-14,30.5,31.0,30.5,31.0,22.305538177490234,15200
2006-12-15,31.0,31.0,30.649999618530273,30.850000381469727,22.197612762451172,16900
2006-12-18,30.860000610351562,30.860000610351562,29.540000915527344,29.59000015258789,21.291000366210938,8500
2006-12-19,29.530000686645508,29.6200008392334,29.049999237060547,29.579999923706055,21.283802032470703,7900
2006-12-20,29.899999618530273,29.950000762939453,29.6299991607666,29.760000228881836,21.41332244873047,3900
2006-12-21,29.90999984741211,30.239999771118164,29.170000076293945,29.209999084472656,21.0175724029541,4200
2006-12-22,29.920000076293945,29.920000076293945,29.209999084472656,29.219999313354492,21.024765014648438,3400
2006-12-26,29.010000228881836,29.34000015258789,29.010000228881836,29.229999542236328,21.03196907043457,14800
2006-12-27,29.579999923706055,29.899999618530273,29.549999237060547,29.549999237060547,21.2622127532959,9500
2006-12-28,29.399999618530273,29.639999389648438,29.100000381469727,29.100000381469727,20.93842887878418,53200
2006-12-29,29.110000610351562,29.3799991607666,29.110000610351562,29.34000015258789,21.111120223999023,67100
2007-01-03,29.700000762939453,29.75,29.049999237060547,29.329999923706055,21.10392189025879,10000
2007-01-04,29.219999313354492,29.700000762939453,29.219999313354492,29.65999984741211,21.341371536254883,8100
2007-01-05,29.350000381469727,29.489999771118164,29.0,29.049999237060547,20.90245246887207,11700
2007-01-08,28.889999389648438,29.0,28.75,28.780000686645508,20.70817756652832,16400
2007-01-09,28.780000686645508,29.010000228881836,28.639999389648438,28.770000457763672,20.70097541809082,4700
2007-01-10,28.649999618530273,28.90999984741211,28.649999618530273,28.8700008392334,20.772932052612305,5800
2007-01-11,29.0,29.420000076293945,28.920000076293945,29.229999542236328,21.03196907043457,8100
2007-01-12,29.389999389648438,29.760000228881836,29.389999389648438,29.760000228881836,21.41332244873047,4000
2007-01-16,29.709999084472656,29.709999084472656,28.8799991607666,28.899999618530273,20.794517517089844,7000
2007-01-17,28.950000762939453,29.239999771118164,28.8700008392334,28.8799991607666,20.780128479003906,6200
2007-01-18,29.0,29.649999618530273,29.0,29.5,21.22623634338379,25400
2007-01-19,29.530000686645508,30.489999771118164,29.5,30.489999771118164,21.93857765197754,9500
2007-01-22,30.1299991607666,30.579999923706055,29.65999984741211,29.65999984741211,21.341371536254883,8100
2007-01-23,29.399999618530273,30.450000762939453,29.399999618530273,30.059999465942383,21.629182815551758,26400
2007-01-24,30.549999237060547,30.600000381469727,30.0,30.049999237060547,21.621984481811523,85700
2007-01-25,30.290000915527344,30.5,29.489999771118164,30.1299991607666,21.679540634155273,15100
2007-01-26,30.309999465942383,30.40999984741211,29.600000381469727,30.40999984741211,21.881013870239258,9300
2007-01-29,30.18000030517578,30.670000076293945,30.18000030517578,30.399999618530273,21.87381935119629,6800
2007-01-30,30.6299991607666,30.6299991607666,30.020000457763672,30.139999389648438,21.794281005859375,6100
2007-01-31,30.149999618530273,30.31999969482422,29.940000534057617,30.1299991607666,21.78704833984375,8500
2007-02-01,30.1299991607666,30.149999618530273,29.670000076293945,29.670000076293945,21.45442008972168,5700
2007-02-02,29.65999984741211,29.65999984741211,29.290000915527344,29.31999969482422,21.201335906982422,4900
2007-02-05,29.200000762939453,29.489999771118164,29.200000762939453,29.25,21.150720596313477,7500
2007-02-06,29.399999618530273,29.450000762939453,29.100000381469727,29.329999923706055,21.208568572998047,9900
2007-02-07,29.31999969482422,29.31999969482422,29.110000610351562,29.200000762939453,21.114564895629883,3500
2007-02-08,29.200000762939453,29.530000686645508,29.110000610351562,29.479999542236328,21.317031860351562,9700
2007-02-09,29.389999389648438,29.760000228881836,29.25,29.469999313354492,21.309799194335938,34900
2007-02-12,29.190000534057617,29.6200008392334,29.190000534057617,29.6200008392334,21.41826629638672,18300
2007-02-13,29.610000610351562,29.790000915527344,29.459999084472656,29.760000228881836,21.519506454467773,5100
2007-02-14,29.8799991607666,29.8799991607666,29.200000762939453,29.270000457763672,21.16517448425293,6100
2007-02-15,29.110000610351562,29.110000610351562,28.780000686645508,28.780000686645508,20.81085777282715,5300
2007-02-16,29.010000228881836,29.010000228881836,28.780000686645508,28.780000686645508,20.81085777282715,4900
2007-02-20,28.780000686645508,29.239999771118164,28.760000228881836,28.850000381469727,20.861478805541992,16300
2007-02-21,28.75,29.18000030517578,28.709999084472656,29.18000030517578,21.10009765625,17300
2007-02-22,29.09000015258789,29.09000015258789,28.649999618530273,29.06999969482422,21.020559310913086,5300
2007-02-23,28.969999313354492,28.969999313354492,28.56999969482422,28.68000030517578,20.738544464111328,14200
2007-02-26,28.600000381469727,28.790000915527344,28.219999313354492,28.510000228881836,20.615625381469727,72700
2007-02-27,28.229999542236328,28.510000228881836,28.0,28.350000381469727,20.499927520751953,54300
2007-02-28,28.350000381469727,28.90999984741211,28.350000381469727,28.709999084472656,20.76024627685547,29500
2007-03-01,28.360000610351562,28.959999084472656,28.360000610351562,28.639999389648438,20.709625244140625,10100
2007-03-02,28.639999389648438,28.889999389648438,28.639999389648438,28.670000076293945,20.731321334838867,28200
2007-03-05,28.850000381469727,28.969999313354492,28.639999389648438,28.639999389648438,20.709625244140625,62100
2007-03-06,28.809999465942383,28.93000030517578,28.110000610351562,28.520000457763672,20.62285614013672,7700
2007-03-07,28.610000610351562,28.610000610351562,28.049999237060547,28.270000457763672,20.44208526611328,14400
2007-03-08,28.440000534057617,28.440000534057617,28.0,28.0,20.246845245361328,13900
2007-03-09,28.280000686645508,28.299999237060547,28.0,28.09000015258789,20.311914443969727,5700
2007-03-12,28.06999969482422,28.09000015258789,27.90999984741211,27.950000762939453,20.210689544677734,4400
2007-03-13,27.940000534057617,27.979999542236328,27.1200008392334,27.15999984741211,19.63943862915039,16800
2007-03-14,27.18000030517578,27.260000228881836,26.850000381469727,26.8799991607666,19.436965942382812,29000
2007-03-15,27.239999771118164,27.459999084472656,27.010000228881836,27.459999084472656,19.85636329650879,12500
2007-03-16,27.530000686645508,27.530000686645508,26.899999618530273,27.520000457763672,19.899755477905273,33300
2007-03-19,27.3799991607666,27.729999542236328,27.3799991607666,27.729999542236328,20.051603317260742,7100
2007-03-20,27.5,27.729999542236328,27.450000762939453,27.700000762939453,20.029911041259766,9000
2007-03-21,27.700000762939453,28.959999084472656,27.510000228881836,28.959999084472656,20.941020965576172,3100
2007-03-22,28.780000686645508,28.780000686645508,28.18000030517578,28.489999771118164,20.601163864135742,6600
2007-03-23,28.360000610351562,28.479999542236328,28.09000015258789,28.190000534057617,20.38422966003418,3100
2007-03-26,28.139999389648438,28.18000030517578,28.0,28.0,20.246845245361328,2700
2007-03-27,27.81999969482422,27.84000015258789,27.6200008392334,27.6200008392334,19.972064971923828,5200
2007-03-28,27.709999084472656,28.09000015258789,27.709999084472656,27.75,20.06606674194336,13800
2007-03-29,27.739999771118164,28.100000381469727,27.59000015258789,28.0,20.246845245361328,11100
2007-03-30,27.899999618530273,28.059999465942383,27.200000762939453,28.059999465942383,20.290225982666016,25400
2007-04-02,27.709999084472656,28.059999465942383,27.709999084472656,28.010000228881836,20.25406837463379,14300
2007-04-03,28.06999969482422,28.299999237060547,27.959999084472656,28.0,20.246845245361328,25600
2007-04-04,27.8799991607666,28.190000534057617,27.850000381469727,27.850000381469727,20.13837242126465,10800
2007-04-05,27.84000015258789,27.940000534057617,27.56999969482422,27.93000030517578,20.19622039794922,7100
2007-04-09,28.079999923706055,28.149999618530273,27.8799991607666,27.8799991607666,20.160070419311523,8900
2007-04-10,27.959999084472656,28.040000915527344,27.639999389648438,27.729999542236328,20.051603317260742,3200
2007-04-11,27.690000534057617,27.729999542236328,27.139999389648438,27.479999542236328,19.870830535888672,8000
2007-04-12,27.299999237060547,27.299999237060547,27.010000228881836,27.110000610351562,19.60327911376953,4400
2007-04-13,27.0,27.610000610351562,26.829999923706055,27.530000686645508,19.9069881439209,15000
2007-04-16,27.690000534057617,28.239999771118164,27.450000762939453,27.510000228881836,19.892518997192383,24200
2007-04-17,27.420000076293945,27.489999771118164,27.25,27.280000686645508,19.726211547851562,2600
2007-04-18,27.149999618530273,27.149999618530273,26.899999618530273,27.0,19.523738861083984,6700
2007-04-19,27.020000457763672,27.1299991607666,26.600000381469727,26.639999389648438,19.263425827026367,8400
2007-04-20,27.09000015258789,27.149999618530273,26.889999389648438,27.149999618530273,19.632205963134766,7800
2007-04-23,27.170000076293945,27.479999542236328,26.799999237060547,27.299999237060547,19.74066734313965,9900
2007-04-24,27.290000915527344,27.290000915527344,26.799999237060547,27.020000457763672,19.538198471069336,7700
2007-04-25,27.079999923706055,27.34000015258789,26.829999923706055,26.969999313354492,19.502046585083008,9200
2007-04-26,26.920000076293945,28.0,26.790000915527344,27.899999618530273,20.174528121948242,42100
2007-04-27,28.0,28.450000762939453,27.93000030517578,28.079999923706055,20.3046875,57800
2007-04-30,28.40999984741211,28.40999984741211,27.809999465942383,27.84000015258789,20.131145477294922,22500
2007-05-01,27.799999237060547,28.260000228881836,27.690000534057617,28.260000228881836,20.54554557800293,6100
2007-05-02,28.309999465942383,28.350000381469727,28.010000228881836,28.149999618530273,20.465572357177734,18700
2007-05-03,28.260000228881836,28.260000228881836,27.940000534057617,28.020000457763672,20.371061325073242,11100
2007-05-04,28.280000686645508,28.329999923706055,27.950000762939453,28.020000457763672,20.371061325073242,9500
2007-05-07,28.020000457763672,28.479999542236328,28.020000457763672,28.100000381469727,20.429214477539062,18500
2007-05-08,28.0,28.1299991607666,28.0,28.1299991607666,20.451032638549805,16800
2007-05-09,28.0,28.200000762939453,27.899999618530273,28.15999984741211,20.472843170166016,28900
2007-05-10,28.15999984741211,28.15999984741211,27.649999618530273,27.850000381469727,20.24746322631836,20000
2007-05-11,28.030000686645508,28.229999542236328,27.899999618530273,28.0,20.356525421142578,2000
2007-05-14,28.059999465942383,28.290000915527344,27.899999618530273,27.920000076293945,20.298358917236328,7200
2007-05-15,27.780000686645508,28.110000610351562,27.75,27.75,20.17476463317871,26800
2007-05-16,27.889999389648438,28.09000015258789,27.700000762939453,27.850000381469727,20.24746322631836,8500
2007-05-17,27.8700008392334,28.020000457763672,27.309999465942383,27.93000030517578,20.305625915527344,7300
2007-05-18,27.81999969482422,27.93000030517578,27.719999313354492,27.93000030517578,20.305625915527344,9800
2007-05-21,27.860000610351562,28.100000381469727,27.860000610351562,28.09000015258789,20.421947479248047,16900
2007-05-22,28.0,28.5,28.0,28.15999984741211,20.472843170166016,12400
2007-05-23,28.209999084472656,28.3799991607666,27.90999984741211,27.979999542236328,20.341981887817383,7600
2007-05-24,27.809999465942383,28.079999923706055,27.690000534057617,27.8799991607666,20.269277572631836,15400
2007-05-25,28.040000915527344,28.149999618530273,27.780000686645508,27.780000686645508,20.196584701538086,7800
2007-05-29,27.989999771118164,28.0,27.760000228881836,27.920000076293945,20.298358917236328,6800
2007-05-30,27.780000686645508,28.020000457763672,27.75,27.979999542236328,20.341981887817383,20300
2007-05-31,28.0,28.149999618530273,27.81999969482422,27.829999923706055,20.232925415039062,3300
2007-06-01,28.09000015258789,28.170000076293945,27.700000762939453,27.84000015258789,20.240196228027344,5400
2007-06-04,27.850000381469727,27.979999542236328,27.739999771118164,27.860000610351562,20.25474739074707,7200
2007-06-05,27.75,27.920000076293945,27.729999542236328,27.860000610351562,20.25474739074707,13400
2007-06-06,27.8799991607666,27.950000762939453,27.739999771118164,27.84000015258789,20.240196228027344,4800
2007-06-07,27.75,27.809999465942383,27.700000762939453,27.799999237060547,20.21111488342285,4300
2007-06-08,27.6299991607666,28.229999542236328,27.6299991607666,28.18000030517578,20.48738670349121,15200
2007-06-11,28.040000915527344,28.299999237060547,28.040000915527344,28.190000534057617,20.494653701782227,9700
2007-06-12,28.190000534057617,28.190000534057617,27.75,27.75,20.17476463317871,15700
2007-06-13,27.700000762939453,28.030000686645508,27.65999984741211,27.889999389648438,20.276546478271484,26600
2007-06-14,27.889999389648438,28.389999389648438,27.889999389648438,28.190000534057617,20.494653701782227,19600
2007-06-15,28.600000381469727,28.600000381469727,27.56999969482422,27.780000686645508,20.196584701538086,69300
2007-06-18,27.75,28.270000457763672,26.950000762939453,27.3799991607666,19.90576934814453,56200
2007-06-19,27.15999984741211,28.299999237060547,27.15999984741211,28.09000015258789,20.421947479248047,15400
2007-06-20,28.09000015258789,28.299999237060547,27.8700008392334,27.8700008392334,20.26201057434082,23400
2007-06-21,27.75,28.010000228881836,27.75,27.809999465942383,20.218381881713867,15500
2007-06-22,27.860000610351562,28.100000381469727,27.350000381469727,27.350000381469727,19.88395881652832,136300
2007-06-25,27.5,28.350000381469727,27.31999969482422,27.829999923706055,20.232925415039062,40500
2007-06-26,28.1200008392334,28.3700008392334,27.579999923706055,27.940000534057617,20.312904357910156,33300
2007-06-27,27.90999984741211,28.299999237060547,27.8700008392334,28.239999771118164,20.531003952026367,21000
2007-06-28,28.239999771118164,28.5,28.059999465942383,28.479999542236328,20.705490112304688,26200
2007-06-29,28.329999923706055,28.6200008392334,28.170000076293945,28.200000762939453,20.501930236816406,24600
2007-07-02,28.149999618530273,28.799999237060547,28.149999618530273,28.639999389648438,20.821809768676758,14500
2007-07-03,28.860000610351562,28.950000762939453,28.59000015258789,28.889999389648438,21.003572463989258,10500
2007-07-05,28.829999923706055,29.049999237060547,28.1299991607666,28.260000228881836,20.54554557800293,54100
2007-07-06,28.229999542236328,28.729999542236328,28.229999542236328,28.43000030517578,20.669139862060547,20700
2007-07-09,28.43000030517578,28.559999465942383,28.25,28.270000457763672,20.552820205688477,42100
2007-07-10,28.18000030517578,28.18000030517578,27.690000534057617,27.700000762939453,20.13841438293457,23200
2007-07-11,27.719999313354492,27.84000015258789,27.3700008392334,27.799999237060547,20.21111488342285,15100
2007-07-12,27.809999465942383,28.329999923706055,27.770000457763672,28.329999923706055,20.596439361572266,7300
2007-07-13,28.049999237060547,28.049999237060547,27.75,28.030000686645508,20.37833595275879,5400
2007-07-16,28.0,28.049999237060547,27.549999237060547,27.920000076293945,20.298358917236328,55000
2007-07-17,27.90999984741211,28.520000457763672,27.850000381469727,28.049999237060547,20.392871856689453,17500
2007-07-18,27.969999313354492,28.020000457763672,27.149999618530273,27.510000228881836,20.000276565551758,36500
2007-07-19,27.700000762939453,28.010000228881836,27.549999237060547,27.670000076293945,20.116601943969727,5500
2007-07-20,27.610000610351562,27.93000030517578,26.729999542236328,27.75,20.17476463317871,30800
2007-07-23,27.75,27.979999542236328,27.59000015258789,27.81999969482422,20.225658416748047,9900
2007-07-24,27.920000076293945,28.09000015258789,27.030000686645508,27.739999771118164,20.167495727539062,48100
2007-07-25,26.84000015258789,28.0,26.84000015258789,27.700000762939453,20.13841438293457,25100
2007-07-26,27.299999237060547,27.75,27.270000457763672,27.329999923706055,19.86942481994629,26400
2007-07-27,27.1299991607666,27.56999969482422,25.93000030517578,25.959999084472656,18.873397827148438,14600
2007-07-30,25.950000762939453,27.450000762939453,25.899999618530273,27.280000686645508,19.833066940307617,17900
2007-07-31,27.5,27.75,26.850000381469727,26.850000381469727,19.52045249938965,23000
2007-08-01,26.670000076293945,27.75,26.670000076293945,27.75,20.17476463317871,13700
2007-08-02,27.75,27.75,27.149999618530273,27.3799991607666,19.90576934814453,21300
2007-08-03,27.030000686645508,27.280000686645508,25.40999984741211,25.739999771118164,18.823453903198242,34100
2007-08-06,25.559999465942383,26.84000015258789,25.559999465942383,26.549999237060547,19.415807723999023,24800
2007-08-07,26.420000076293945,27.09000015258789,26.350000381469727,26.59000015258789,19.445056915283203,82500
2007-08-08,26.899999618530273,27.0,26.06999969482422,26.479999542236328,19.364612579345703,43200
2007-08-09,26.06999969482422,26.889999389648438,26.06999969482422,26.510000228881836,19.38654899597168,18300
2007-08-10,26.420000076293945,27.75,26.399999618530273,27.75,20.293357849121094,58800
2007-08-13,27.75,28.0,26.790000915527344,26.790000915527344,19.591318130493164,29000
2007-08-14,26.6200008392334,27.68000030517578,26.559999465942383,26.979999542236328,19.730253219604492,12800
2007-08-15,27.25,28.18000030517578,27.040000915527344,27.040000915527344,19.774139404296875,24400
2007-08-16,27.290000915527344,28.0,27.1299991607666,27.540000915527344,20.139781951904297,61700
2007-08-17,28.0,28.5,27.610000610351562,27.799999237060547,20.329925537109375,68900
2007-08-20,27.920000076293945,28.65999984741211,27.920000076293945,28.65999984741211,20.958833694458008,16700
2007-08-21,28.25,29.1200008392334,28.25,28.729999542236328,21.01002311706543,29800
2007-08-22,29.06999969482422,30.600000381469727,28.829999923706055,30.600000381469727,22.37753677368164,25400
2007-08-23,30.8700008392334,32.310001373291016,29.350000381469727,29.739999771118164,21.748626708984375,25300
2007-08-24,29.8799991607666,30.170000076293945,28.34000015258789,30.170000076293945,22.063079833984375,15800
2007-08-27,30.190000534057617,30.350000381469727,29.719999313354492,29.719999313354492,21.733997344970703,21600
2007-08-28,29.420000076293945,29.600000381469727,28.549999237060547,28.709999084472656,20.995393753051758,9700
2007-08-29,28.93000030517578,29.18000030517578,28.010000228881836,29.18000030517578,21.339099884033203,12900
2007-08-30,28.719999313354492,29.600000381469727,28.719999313354492,28.770000457763672,21.03926658630371,22600
2007-08-31,29.1299991607666,29.270000457763672,28.479999542236328,28.799999237060547,21.06121253967285,13100
2007-09-04,28.559999465942383,28.559999465942383,28.049999237060547,28.360000610351562,20.73944091796875,6700
2007-09-05,28.1299991607666,28.260000228881836,28.030000686645508,28.110000610351562,20.556621551513672,6400
2007-09-06,28.0,28.450000762939453,28.0,28.25,20.65900421142578,13000
2007-09-07,28.0,28.030000686645508,27.579999923706055,27.770000457763672,20.307979583740234,10100
2007-09-10,27.889999389648438,28.010000228881836,27.6299991607666,27.81999969482422,20.344545364379883,10700
2007-09-11,27.989999771118164,28.549999237060547,27.989999771118164,28.479999542236328,20.827192306518555,7200
2007-09-12,28.31999969482422,28.31999969482422,27.889999389648438,28.1200008392334,20.56393051147461,6800
2007-09-13,28.139999389648438,28.600000381469727,28.049999237060547,28.450000762939453,20.80526351928711,12700
2007-09-14,28.43000030517578,28.549999237060547,28.229999542236328,28.3799991607666,20.754064559936523,8200
2007-09-17,28.3700008392334,28.540000915527344,28.030000686645508,28.510000228881836,20.8491268157959,16700
2007-09-18,28.5,30.309999465942383,28.5,30.0,21.938766479492188,38300
2007-09-19,30.0,30.5,29.809999465942383,30.149999618530273,22.0484619140625,50800
2007-09-20,30.0,30.0,29.540000915527344,29.969999313354492,21.916826248168945,17300
2007-09-21,30.1200008392334,30.5,29.31999969482422,29.479999542236328,21.55849266052246,64000
2007-09-24,29.25,29.450000762939453,29.0,29.09000015258789,21.27328872680664,31100
2007-09-25,29.020000457763672,29.389999389648438,28.829999923706055,29.020000457763672,21.22209930419922,20200
2007-09-26,29.299999237060547,29.559999465942383,29.020000457763672,29.559999465942383,21.616992950439453,25600
2007-09-27,29.6299991607666,29.65999984741211,29.40999984741211,29.5,21.5731201171875,34800
2007-09-28,29.479999542236328,29.850000381469727,28.610000610351562,28.65999984741211,20.958833694458008,29100
2007-10-01,28.59000015258789,29.68000030517578,28.540000915527344,29.68000030517578,21.704748153686523,17400
2007-10-02,29.5,29.770000457763672,29.18000030517578,29.729999542236328,21.741308212280273,40900
2007-10-03,29.440000534057617,30.079999923706055,29.31999969482422,29.559999465942383,21.616992950439453,62600
2007-10-04,29.739999771118164,30.25,29.079999923706055,29.850000381469727,21.82906723022461,30300
2007-10-05,30.239999771118164,31.59000015258789,29.709999084472656,31.59000015258789,23.10151481628418,44500
2007-10-08,31.399999618530273,31.8700008392334,30.809999465942383,31.260000228881836,22.86018180847168,23500
2007-10-09,31.360000610351562,31.600000381469727,30.200000762939453,31.059999465942383,22.713932037353516,46100
2007-10-10,30.760000228881836,31.739999771118164,30.5,31.739999771118164,23.211214065551758,15800
2007-10-11,31.84000015258789,32.09000015258789,30.8700008392334,30.959999084472656,22.64079475402832,12400
2007-10-12,30.920000076293945,31.729999542236328,30.850000381469727,31.18000030517578,22.801685333251953,31800
2007-10-15,31.399999618530273,31.40999984741211,29.559999465942383,29.84000015258789,21.821754455566406,12100
2007-10-16,29.81999969482422,30.239999771118164,29.600000381469727,30.079999923706055,21.997264862060547,10100
2007-10-17,30.329999923706055,30.43000030517578,29.0,29.739999771118164,21.748626708984375,14100
2007-10-18,29.649999618530273,29.809999465942383,29.110000610351562,29.690000534057617,21.712055206298828,4700
2007-10-19,29.739999771118164,29.739999771118164,27.84000015258789,27.899999618530273,20.403045654296875,28500
2007-10-22,27.84000015258789,28.920000076293945,27.399999618530273,27.65999984741211,20.2275390625,30800
2007-10-23,27.31999969482422,28.0,26.889999389648438,27.15999984741211,19.861892700195312,72800
2007-10-24,26.899999618530273,27.139999389648438,26.290000915527344,27.079999923706055,19.803388595581055,91000
2007-10-25,27.15999984741211,27.75,26.549999237060547,27.459999084472656,20.081274032592773,69200
2007-10-26,27.889999389648438,27.889999389648438,26.75,27.049999237060547,19.781448364257812,26400
2007-10-29,27.229999542236328,27.719999313354492,26.75,26.93000030517578,19.693693161010742,12300
2007-10-30,26.8799991607666,27.209999084472656,26.479999542236328,26.809999465942383,19.723119735717773,48400
2007-10-31,26.860000610351562,27.5,26.600000381469727,27.18000030517578,19.995315551757812,51900
2007-11-01,26.809999465942383,27.079999923706055,26.329999923706055,26.43000030517578,19.44356918334961,42400
2007-11-02,27.1200008392334,27.280000686645508,26.489999771118164,26.649999618530273,19.60540771484375,28900
2007-11-05,26.5,26.829999923706055,26.239999771118164,26.3799991607666,19.40678596496582,59800
2007-11-06,26.610000610351562,26.610000610351562,25.899999618530273,26.270000457763672,19.325864791870117,34000
2007-11-07,25.899999618530273,26.0,25.40999984741211,25.40999984741211,18.693193435668945,63200
2007-11-08,25.610000610351562,25.989999771118164,25.299999237060547,25.510000228881836,18.766761779785156,141700
2007-11-09,25.299999237060547,26.25,25.079999923706055,25.690000534057617,18.899181365966797,81400
2007-11-12,25.649999618530273,27.299999237060547,25.649999618530273,26.399999618530273,19.421499252319336,50800
2007-11-13,26.700000762939453,27.270000457763672,26.700000762939453,27.0,19.862899780273438,26100
2007-11-14,27.229999542236328,27.5,26.579999923706055,27.0,19.862899780273438,17100
2007-11-15,26.81999969482422,27.440000534057617,25.950000762939453,25.969999313354492,19.105165481567383,18300
2007-11-16,26.030000686645508,26.8700008392334,25.34000015258789,26.540000915527344,19.52449607849121,12800
2007-11-19,26.219999313354492,26.219999313354492,24.1299991607666,24.899999618530273,18.318002700805664,37700
2007-11-20,25.239999771118164,26.020000457763672,25.239999771118164,26.010000228881836,19.13458824157715,23200
2007-11-21,25.959999084472656,26.100000381469727,25.31999969482422,25.399999618530273,18.685827255249023,117300
2007-11-23,25.90999984741211,26.350000381469727,25.31999969482422,26.290000915527344,19.340572357177734,9600
2007-11-26,26.020000457763672,26.020000457763672,25.450000762939453,25.459999084472656,18.729976654052734,20600
2007-11-27,25.459999084472656,26.280000686645508,25.360000610351562,25.360000610351562,18.656417846679688,25200
2007-11-28,25.690000534057617,26.75,25.399999618530273,26.600000381469727,19.568634033203125,42500
2007-11-29,26.5,26.5,25.299999237060547,25.6200008392334,18.847679138183594,30300
2007-11-30,25.75,26.010000228881836,24.93000030517578,24.959999084472656,18.362146377563477,25100
2007-12-03,25.309999465942383,25.309999465942383,24.5,24.5,18.023740768432617,44200
2007-12-04,24.530000686645508,24.75,24.5,24.510000228881836,18.031097412109375,18600
2007-12-05,25.079999923706055,25.479999542236328,24.610000610351562,25.469999313354492,18.737333297729492,26700
2007-12-06,25.290000915527344,25.510000228881836,24.75,25.209999084472656,18.54605484008789,42600
2007-12-07,25.229999542236328,25.600000381469727,24.5,24.719999313354492,18.18558120727539,57300
2007-12-10,24.540000915527344,25.299999237060547,24.540000915527344,25.290000915527344,18.60491180419922,47400
2007-12-11,25.559999465942383,25.559999465942383,24.450000762939453,24.600000381469727,18.097307205200195,30500
2007-12-12,25.290000915527344,25.950000762939453,24.600000381469727,24.780000686645508,18.2297306060791,42600
2007-12-13,24.6200008392334,25.670000076293945,24.59000015258789,25.6200008392334,18.847679138183594,31500
2007-12-14,25.5,25.520000457763672,24.84000015258789,25.010000228881836,18.3989315032959,21600
2007-12-17,25.010000228881836,25.299999237060547,25.010000228881836,25.170000076293945,18.516630172729492,8900
2007-12-18,25.43000030517578,26.559999465942383,25.200000762939453,26.510000228881836,19.50242042541504,18200
2007-12-19,26.299999237060547,26.40999984741211,25.280000686645508,25.65999984741211,18.877105712890625,19000
2007-12-20,25.979999542236328,25.979999542236328,25.299999237060547,25.739999771118164,18.935958862304688,29100
2007-12-21,26.309999465942383,26.65999984741211,25.350000381469727,26.610000610351562,19.575986862182617,99500
2007-12-24,26.270000457763672,26.270000457763672,25.860000610351562,26.1200008392334,19.21551513671875,6900
2007-12-26,26.459999084472656,26.8700008392334,26.1200008392334,26.860000610351562,19.759904861450195,13000
2007-12-27,26.479999542236328,26.479999542236328,26.149999618530273,26.149999618530273,19.23758888244629,18700
2007-12-28,26.68000030517578,26.68000030517578,25.020000457763672,25.059999465942383,18.43570899963379,9500
2007-12-31,25.020000457763672,26.549999237060547,24.75,24.889999389648438,18.310653686523438,16100
2008-01-02,24.75,25.0,24.0,24.010000228881836,17.66326332092285,18000
2008-01-03,24.100000381469727,24.579999923706055,23.75,23.75,17.47199058532715,20200
2008-01-04,23.389999389648438,23.389999389648438,22.049999237060547,22.549999237060547,16.589202880859375,44200
2008-01-07,22.700000762939453,24.75,22.670000076293945,23.549999237060547,17.324853897094727,16400
2008-01-08,23.6200008392334,24.3799991607666,22.959999084472656,22.959999084472656,16.890817642211914,25000
2008-01-09,23.0,24.219999313354492,23.0,23.989999771118164,17.648550033569336,24500
2008-01-10,23.809999465942383,25.059999465942383,23.5,24.649999618530273,18.13409423828125,31700
2008-01-11,24.510000228881836,24.860000610351562,23.110000610351562,23.59000015258789,17.354284286499023,20400
2008-01-14,23.790000915527344,23.790000915527344,23.1299991607666,23.34000015258789,17.17037010192871,19500
2008-01-15,23.059999465942383,23.5,23.059999465942383,23.389999389648438,17.207155227661133,8000
2008-01-16,23.229999542236328,24.31999969482422,23.229999542236328,23.59000015258789,17.354284286499023,29700
2008-01-17,23.6299991607666,24.079999923706055,22.329999923706055,22.899999618530273,16.846677780151367,26900
2008-01-18,22.760000228881836,22.899999618530273,21.889999389648438,22.3700008392334,16.4567813873291,45600
2008-01-22,22.3799991607666,24.5,21.350000381469727,23.6299991607666,17.383705139160156,20400
2008-01-23,22.200000762939453,24.09000015258789,22.190000534057617,23.450000762939453,17.251291275024414,39000
2008-01-24,23.350000381469727,23.84000015258789,22.75,22.8799991607666,16.831966400146484,20800
2008-01-25,24.489999771118164,24.489999771118164,22.600000381469727,22.969999313354492,17.024673461914062,30500
2008-01-28,22.969999313354492,23.25,22.25,23.25,17.23220443725586,35200
2008-01-29,23.440000534057617,23.700000762939453,22.829999923706055,23.1299991607666,17.14325523376465,21600
2008-01-30,23.010000228881836,23.8700008392334,23.010000228881836,23.15999984741211,17.165494918823242,23800
2008-01-31,22.889999389648438,23.719999313354492,22.889999389648438,23.34000015258789,17.29890251159668,54700
2008-02-01,23.479999542236328,24.020000457763672,23.020000457763672,23.799999237060547,17.63983917236328,14900
2008-02-04,23.979999542236328,24.18000030517578,23.1299991607666,23.309999465942383,17.27666473388672,45400
2008-02-05,22.84000015258789,23.479999542236328,22.84000015258789,23.030000686645508,17.069143295288086,33000
2008-02-06,23.260000228881836,23.719999313354492,23.149999618530273,23.510000228881836,17.424898147583008,29000
2008-02-07,23.469999313354492,24.5,23.399999618530273,24.1299991607666,17.88442611694336,32000
2008-02-08,23.399999618530273,24.25,23.25,23.25,17.23220443725586,15100
2008-02-11,23.309999465942383,24.030000686645508,23.270000457763672,23.65999984741211,17.53607940673828,24900
2008-02-12,23.75,24.1299991607666,23.239999771118164,23.6200008392334,17.506427764892578,19200
2008-02-13,23.899999618530273,24.3799991607666,23.489999771118164,24.350000381469727,18.0474853515625,10600
2008-02-14,23.790000915527344,24.139999389648438,23.25,23.5,17.417484283447266,18100
2008-02-15,23.389999389648438,24.059999465942383,23.350000381469727,23.690000534057617,17.558319091796875,23900
2008-02-19,23.979999542236328,24.190000534057617,23.6200008392334,23.799999237060547,17.63983917236328,61500
2008-02-20,23.68000030517578,24.280000686645508,23.25,23.75,17.602781295776367,44700
2008-02-21,23.93000030517578,24.09000015258789,23.25,23.40999984741211,17.350778579711914,18200
2008-02-22,23.510000228881836,24.0,23.149999618530273,23.729999542236328,17.58795738220215,34300
2008-02-25,23.059999465942383,24.170000076293945,23.059999465942383,23.709999084472656,17.57313346862793,31300
2008-02-26,23.600000381469727,23.979999542236328,23.579999923706055,23.670000076293945,17.54348373413086,18500
2008-02-27,23.15999984741211,23.850000381469727,23.149999618530273,23.440000534057617,17.37302589416504,35800
2008-02-28,23.299999237060547,23.5,22.399999618530273,23.010000228881836,17.054317474365234,22800
2008-02-29,23.0,23.600000381469727,22.3700008392334,22.3700008392334,16.579971313476562,67800
2008-03-03,22.420000076293945,23.420000076293945,22.399999618530273,22.84000015258789,16.928316116333008,25500
2008-03-04,22.81999969482422,23.010000228881836,22.6299991607666,22.920000076293945,16.98761558532715,41200
2008-03-05,23.0,23.329999923706055,22.190000534057617,22.549999237060547,16.713380813598633,39300
2008-03-06,22.479999542236328,22.709999084472656,21.049999237060547,21.260000228881836,15.757272720336914,36600
2008-03-07,20.989999771118164,21.84000015258789,20.100000381469727,20.649999618530273,15.305156707763672,52100
2008-03-10,20.770000457763672,20.850000381469727,20.350000381469727,20.360000610351562,15.090216636657715,28100
2008-03-11,20.979999542236328,21.020000457763672,19.610000610351562,20.700000762939453,15.342211723327637,81500
2008-03-12,20.770000457763672,20.989999771118164,20.350000381469727,20.389999389648438,15.112449645996094,24300
2008-03-13,20.1200008392334,20.68000030517578,20.059999465942383,20.540000915527344,15.223628044128418,12500
2008-03-14,20.760000228881836,20.760000228881836,19.450000762939453,19.84000015258789,14.704805374145508,10800
2008-03-17,19.979999542236328,19.979999542236328,18.0,18.43000030517578,13.659762382507324,27700
2008-03-18,18.90999984741211,20.489999771118164,18.25,20.260000228881836,15.016093254089355,25700
2008-03-19,20.450000762939453,21.030000686645508,19.969999313354492,20.18000030517578,14.956802368164062,16900
2008-03-20,24.0,24.0,21.389999389648438,23.959999084472656,17.758424758911133,88100
2008-03-24,24.100000381469727,24.5,24.079999923706055,24.5,18.158662796020508,10600
2008-03-25,24.06999969482422,24.360000610351562,23.280000686645508,24.0,17.788074493408203,18000
2008-03-26,24.0,24.0,23.34000015258789,23.809999465942383,17.64725685119629,11100
2008-03-27,23.809999465942383,24.309999465942383,23.059999465942383,23.920000076293945,17.728775024414062,30600
2008-03-28,24.0,24.309999465942383,23.020000457763672,23.020000457763672,17.06173324584961,12300
2008-03-31,22.959999084472656,24.1299991607666,21.559999465942383,21.610000610351562,16.016677856445312,17700
2008-04-01,21.950000762939453,23.34000015258789,21.809999465942383,22.81999969482422,16.913496017456055,22500
2008-04-02,23.0,23.100000381469727,21.420000076293945,21.93000030517578,16.253854751586914,9900
2008-04-03,21.75,22.729999542236328,21.389999389648438,21.950000762939453,16.2686767578125,19100
2008-04-04,22.010000228881836,22.68000030517578,20.43000030517578,20.639999389648438,15.297749519348145,21000
2008-04-07,20.489999771118164,20.549999237060547,20.209999084472656,20.31999969482422,15.060567855834961,9400
2008-04-08,20.1200008392334,20.579999923706055,19.760000228881836,20.579999923706055,15.253277778625488,13000
2008-04-09,20.239999771118164,20.649999618530273,19.43000030517578,19.43000030517578,14.400932312011719,12200
2008-04-10,19.350000381469727,19.579999923706055,19.18000030517578,19.350000381469727,14.341632843017578,9100
2008-04-11,19.059999465942383,19.489999771118164,18.6200008392334,18.6200008392334,13.800581932067871,10000
2008-04-14,18.6200008392334,18.690000534057617,18.5,18.5,13.711640357971191,10300
2008-04-15,18.5,19.5,18.5,19.5,14.452808380126953,12200
2008-04-16,19.299999237060547,21.139999389648438,19.190000534057617,21.100000381469727,15.63868522644043,21400
2008-04-17,21.049999237060547,21.100000381469727,20.510000228881836,20.760000228881836,15.386688232421875,8700
2008-04-18,21.34000015258789,21.5,20.25,20.360000610351562,15.090216636657715,23000
2008-04-21,20.25,20.889999389648438,19.06999969482422,19.31999969482422,14.319398880004883,10900
2008-04-22,21.479999542236328,21.479999542236328,19.100000381469727,19.860000610351562,14.719635963439941,20400
2008-04-23,19.979999542236328,22.110000610351562,19.84000015258789,20.56999969482422,15.245859146118164,11000
2008-04-24,20.540000915527344,22.149999618530273,20.540000915527344,21.329999923706055,15.809150695800781,11400
2008-04-25,21.989999771118164,22.780000686645508,21.8700008392334,22.350000381469727,16.565147399902344,24000
2008-04-28,22.280000686645508,22.920000076293945,21.829999923706055,22.690000534057617,16.81714630126953,19700
2008-04-29,22.040000915527344,22.850000381469727,21.600000381469727,22.56999969482422,16.854482650756836,9500
2008-04-30,22.690000534057617,23.049999237060547,21.610000610351562,21.610000610351562,16.137584686279297,11400
2008-05-01,21.25,23.639999389648438,21.190000534057617,23.639999389648438,17.653518676757812,14700
2008-05-02,24.0,24.0,21.010000228881836,21.579999923706055,16.115184783935547,16100
2008-05-05,21.84000015258789,23.75,21.06999969482422,21.06999969482422,15.734333038330078,22800
2008-05-06,21.040000915527344,24.0,21.040000915527344,22.950000762939453,17.138248443603516,39300
2008-05-07,21.65999984741211,23.56999969482422,20.420000076293945,20.65999984741211,15.428155899047852,24000
2008-05-08,20.829999923706055,21.59000015258789,20.309999465942383,20.899999618530273,15.607376098632812,28400
2008-05-09,20.84000015258789,21.84000015258789,20.549999237060547,21.440000534057617,16.010643005371094,15800
2008-05-12,21.549999237060547,22.950000762939453,21.549999237060547,22.329999923706055,16.675256729125977,12400
2008-05-13,22.639999389648438,22.940000534057617,21.360000610351562,21.809999465942383,16.28693962097168,13100
2008-05-14,22.110000610351562,22.670000076293945,22.030000686645508,22.540000915527344,16.83208465576172,12100
2008-05-15,22.25,22.59000015258789,21.270000457763672,22.110000610351562,16.51097297668457,25800
2008-05-16,22.6299991607666,23.0,20.770000457763672,21.229999542236328,15.853819847106934,28100
2008-05-19,20.979999542236328,22.139999389648438,20.600000381469727,21.950000762939453,16.391489028930664,34200
2008-05-20,21.889999389648438,21.889999389648438,20.600000381469727,21.459999084472656,16.025571823120117,14100
2008-05-21,21.68000030517578,22.190000534057617,20.600000381469727,21.209999084472656,15.838881492614746,59800
2008-05-22,21.59000015258789,22.350000381469727,21.420000076293945,21.729999542236328,16.227203369140625,7100
2008-05-23,21.5,22.06999969482422,20.799999237060547,21.020000457763672,15.696996688842773,12100
2008-05-27,21.43000030517578,22.09000015258789,20.8700008392334,21.459999084472656,16.025571823120117,29700
2008-05-28,21.729999542236328,21.989999771118164,21.729999542236328,21.950000762939453,16.391489028930664,9100
2008-05-29,21.93000030517578,22.5,21.440000534057617,22.479999542236328,16.787273406982422,16300
2008-05-30,22.450000762939453,22.450000762939453,21.290000915527344,22.030000686645508,16.451229095458984,32700
2008-06-02,21.8799991607666,22.030000686645508,20.610000610351562,21.010000228881836,15.689519882202148,20000
2008-06-03,21.440000534057617,21.729999542236328,21.0,21.0,15.682059288024902,14100
2008-06-04,21.0,21.959999084472656,20.989999771118164,21.56999969482422,16.107715606689453,11600
2008-06-05,21.989999771118164,22.0,21.540000915527344,21.700000762939453,16.204803466796875,20700
2008-06-06,21.469999313354492,22.0,20.3799991607666,20.3799991607666,15.219060897827148,14200
2008-06-09,20.670000076293945,21.049999237060547,19.530000686645508,19.959999084472656,14.905425071716309,33400
2008-06-10,19.729999542236328,20.530000686645508,19.559999465942383,20.1299991607666,15.032379150390625,37000
2008-06-11,19.959999084472656,20.790000915527344,19.799999237060547,20.020000457763672,14.950233459472656,18900
2008-06-12,20.600000381469727,20.600000381469727,19.809999465942383,19.959999084472656,14.905425071716309,13200
2008-06-13,20.209999084472656,20.600000381469727,19.459999084472656,19.479999542236328,14.546976089477539,24000
2008-06-16,19.450000762939453,19.450000762939453,18.510000228881836,18.670000076293945,13.942096710205078,39300
2008-06-17,18.610000610351562,19.5,18.510000228881836,18.530000686645508,13.837554931640625,49700
2008-06-18,18.59000015258789,19.0,17.520000457763672,17.530000686645508,13.09078311920166,33400
2008-06-19,17.530000686645508,18.610000610351562,17.149999618530273,17.3799991607666,12.97877025604248,28400
2008-06-20,17.239999771118164,17.809999465942383,16.56999969482422,16.979999542236328,12.680065155029297,71500
2008-06-23,17.59000015258789,18.0,16.489999771118164,16.489999771118164,12.314151763916016,22800
2008-06-24,16.5,17.969999313354492,16.5,16.530000686645508,12.344021797180176,25000
2008-06-25,16.639999389648438,17.459999084472656,16.639999389648438,16.950000762939453,12.657659530639648,26500
2008-06-26,17.540000915527344,17.540000915527344,16.530000686645508,16.959999084472656,12.665128707885742,47800
2008-06-27,16.65999984741211,17.239999771118164,16.540000915527344,17.030000686645508,12.717403411865234,200400
2008-06-30,16.940000534057617,17.229999542236328,16.440000534057617,16.5,12.32161808013916,28100
2008-07-01,16.489999771118164,16.829999923706055,16.1299991607666,16.709999084472656,12.478438377380371,32500
2008-07-02,16.639999389648438,16.729999542236328,16.229999542236328,16.389999389648438,12.239476203918457,42800
2008-07-03,16.360000610351562,17.450000762939453,16.329999923706055,16.40999984741211,12.254408836364746,11600
2008-07-07,16.56999969482422,16.989999771118164,14.729999542236328,15.420000076293945,11.515113830566406,88700
2008-07-08,15.460000038146973,15.5,13.789999961853027,14.710000038146973,10.984910011291504,96700
2008-07-09,14.470000267028809,15.279999732971191,14.470000267028809,14.760000228881836,11.02225112915039,47400
2008-07-10,14.260000228881836,14.850000381469727,14.25,14.850000381469727,11.089456558227539,35200
2008-07-11,14.289999961853027,15.0,14.239999771118164,14.850000381469727,11.089456558227539,57200
2008-07-14,15.0,15.0,14.0,14.359999656677246,10.723542213439941,27700
2008-07-15,14.149999618530273,14.680000305175781,13.920000076293945,13.989999771118164,10.44723892211914,45900
2008-07-16,14.1899995803833,14.880000114440918,13.5,14.770000457763672,11.029719352722168,46600
2008-07-17,15.0,15.680000305175781,14.819999694824219,15.369999885559082,11.477778434753418,25700
2008-07-18,15.470000267028809,16.360000610351562,15.15999984741211,15.350000381469727,11.46284008026123,34800
2008-07-21,15.350000381469727,16.479999542236328,15.25,16.059999465942383,11.9930419921875,19800
2008-07-22,15.90999984741211,20.799999237060547,15.59000015258789,18.899999618530273,14.113852500915527,43000
2008-07-23,18.760000228881836,20.0,18.209999084472656,19.200000762939453,14.337884902954102,44400
2008-07-24,20.5,21.850000381469727,18.780000686645508,18.989999771118164,14.181066513061523,38600
2008-07-25,19.239999771118164,19.969999313354492,19.200000762939453,19.739999771118164,14.741137504577637,31300
2008-07-28,19.450000762939453,19.459999084472656,17.549999237060547,18.020000457763672,13.456701278686523,31600
2008-07-29,18.1299991607666,19.93000030517578,17.850000381469727,18.739999771118164,14.127650260925293,47800
2008-07-30,18.489999771118164,18.899999618530273,18.100000381469727,18.780000686645508,14.157807350158691,11200
2008-07-31,18.43000030517578,19.25,18.190000534057617,18.8700008392334,14.225659370422363,14400
2008-08-01,18.0,18.959999084472656,17.899999618530273,18.600000381469727,14.022109031677246,71000
2008-08-04,18.25,18.299999237060547,17.549999237060547,17.670000076293945,13.321004867553711,28400
2008-08-05,17.920000076293945,18.6299991607666,17.18000030517578,17.530000686645508,13.215459823608398,42100
2008-08-06,17.520000457763672,17.690000534057617,16.31999969482422,16.829999923706055,12.68774700164795,69100
2008-08-07,16.709999084472656,16.709999084472656,15.920000076293945,15.920000076293945,12.001721382141113,14900
2008-08-08,15.640000343322754,16.8799991607666,15.369999885559082,16.860000610351562,12.710365295410156,25600
2008-08-11,17.100000381469727,19.0,16.360000610351562,18.729999542236328,14.120113372802734,35200
2008-08-12,18.5,18.93000030517578,18.200000762939453,18.899999618530273,14.248276710510254,23200
2008-08-13,19.030000686645508,19.110000610351562,18.15999984741211,18.559999465942383,13.991959571838379,70800
2008-08-14,18.219999313354492,19.0,18.219999313354492,18.719999313354492,14.112577438354492,16500
2008-08-15,19.110000610351562,19.360000610351562,17.399999618530273,17.579999923706055,13.253156661987305,42100
2008-08-18,17.59000015258789,17.700000762939453,16.709999084472656,17.1299991607666,12.913908958435059,15700
2008-08-19,16.700000762939453,17.15999984741211,16.649999618530273,16.780000686645508,12.650057792663574,17500
2008-08-20,16.829999923706055,17.3700008392334,16.56999969482422,16.770000457763672,12.642516136169434,5300
2008-08-21,16.5,17.6299991607666,15.819999694824219,15.890000343322754,11.979104042053223,28800
2008-08-22,15.8100004196167,16.25,15.760000228881836,15.829999923706055,11.933867454528809,34400
2008-08-25,15.989999771118164,16.389999389648438,15.170000076293945,15.329999923706055,11.55693531036377,13000
2008-08-26,15.369999885559082,15.850000381469727,15.09000015258789,15.600000381469727,11.760478973388672,7700
2008-08-27,15.529999732971191,16.270000457763672,15.529999732971191,15.989999771118164,12.054490089416504,9000
2008-08-28,15.670000076293945,16.40999984741211,15.649999618530273,15.989999771118164,12.054490089416504,7800
2008-08-29,15.979999542236328,15.989999771118164,15.630000114440918,15.800000190734863,11.911253929138184,11700
2008-09-02,16.280000686645508,16.280000686645508,15.569999694824219,15.6899995803833,11.828327178955078,6900
2008-09-03,15.880000114440918,15.880000114440918,15.460000038146973,15.75,11.873559951782227,35700
2008-09-04,15.600000381469727,16.049999237060547,15.600000381469727,15.800000190734863,11.911253929138184,86400
2008-09-05,15.9399995803833,16.209999084472656,15.770000457763672,16.209999084472656,12.220344543457031,26800
2008-09-08,16.520000457763672,16.520000457763672,15.899999618530273,16.139999389648438,12.167572975158691,49800
2008-09-09,16.15999984741211,16.489999771118164,16.0,16.0,12.062028884887695,12200
2008-09-10,16.329999923706055,16.709999084472656,16.0,16.25,12.250499725341797,21600
2008-09-11,16.200000762939453,16.290000915527344,16.1200008392334,16.219999313354492,12.227883338928223,24300
2008-09-12,16.229999542236328,16.25,16.049999237060547,16.170000076293945,12.190184593200684,9500
2008-09-15,16.040000915527344,16.209999084472656,16.0,16.0,12.062028884887695,28700
2008-09-16,15.760000228881836,16.450000762939453,15.760000228881836,16.450000762939453,12.401273727416992,50600
2008-09-17,16.040000915527344,16.18000030517578,15.5,15.579999923706055,11.74539852142334,19600
2008-09-18,15.930000305175781,19.989999771118164,15.319999694824219,19.989999771118164,15.069999694824219,46700
2008-09-19,21.959999084472656,23.110000610351562,19.920000076293945,23.110000610351562,17.422094345092773,130200
2008-09-22,22.59000015258789,24.0,21.100000381469727,22.34000015258789,16.84160804748535,23500
2008-09-23,21.780000686645508,22.0,20.469999313354492,21.65999984741211,16.3289737701416,36400
2008-09-24,20.610000610351562,22.0,20.280000686645508,20.389999389648438,15.37154483795166,5400
2008-09-25,21.8700008392334,21.899999618530273,20.670000076293945,20.8700008392334,15.733409881591797,19200
2008-09-26,20.979999542236328,21.0,20.09000015258789,20.940000534057617,15.786177635192871,8400
2008-09-29,20.229999542236328,22.0,19.65999984741211,19.65999984741211,14.821223258972168,16200
2008-09-30,22.0,22.68000030517578,20.489999771118164,20.860000610351562,15.725870132446289,13300
2008-10-01,21.209999084472656,21.6299991607666,19.84000015258789,20.649999618530273,15.56755542755127,10600
2008-10-02,20.610000610351562,21.100000381469727,19.920000076293945,20.190000534057617,15.220775604248047,44600
2008-10-03,20.170000076293945,21.549999237060547,19.6200008392334,19.6200008392334,14.791068077087402,5200
2008-10-06,19.3700008392334,22.0,19.0,21.920000076293945,16.524978637695312,13100
2008-10-07,20.139999389648438,21.579999923706055,18.889999389648438,19.729999542236328,14.873990058898926,14300
2008-10-08,18.81999969482422,23.049999237060547,18.65999984741211,21.719999313354492,16.37420082092285,13300
2008-10-09,21.709999084472656,21.709999084472656,14.75,14.960000038146973,11.277997970581055,52600
2008-10-10,14.989999771118164,16.850000381469727,14.0,16.6200008392334,12.529436111450195,34700
2008-10-13,17.209999084472656,21.18000030517578,16.5,21.18000030517578,15.9671049118042,35600
2008-10-14,22.600000381469727,22.739999771118164,20.670000076293945,21.579999923706055,16.268661499023438,22800
2008-10-15,20.959999084472656,22.790000915527344,20.510000228881836,20.579999923706055,15.514786720275879,11700
2008-10-16,20.5,23.190000534057617,20.5,22.56999969482422,17.015003204345703,27100
2008-10-17,21.989999771118164,24.5,21.510000228881836,23.350000381469727,17.6030216217041,36600
2008-10-20,24.0,24.0,21.399999618530273,22.040000915527344,16.615447998046875,33500
2008-10-21,22.469999313354492,22.469999313354492,19.40999984741211,19.729999542236328,14.873990058898926,17800
2008-10-22,19.459999084472656,21.030000686645508,19.0,19.149999618530273,14.436745643615723,18800
2008-10-23,19.209999084472656,19.770000457763672,18.68000030517578,18.75,14.135191917419434,9800
2008-10-24,18.010000228881836,18.8799991607666,18.0,18.239999771118164,13.750714302062988,12100
2008-10-27,18.1299991607666,22.459999084472656,18.1299991607666,19.75,15.029149055480957,14500
2008-10-28,20.549999237060547,21.219999313354492,18.8700008392334,20.40999984741211,15.531378746032715,16900
2008-10-29,20.3799991607666,21.219999313354492,19.420000076293945,20.719999313354492,15.76728343963623,16500
2008-10-30,21.100000381469727,22.959999084472656,19.81999969482422,19.969999313354492,15.196552276611328,25000
2008-10-31,20.790000915527344,21.049999237060547,19.34000015258789,19.959999084472656,15.18894100189209,28100
2008-11-03,19.829999923706055,21.389999389648438,19.399999618530273,19.989999771118164,15.211772918701172,19500
2008-11-04,19.899999618530273,21.239999771118164,19.0,21.139999389648438,16.086894989013672,10700
2008-11-05,20.760000228881836,21.239999771118164,19.209999084472656,19.829999923706055,15.090021133422852,8800
2008-11-06,20.139999389648438,20.670000076293945,19.079999923706055,20.200000762939453,15.37158203125,8200
2008-11-07,20.40999984741211,20.549999237060547,19.290000915527344,19.770000457763672,15.044363975524902,8100
2008-11-10,20.139999389648438,20.450000762939453,19.520000457763672,20.139999389648438,15.325919151306152,14200
2008-11-11,19.850000381469727,20.5,19.709999084472656,20.010000228881836,15.226990699768066,18400
2008-11-12,19.549999237060547,19.670000076293945,17.829999923706055,17.829999923706055,13.568082809448242,8400
2008-11-13,18.059999465942383,20.09000015258789,17.450000762939453,19.59000015258789,14.907392501831055,11700
2008-11-14,18.260000228881836,19.280000686645508,17.809999465942383,17.850000381469727,13.583300590515137,7400
2008-11-17,17.75,18.790000915527344,17.75,18.670000076293945,14.207291603088379,4600
2008-11-18,18.059999465942383,18.610000610351562,17.579999923706055,18.209999084472656,13.857247352600098,7400
2008-11-19,17.510000228881836,17.979999542236328,16.610000610351562,16.610000610351562,12.639703750610352,11800
2008-11-20,16.25,17.600000381469727,14.84000015258789,14.84000015258789,11.29278564453125,15200
2008-11-21,15.550000190734863,16.0,14.050000190734863,14.3100004196167,10.889470100402832,19600
2008-11-24,15.020000457763672,16.389999389648438,14.119999885559082,16.389999389648438,12.472283363342285,15100
2008-11-25,16.8700008392334,18.280000686645508,16.06999969482422,18.280000686645508,13.910520553588867,9600
2008-11-26,17.739999771118164,20.0,17.149999618530273,20.0,15.21938419342041,15800
2008-11-28,19.709999084472656,20.15999984741211,19.43000030517578,20.15999984741211,15.341137886047363,1900
2008-12-01,19.34000015258789,20.0,16.81999969482422,16.81999969482422,12.799500465393066,15300
2008-12-02,17.399999618530273,17.440000534057617,16.25,17.440000534057617,13.27130126953125,15400
2008-12-03,16.75,20.0,16.690000534057617,19.709999084472656,14.998700141906738,7200
2008-12-04,19.239999771118164,20.0,18.040000915527344,18.040000915527344,13.727887153625488,9700
2008-12-05,17.6200008392334,20.209999084472656,16.889999389648438,19.979999542236328,15.204163551330566,12300
2008-12-08,20.5,21.489999771118164,19.280000686645508,21.489999771118164,16.353229522705078,37300
2008-12-09,21.1200008392334,21.5,19.540000915527344,21.360000610351562,16.25429916381836,10700
2008-12-10,21.5,21.899999618530273,20.280000686645508,21.799999237060547,16.58913230895996,11100
2008-12-11,21.31999969482422,21.6200008392334,19.8700008392334,19.8700008392334,15.120453834533691,14200
2008-12-12,19.299999237060547,21.8799991607666,18.549999237060547,21.43000030517578,16.307573318481445,25200
2008-12-15,21.5,21.979999542236328,19.920000076293945,20.3700008392334,15.500944137573242,4100
2008-12-16,20.8799991607666,21.950000762939453,19.56999969482422,21.600000381469727,16.436931610107422,27200
2008-12-17,21.209999084472656,21.950000762939453,21.139999389648438,21.530000686645508,16.3836612701416,15900
2008-12-18,21.43000030517578,21.959999084472656,19.989999771118164,20.489999771118164,15.592254638671875,19800
2008-12-19,21.360000610351562,21.360000610351562,20.110000610351562,20.559999465942383,15.64553165435791,38400
2008-12-22,20.559999465942383,21.780000686645508,19.700000762939453,21.780000686645508,16.57391357421875,16100
2008-12-23,21.579999923706055,21.709999084472656,20.030000686645508,21.600000381469727,16.436931610107422,10300
2008-12-24,21.549999237060547,21.93000030517578,20.459999084472656,21.489999771118164,16.353229522705078,6700
2008-12-26,21.649999618530273,21.899999618530273,21.059999465942383,21.889999389648438,16.657623291015625,8500
2008-12-29,21.8700008392334,21.8700008392334,21.079999923706055,21.34000015258789,16.239086151123047,4200
2008-12-30,21.739999771118164,21.899999618530273,20.6299991607666,20.959999084472656,15.949913024902344,10800
2008-12-31,20.90999984741211,21.700000762939453,20.719999313354492,21.0,15.980352401733398,33900
2009-01-02,21.0,21.610000610351562,20.600000381469727,21.0,15.980352401733398,15900
2009-01-05,21.280000686645508,21.350000381469727,20.84000015258789,21.0,15.980352401733398,8000
2009-01-06,21.0,21.280000686645508,20.790000915527344,20.979999542236328,15.965137481689453,9300
2009-01-07,20.600000381469727,20.600000381469727,19.049999237060547,19.520000457763672,14.854119300842285,17000
2009-01-08,19.729999542236328,20.1200008392334,19.350000381469727,20.1200008392334,15.31070327758789,17300
2009-01-09,20.0,20.0,18.979999542236328,18.979999542236328,14.443198204040527,13300
2009-01-12,19.59000015258789,19.670000076293945,17.770000457763672,17.809999465942383,13.552861213684082,21700
2009-01-13,17.649999618530273,18.639999389648438,17.510000228881836,18.639999389648438,14.184467315673828,12300
2009-01-14,18.030000686645508,18.6299991607666,16.75,16.75,12.746232986450195,29400
2009-01-15,16.790000915527344,17.200000762939453,16.440000534057617,17.200000762939453,13.088672637939453,12300
2009-01-16,17.1299991607666,18.040000915527344,16.649999618530273,17.25,13.12672233581543,33300
2009-01-20,16.889999389648438,17.290000915527344,15.220000267028809,15.229999542236328,11.589561462402344,19600
2009-01-21,15.529999732971191,16.1299991607666,15.0,16.1299991607666,12.274433135986328,11800
2009-01-22,15.729999542236328,16.139999389648438,15.069999694824219,15.079999923706055,11.475415229797363,5000
2009-01-23,15.010000228881836,15.0600004196167,14.039999961853027,15.0600004196167,11.460196495056152,8300
2009-01-26,14.640000343322754,15.609999656677246,13.630000114440918,14.010000228881836,10.661176681518555,20800
2009-01-27,14.0,14.25,12.850000381469727,13.020000457763672,9.907817840576172,31800
2009-01-28,14.0,14.029999732971191,13.609999656677246,13.819999694824219,10.516596794128418,10900
2009-01-29,13.550000190734863,13.619999885559082,13.210000038146973,13.210000038146973,10.052404403686523,6700
2009-01-30,13.0,13.0,12.25,12.25,9.321873664855957,22200
2009-02-02,12.0,13.0,12.0,12.9399995803833,9.846942901611328,8100
2009-02-03,13.039999961853027,13.039999961853027,12.0600004196167,12.710000038146973,9.74724292755127,16800
2009-02-04,12.75,13.020000457763672,12.329999923706055,12.420000076293945,9.524845123291016,12000
2009-02-05,12.260000228881836,13.0,12.260000228881836,12.789999961853027,9.80859661102295,12000
2009-02-06,12.729999542236328,12.949999809265137,12.729999542236328,12.9399995803833,9.92363166809082,10300
2009-02-09,12.949999809265137,13.0,12.8100004196167,12.90999984741211,9.900625228881836,7000
2009-02-10,12.800000190734863,12.859999656677246,11.489999771118164,11.529999732971191,8.84230899810791,14700
2009-02-11,11.569999694824219,11.779999732971191,11.15999984741211,11.25,8.627578735351562,16200
2009-02-12,11.069999694824219,11.630000114440918,11.010000228881836,11.289999961853027,8.658255577087402,12600
2009-02-13,11.359999656677246,11.989999771118164,10.5,10.720000267028809,8.221122741699219,29100
2009-02-17,10.5,10.640000343322754,10.0,10.109999656677246,7.753314971923828,19800
2009-02-18,10.260000228881836,10.260000228881836,9.5600004196167,9.760000228881836,7.484902381896973,31100
2009-02-19,9.9399995803833,9.9399995803833,9.390000343322754,9.390000343322754,7.2011518478393555,15700
2009-02-20,9.630000114440918,9.710000038146973,8.260000228881836,8.5,6.518613815307617,34200
2009-02-23,8.640000343322754,8.850000381469727,7.179999828338623,7.179999828338623,5.506312847137451,19600
2009-02-24,7.320000171661377,7.559999942779541,6.900000095367432,7.25,5.559994697570801,83200
2009-02-25,7.199999809265137,7.300000190734863,6.75,6.769999980926514,5.1918840408325195,33900
2009-02-26,6.96999979019165,7.050000190734863,6.199999809265137,6.489999771118164,4.977151870727539,131700
2009-02-27,6.340000152587891,6.46999979019165,6.099999904632568,6.329999923706055,4.854449272155762,39300
2009-03-02,6.25,6.409999847412109,6.099999904632568,6.099999904632568,4.678064346313477,48000
2009-03-03,6.21999979019165,7.349999904632568,6.21999979019165,6.659999847412109,5.107526779174805,33800
2009-03-04,6.800000190734863,7.53000020980835,6.71999979019165,7.079999923706055,5.429622650146484,81300
2009-03-05,7.019999980926514,7.679999828338623,6.610000133514404,7.03000020980835,5.391277313232422,51900
2009-03-06,7.119999885559082,7.659999847412109,7.070000171661377,7.659999847412109,5.874421119689941,16100
2009-03-09,7.400000095367432,8.180000305175781,7.400000095367432,7.690000057220459,5.897427082061768,12600
2009-03-10,7.900000095367432,8.510000228881836,7.900000095367432,8.510000228881836,6.526284217834473,26000
2009-03-11,8.5600004196167,9.1899995803833,8.5600004196167,8.890000343322754,6.8177056312561035,39700
2009-03-12,9.069999694824219,9.989999771118164,9.0,9.979999542236328,7.653617858886719,78200
2009-03-13,10.0,10.380000114440918,9.5,9.579999923706055,7.346861839294434,38200
2009-03-16,9.529999732971191,9.800000190734863,8.579999923706055,8.789999961853027,6.741015434265137,33400
2009-03-17,8.760000228881836,9.6899995803833,8.300000190734863,9.460000038146973,7.2548370361328125,32500
2009-03-18,9.449999809265137,9.920000076293945,8.899999618530273,9.510000228881836,7.293179035186768,43000
2009-03-19,9.6899995803833,9.989999771118164,9.199999809265137,9.479999542236328,7.27017068862915,18400
2009-03-20,9.550000190734863,9.720000267028809,9.34000015258789,9.399999618530273,7.208818435668945,47200
2009-03-23,9.770000457763672,10.819999694824219,9.5,10.529999732971191,8.07541275024414,35800
2009-03-24,10.420000076293945,11.260000228881836,9.930000305175781,10.489999771118164,8.04473876953125,36800
2009-03-25,11.489999771118164,11.529999732971191,10.699999809265137,10.739999771118164,8.236459732055664,30300
2009-03-26,11.0,12.0,10.619999885559082,11.640000343322754,8.926666259765625,20100
2009-03-27,11.319999694824219,11.6899995803833,10.859999656677246,10.890000343322754,8.351496696472168,9700
2009-03-30,10.489999771118164,10.489999771118164,9.550000190734863,9.59000015258789,7.354530334472656,17400
2009-03-31,9.739999771118164,10.0600004196167,9.109999656677246,9.729999542236328,7.461896896362305,15500
2009-04-01,9.449999809265137,10.109999656677246,9.390000343322754,9.779999732971191,7.500242233276367,17600
2009-04-02,9.989999771118164,11.8100004196167,9.989999771118164,11.75,9.01102066040039,25600
2009-04-03,11.710000038146973,13.229999542236328,10.720000267028809,12.869999885559082,9.869948387145996,18900
2009-04-06,12.979999542236328,12.979999542236328,11.609999656677246,11.779999732971191,9.034028053283691,16900
2009-04-07,11.59000015258789,11.760000228881836,11.279999732971191,11.279999732971191,8.650581359863281,6200
2009-04-08,11.220000267028809,11.760000228881836,10.890000343322754,11.020000457763672,8.451189994812012,20100
2009-04-09,11.3100004196167,11.869999885559082,11.109999656677246,11.729999542236328,8.995687484741211,17500
2009-04-13,11.5,12.109999656677246,11.399999618530273,12.109999656677246,9.287107467651367,9900
2009-04-14,11.819999694824219,12.010000228881836,11.579999923706055,11.6899995803833,8.965014457702637,9600
2009-04-15,11.699999809265137,12.300000190734863,11.699999809265137,12.300000190734863,9.432818412780762,5700
2009-04-16,12.050000190734863,12.489999771118164,11.779999732971191,11.989999771118164,9.19507884979248,35300
2009-04-17,12.170000076293945,13.170000076293945,11.09000015258789,12.229999542236328,9.379136085510254,22900
2009-04-20,11.829999923706055,11.960000038146973,11.109999656677246,11.109999656677246,8.520211219787598,8000
2009-04-21,10.3100004196167,12.75,10.020000457763672,12.75,9.777922630310059,12900
2009-04-22,12.369999885559082,12.369999885559082,11.84000015258789,11.869999885559082,9.10305404663086,22800
2009-04-23,11.920000076293945,12.40999984741211,11.920000076293945,12.119999885559082,9.294776916503906,10000
2009-04-24,12.319999694824219,12.600000381469727,12.0600004196167,12.239999771118164,9.386805534362793,15400
2009-04-27,11.949999809265137,11.949999809265137,11.670000076293945,11.8100004196167,9.057039260864258,9500
2009-04-28,11.619999885559082,11.989999771118164,11.520000457763672,11.819999694824219,9.142120361328125,6900
2009-04-29,11.920000076293945,12.75,11.550000190734863,12.75,9.861422538757324,45200
2009-04-30,12.6899995803833,13.720000267028809,11.9399995803833,12.010000228881836,9.28907299041748,25900
2009-05-01,11.989999771118164,13.229999542236328,11.8100004196167,11.989999771118164,9.273600578308105,10700
2009-05-04,11.800000190734863,12.899999618530273,11.710000038146973,12.899999618530273,9.977439880371094,11300
2009-05-05,12.760000228881836,12.760000228881836,11.630000114440918,11.890000343322754,9.196256637573242,35800
2009-05-06,12.09000015258789,12.850000381469727,11.800000190734863,12.329999923706055,9.53657341003418,13000
2009-05-07,12.449999809265137,13.199999809265137,12.449999809265137,12.9399995803833,10.008377075195312,31600
2009-05-08,13.170000076293945,13.170000076293945,12.510000228881836,13.0,10.054780006408691,15900
2009-05-11,13.119999885559082,13.119999885559082,12.25,12.859999656677246,9.94649887084961,16100
2009-05-12,12.930000305175781,12.960000038146973,12.449999809265137,12.850000381469727,9.938765525817871,15500
2009-05-13,12.569999694824219,12.729999542236328,12.329999923706055,12.5600004196167,9.71446704864502,13800
2009-05-14,12.579999923706055,12.989999771118164,12.579999923706055,12.880000114440918,9.961970329284668,9500
2009-05-15,12.869999885559082,13.25,12.449999809265137,12.850000381469727,9.938765525817871,14900
2009-05-18,12.800000190734863,13.59000015258789,12.739999771118164,13.59000015258789,10.511114120483398,13900
2009-05-19,13.229999542236328,13.260000228881836,12.649999618530273,13.199999809265137,10.209471702575684,28200
2009-05-20,13.569999694824219,13.649999618530273,13.25,13.550000190734863,10.480178833007812,16100
2009-05-21,13.359999656677246,13.680000305175781,13.25,13.619999885559082,10.534319877624512,8500
2009-05-22,13.199999809265137,13.670000076293945,13.039999961853027,13.5,10.441507339477539,70600
2009-05-26,13.390000343322754,15.260000228881836,13.289999961853027,15.260000228881836,11.80277156829834,16900
2009-05-27,15.140000343322754,15.140000343322754,13.5,13.5,10.441507339477539,34700
2009-05-28,13.680000305175781,14.449999809265137,13.5,13.630000114440918,10.542052268981934,13000
2009-05-29,13.75,14.8100004196167,13.5,14.479999542236328,11.199481010437012,55000
2009-06-01,14.229999542236328,14.90999984741211,13.430000305175781,14.90999984741211,11.532062530517578,17900
2009-06-02,14.770000457763672,15.0,14.039999961853027,14.979999542236328,11.58620548248291,13800
2009-06-03,14.859999656677246,14.859999656677246,14.25,14.84000015258789,11.477922439575195,4900
2009-06-04,14.90999984741211,14.90999984741211,14.020000457763672,14.420000076293945,11.153075218200684,17000
2009-06-05,14.550000190734863,14.800000190734863,14.199999809265137,14.289999961853027,11.052526473999023,5300
2009-06-08,14.5,14.5,14.140000343322754,14.140000343322754,10.936508178710938,6900
2009-06-09,14.199999809265137,14.239999771118164,13.739999771118164,13.739999771118164,10.627131462097168,6200
2009-06-10,13.930000305175781,14.15999984741211,13.449999809265137,13.609999656677246,10.52658462524414,33100
2009-06-11,13.699999809265137,14.239999771118164,13.359999656677246,13.829999923706055,10.696741104125977,13500
2009-06-12,13.670000076293945,13.970000267028809,13.369999885559082,13.770000457763672,10.650337219238281,13300
2009-06-15,13.619999885559082,13.930000305175781,13.479999542236328,13.550000190734863,10.480178833007812,15500
2009-06-16,13.770000457763672,14.130000114440918,13.149999618530273,13.270000457763672,10.263616561889648,20000
2009-06-17,13.300000190734863,14.449999809265137,13.260000228881836,14.34000015258789,11.091197967529297,8800
2009-06-18,14.239999771118164,14.789999961853027,13.199999809265137,13.449999809265137,10.402832984924316,45000
2009-06-19,13.65999984741211,14.479999542236328,13.420000076293945,13.65999984741211,10.565256118774414,36700
2009-06-22,13.600000381469727,13.979999542236328,13.210000038146973,13.260000228881836,10.255878448486328,9800
2009-06-23,13.199999809265137,13.899999618530273,13.010000228881836,13.180000305175781,10.194002151489258,7800
2009-06-24,13.300000190734863,13.699999809265137,12.720000267028809,12.729999542236328,9.845952033996582,16500
2009-06-25,12.6899995803833,13.770000457763672,12.520000457763672,13.65999984741211,10.565256118774414,11300
2009-06-26,13.579999923706055,14.710000038146973,12.979999542236328,14.710000038146973,11.377373695373535,72000
2009-06-29,14.600000381469727,15.0,13.020000457763672,13.020000457763672,10.070250511169434,22300
2009-06-30,13.100000381469727,14.25,12.630000114440918,12.630000114440918,9.768607139587402,18900
2009-07-01,12.819999694824219,13.329999923706055,12.510000228881836,13.220000267028809,10.224944114685059,28000
2009-07-02,12.970000267028809,13.359999656677246,12.5,12.649999618530273,9.784078598022461,11900
2009-07-06,12.619999885559082,13.260000228881836,12.510000228881836,12.630000114440918,9.768607139587402,12300
2009-07-07,12.680000305175781,13.699999809265137,12.529999732971191,12.640000343322754,9.776342391967773,15300
2009-07-08,12.779999732971191,13.449999809265137,12.069999694824219,12.869999885559082,9.954235076904297,44500
2009-07-09,13.220000267028809,13.489999771118164,12.5,12.760000228881836,9.869154930114746,24500
2009-07-10,12.539999961853027,12.539999961853027,12.350000381469727,12.520000457763672,9.683530807495117,2300
2009-07-13,12.949999809265137,12.949999809265137,12.760000228881836,12.819999694824219,9.915565490722656,9300
2009-07-14,13.210000038146973,13.25,12.539999961853027,13.25,10.248144149780273,9700
2009-07-15,13.0,13.0,12.210000038146973,12.630000114440918,9.768607139587402,24800
2009-07-16,12.710000038146973,12.949999809265137,12.510000228881836,12.760000228881836,9.869154930114746,5200
2009-07-17,12.789999961853027,12.880000114440918,12.010000228881836,12.0600004196167,9.32774543762207,11500
2009-07-20,12.180000305175781,12.800000190734863,11.550000190734863,12.09000015258789,9.350948333740234,102300
2009-07-21,12.0,12.0,11.899999618530273,12.0,9.281339645385742,2300
2009-07-22,12.0,12.029999732971191,11.619999885559082,11.979999542236328,9.265868186950684,7500
2009-07-23,11.90999984741211,12.0,11.829999923706055,11.899999618530273,9.203991889953613,17300
2009-07-24,11.899999618530273,12.0,11.829999923706055,11.899999618530273,9.203991889953613,12900
2009-07-27,11.920000076293945,12.100000381469727,11.850000381469727,12.079999923706055,9.343215942382812,46200
2009-07-28,12.0,12.199999809265137,12.0,12.119999885559082,9.374150276184082,13400
2009-07-29,12.149999618530273,12.5,12.149999618530273,12.270000457763672,9.569123268127441,3600
2009-07-30,12.520000457763672,13.539999961853027,12.520000457763672,13.319999694824219,10.387992858886719,8900
2009-07-31,13.210000038146973,13.869999885559082,12.949999809265137,13.869999885559082,10.81692886352539,11400
2009-08-03,13.420000076293945,13.859999656677246,13.319999694824219,13.739999771118164,10.715542793273926,10700
2009-08-04,13.529999732971191,13.779999732971191,13.40999984741211,13.529999732971191,10.551769256591797,16600
2009-08-05,13.470000267028809,13.609999656677246,12.739999771118164,12.739999771118164,9.935663223266602,30300
2009-08-06,12.829999923706055,12.890000343322754,12.529999732971191,12.529999732971191,9.771891593933105,8500
2009-08-07,12.829999923706055,14.0,12.819999694824219,13.789999961853027,10.754536628723145,21600
2009-08-10,13.630000114440918,13.930000305175781,12.710000038146973,13.800000190734863,10.762338638305664,5900
2009-08-11,13.619999885559082,13.619999885559082,13.109999656677246,13.420000076293945,10.465983390808105,5300
2009-08-12,13.1899995803833,14.029999732971191,13.1899995803833,14.029999732971191,10.941706657409668,11600
2009-08-13,14.09000015258789,14.210000038146973,13.300000190734863,13.399999618530273,10.450386047363281,4400
2009-08-14,13.670000076293945,13.970000267028809,12.75,12.770000457763672,9.959062576293945,18800
2009-08-17,12.520000457763672,13.109999656677246,12.520000457763672,12.729999542236328,9.927865028381348,8900
2009-08-18,12.789999961853027,13.760000228881836,12.789999961853027,13.529999732971191,10.551769256591797,6500
2009-08-19,12.869999885559082,13.90999984741211,12.859999656677246,13.539999961853027,10.559568405151367,8900
2009-08-20,13.539999961853027,13.630000114440918,13.010000228881836,13.550000190734863,10.567366600036621,15000
2009-08-21,13.800000190734863,13.949999809265137,12.760000228881836,13.470000267028809,10.50497817993164,31200
2009-08-24,13.470000267028809,13.470000267028809,13.149999618530273,13.329999923706055,10.395794868469238,2600
2009-08-25,13.420000076293945,13.569999694824219,12.989999771118164,13.210000038146973,10.302206993103027,5500
2009-08-26,13.119999885559082,13.210000038146973,13.0,13.109999656677246,10.224220275878906,8900
2009-08-27,13.100000381469727,13.680000305175781,12.819999694824219,13.4399995803833,10.481581687927246,14900
2009-08-28,13.4399995803833,13.4399995803833,13.109999656677246,13.130000114440918,10.239818572998047,9800
2009-08-31,13.010000228881836,13.829999923706055,12.75,12.779999732971191,9.966859817504883,15200
2009-09-01,12.75,13.8100004196167,12.520000457763672,12.869999885559082,10.03704833984375,33700
2009-09-02,12.970000267028809,13.350000381469727,12.550000190734863,12.890000343322754,10.05264663696289,12400
2009-09-03,12.930000305175781,13.380000114440918,12.5600004196167,12.579999923706055,9.810881614685059,10800
2009-09-04,12.619999885559082,13.15999984741211,12.569999694824219,12.649999618530273,9.865477561950684,7600
2009-09-08,12.829999923706055,13.0,12.529999732971191,12.699999809265137,9.904467582702637,17900
2009-09-09,12.960000038146973,13.079999923706055,12.670000076293945,12.770000457763672,9.959062576293945,9500
2009-09-10,12.859999656677246,12.859999656677246,12.539999961853027,12.6899995803833,9.8966703414917,8100
2009-09-11,12.680000305175781,13.359999656677246,12.569999694824219,13.300000190734863,10.372395515441895,46300
2009-09-14,13.470000267028809,13.470000267028809,12.6899995803833,13.069999694824219,10.193023681640625,96500
2009-09-15,13.010000228881836,13.350000381469727,12.960000038146973,13.0600004196167,10.185225486755371,27300
2009-09-16,13.119999885559082,13.279999732971191,13.0600004196167,13.09000015258789,10.208623886108398,26000
2009-09-17,13.109999656677246,13.25,12.949999809265137,12.949999809265137,10.099438667297363,12700
2009-09-18,13.050000190734863,13.260000228881836,13.029999732971191,13.109999656677246,10.224220275878906,24000
2009-09-21,12.989999771118164,13.210000038146973,12.850000381469727,13.010000228881836,10.146231651306152,11900
2009-09-22,13.010000228881836,13.100000381469727,12.520000457763672,12.609999656677246,9.834280014038086,11700
2009-09-23,12.600000381469727,12.800000190734863,12.5,12.5,9.748494148254395,2900
2009-09-24,12.180000305175781,12.529999732971191,12.100000381469727,12.5,9.748494148254395,16100
2009-09-25,12.40999984741211,13.0600004196167,12.350000381469727,12.729999542236328,9.927865028381348,16100
2009-09-28,12.859999656677246,12.970000267028809,12.510000228881836,12.720000267028809,9.920065879821777,8300
2009-09-29,12.770000457763672,12.920000076293945,12.600000381469727,12.649999618530273,9.865477561950684,3500
2009-09-30,12.520000457763672,12.520000457763672,12.010000228881836,12.010000228881836,9.366352081298828,43200
2009-10-01,12.100000381469727,12.34000015258789,12.100000381469727,12.119999885559082,9.452139854431152,13700
2009-10-02,12.100000381469727,12.699999809265137,12.0600004196167,12.25,9.553522109985352,6000
2009-10-05,12.279999732971191,12.649999618530273,12.270000457763672,12.390000343322754,9.662708282470703,7800
2009-10-06,12.520000457763672,12.640000343322754,12.029999732971191,12.199999809265137,9.514530181884766,15300
2009-10-07,12.109999656677246,12.199999809265137,11.850000381469727,11.949999809265137,9.319561004638672,9100
2009-10-08,12.029999732971191,12.029999732971191,11.640000343322754,11.640000343322754,9.077798843383789,6000
2009-10-09,11.670000076293945,11.970000267028809,11.529999732971191,11.9399995803833,9.311761856079102,4800
2009-10-12,11.84000015258789,11.880000114440918,11.5,11.529999732971191,8.992012023925781,8200
2009-10-13,11.510000228881836,11.510000228881836,10.5,10.619999885559082,8.282318115234375,39100
2009-10-14,10.729999542236328,11.119999885559082,10.579999923706055,10.729999542236328,8.368104934692383,32100
2009-10-15,10.670000076293945,10.779999732971191,10.449999809265137,10.520000457763672,8.20433235168457,13000
2009-10-16,10.449999809265137,10.630000114440918,10.449999809265137,10.510000228881836,8.196533203125,12800
2009-10-19,10.649999618530273,11.149999618530273,10.539999961853027,10.979999542236328,8.56307315826416,32200
2009-10-20,11.239999771118164,12.520000457763672,11.020000457763672,11.680000305175781,9.108993530273438,75000
2009-10-21,11.859999656677246,11.890000343322754,11.010000228881836,11.109999656677246,8.664460182189941,57800
2009-10-22,11.09000015258789,11.399999618530273,9.760000228881836,9.930000305175781,7.744204998016357,50100
2009-10-23,10.65999984741211,10.65999984741211,9.59000015258789,9.920000076293945,7.7364044189453125,63900
2009-10-26,10.0600004196167,10.239999771118164,9.829999923706055,9.84000015258789,7.674015998840332,26400
2009-10-27,9.960000038146973,10.0,9.390000343322754,9.470000267028809,7.385458946228027,17700
2009-10-28,9.5,9.720000267028809,9.170000076293945,9.170000076293945,7.151495456695557,23600
2009-10-29,9.270000457763672,9.770000457763672,9.270000457763672,9.520000457763672,7.4244513511657715,45300
2009-10-30,9.279999732971191,9.539999961853027,8.729999542236328,8.729999542236328,6.808347702026367,160500
2009-11-02,8.779999732971191,9.430000305175781,8.640000343322754,8.899999618530273,6.940926551818848,50900
2009-11-03,8.859999656677246,8.859999656677246,8.149999618530273,8.220000267028809,6.483457088470459,42000
2009-11-04,8.300000190734863,8.5,7.820000171661377,7.820000171661377,6.1679606437683105,22100
2009-11-05,7.809999942779541,8.170000076293945,7.760000228881836,7.880000114440918,6.215285301208496,31600
2009-11-06,7.789999961853027,7.829999923706055,7.380000114440918,7.5,5.915563583374023,25700
2009-11-09,7.570000171661377,7.699999809265137,7.429999828338623,7.670000076293945,6.0496506690979,18700
2009-11-10,7.670000076293945,8.25,7.400000095367432,7.880000114440918,6.215285301208496,56100
2009-11-11,7.960000038146973,8.09000015258789,7.550000190734863,7.559999942779541,5.962887287139893,18900
2009-11-12,7.559999942779541,8.149999618530273,7.5,7.5,5.915563583374023,38000
2009-11-13,7.510000228881836,7.769999980926514,7.510000228881836,7.619999885559082,6.010213375091553,34700
2009-11-16,7.730000019073486,8.100000381469727,7.659999847412109,7.889999866485596,6.223171234130859,32600
2009-11-17,7.869999885559082,7.920000076293945,7.760000228881836,7.909999847412109,6.238946914672852,6100
2009-11-18,7.769999980926514,7.840000152587891,7.710000038146973,7.710000038146973,6.081198215484619,10200
2009-11-19,7.760000228881836,7.940000057220459,7.460000038146973,7.460000038146973,5.884012699127197,36900
2009-11-20,7.400000095367432,7.5,7.050000190734863,7.360000133514404,5.805140495300293,48400
2009-11-23,7.5,7.5,7.289999961853027,7.340000152587891,5.789365291595459,11000
2009-11-24,7.369999885559082,7.650000095367432,7.260000228881836,7.429999828338623,5.860352039337158,14900
2009-11-25,7.449999809265137,7.809999942779541,7.340000152587891,7.429999828338623,5.860352039337158,13800
2009-11-27,7.170000076293945,7.650000095367432,7.0,7.300000190734863,5.757815837860107,19600
2009-11-30,7.320000171661377,7.599999904632568,7.300000190734863,7.440000057220459,5.868238925933838,17400
2009-12-01,7.539999961853027,7.760000228881836,7.440000057220459,7.539999961853027,5.947113513946533,17400
2009-12-02,7.539999961853027,7.679999828338623,7.360000133514404,7.570000171661377,5.970774173736572,35400
2009-12-03,7.579999923706055,7.769999980926514,7.519999980926514,7.659999847412109,6.0417609214782715,35200
2009-12-04,7.829999923706055,7.940000057220459,7.650000095367432,7.769999980926514,6.128524303436279,43600
2009-12-07,7.739999771118164,7.789999961853027,7.650000095367432,7.739999771118164,6.104861736297607,17100
2009-12-08,7.699999809265137,7.849999904632568,7.630000114440918,7.659999847412109,6.0417609214782715,16900
2009-12-09,7.679999828338623,7.789999961853027,7.659999847412109,7.699999809265137,6.073309898376465,17900
2009-12-10,7.699999809265137,7.869999885559082,7.559999942779541,7.679999828338623,6.057537078857422,25600
2009-12-11,7.739999771118164,7.889999866485596,7.650000095367432,7.699999809265137,6.073309898376465,16200
2009-12-14,7.579999923706055,7.75,7.550000190734863,7.730000019073486,6.096972465515137,25700
2009-12-15,7.650000095367432,7.730000019073486,7.559999942779541,7.559999942779541,5.962887287139893,33600
2009-12-16,7.610000133514404,7.849999904632568,7.46999979019165,7.480000019073486,5.899789333343506,34200
2009-12-17,7.449999809265137,7.630000114440918,7.449999809265137,7.489999771118164,5.9076762199401855,29300
2009-12-18,7.53000020980835,7.71999979019165,7.300000190734863,7.300000190734863,5.757815837860107,82500
2009-12-21,7.369999885559082,7.650000095367432,7.309999942779541,7.389999866485596,5.828801155090332,43800
2009-12-22,7.300000190734863,7.599999904632568,7.300000190734863,7.349999904632568,5.7972517013549805,25400
2009-12-23,7.420000076293945,8.229999542236328,7.420000076293945,7.579999923706055,5.97866153717041,28300
2009-12-24,7.650000095367432,7.96999979019165,7.400000095367432,7.409999847412109,5.844578266143799,14000
2009-12-28,7.460000038146973,7.710000038146973,7.28000020980835,7.309999942779541,5.765704154968262,35700
2009-12-29,7.300000190734863,7.739999771118164,7.300000190734863,7.5,5.915563583374023,25600
2009-12-30,7.449999809265137,7.639999866485596,7.300000190734863,7.489999771118164,5.9076762199401855,19300
2009-12-31,7.5,7.820000171661377,7.5,7.630000114440918,6.0180983543396,22400
2010-01-04,7.699999809265137,7.900000095367432,7.559999942779541,7.659999847412109,6.0417609214782715,18500
2010-01-05,7.659999847412109,7.889999866485596,7.460000038146973,7.460000038146973,5.884012699127197,18400
2010-01-06,7.480000019073486,7.670000076293945,7.179999828338623,7.21999979019165,5.69471549987793,44400
2010-01-07,7.230000019073486,7.579999923706055,7.230000019073486,7.53000020980835,5.939225673675537,23700
2010-01-08,7.46999979019165,8.140000343322754,7.46999979019165,7.889999866485596,6.223171234130859,24500
2010-01-11,7.920000076293945,8.569999694824219,7.920000076293945,8.489999771118164,6.696418285369873,41400
2010-01-12,8.5,8.899999618530273,8.449999809265137,8.680000305175781,6.846279621124268,32700
2010-01-13,8.710000038146973,9.239999771118164,8.670000076293945,8.829999923706055,6.9645891189575195,71400
2010-01-14,8.819999694824219,9.039999961853027,8.720000267028809,8.970000267028809,7.075014591217041,13400
2010-01-15,9.039999961853027,9.09000015258789,8.890000343322754,9.010000228881836,7.106563091278076,41300
2010-01-19,9.0,9.720000267028809,9.0,9.710000038146973,7.658681392669678,19600
2010-01-20,9.59000015258789,9.859999656677246,9.59000015258789,9.789999961853027,7.721782684326172,27500
2010-01-21,9.869999885559082,9.869999885559082,9.760000228881836,9.779999732971191,7.713893413543701,34000
2010-01-22,9.779999732971191,10.0,9.739999771118164,9.920000076293945,7.824317932128906,95500
2010-01-25,10.0,10.5,9.869999885559082,10.220000267028809,8.060942649841309,33200
2010-01-26,10.229999542236328,10.680000305175781,10.0,10.4399995803833,8.234461784362793,124100
2010-01-27,10.390000343322754,10.5,10.149999618530273,10.149999618530273,8.005728721618652,43100
2010-01-28,10.15999984741211,10.350000381469727,10.15999984741211,10.199999809265137,8.093008995056152,20400
2010-01-29,10.289999961853027,10.300000190734863,10.15999984741211,10.220000267028809,8.108872413635254,63700
2010-02-01,10.270000457763672,10.5600004196167,10.199999809265137,10.300000190734863,8.172348022460938,47500
2010-02-02,10.279999732971191,10.399999618530273,10.25,10.270000457763672,8.148545265197754,39400
2010-02-03,10.270000457763672,10.430000305175781,10.25,10.25,8.132678031921387,17500
2010-02-04,10.1899995803833,10.329999923706055,10.15999984741211,10.15999984741211,8.06126880645752,29700
2010-02-05,10.15999984741211,10.520000457763672,9.90999984741211,10.050000190734863,7.973989963531494,51100
2010-02-08,10.050000190734863,10.050000190734863,9.890000343322754,9.960000038146973,7.902583599090576,33700
2010-02-09,10.100000381469727,10.100000381469727,9.899999618530273,9.989999771118164,7.926387310028076,21100
2010-02-10,9.970000267028809,10.180000305175781,9.899999618530273,9.989999771118164,7.926387310028076,15800
2010-02-11,9.9399995803833,10.0,9.899999618530273,9.989999771118164,7.926387310028076,12800
2010-02-12,9.880000114440918,10.0600004196167,9.880000114440918,10.0600004196167,7.981924533843994,27400
2010-02-16,10.100000381469727,10.100000381469727,9.800000190734863,10.079999923706055,7.997795581817627,8600
2010-02-17,10.100000381469727,10.100000381469727,9.949999809265137,9.979999542236328,7.918452262878418,12900
2010-02-18,10.0,10.0,9.8100004196167,10.0,7.934321403503418,13700
2010-02-19,10.0,10.199999809265137,10.0,10.140000343322754,8.045397758483887,22900
2010-02-22,10.1899995803833,10.1899995803833,10.079999923706055,10.140000343322754,8.045397758483887,13100
2010-02-23,10.119999885559082,10.149999618530273,10.050000190734863,10.0600004196167,7.981924533843994,8400
2010-02-24,10.130000114440918,10.149999618530273,10.069999694824219,10.149999618530273,8.053335189819336,12800
2010-02-25,10.029999732971191,10.149999618530273,10.010000228881836,10.130000114440918,8.037466049194336,11300
2010-02-26,10.149999618530273,10.5,10.029999732971191,10.350000381469727,8.21202278137207,47700
2010-03-01,10.380000114440918,10.539999961853027,10.359999656677246,10.5,8.331036567687988,16600
2010-03-02,10.5,10.630000114440918,10.449999809265137,10.619999885559082,8.426247596740723,16600
2010-03-03,10.649999618530273,10.75,10.640000343322754,10.670000076293945,8.465917587280273,7600
2010-03-04,10.710000038146973,10.75,10.670000076293945,10.729999542236328,8.513525009155273,7500
2010-03-05,10.75,10.899999618530273,10.699999809265137,10.859999656677246,8.616671562194824,20500
2010-03-08,10.890000343322754,10.899999618530273,10.710000038146973,10.84000015258789,8.600805282592773,19100
2010-03-09,10.890000343322754,11.699999809265137,10.819999694824219,11.699999809265137,9.28315258026123,24600
2010-03-10,11.640000343322754,12.300000190734863,11.479999542236328,12.239999771118164,9.71160888671875,22800
2010-03-11,12.119999885559082,12.119999885559082,11.600000381469727,11.770000457763672,9.338696479797363,52600
2010-03-12,11.850000381469727,12.180000305175781,11.760000228881836,11.850000381469727,9.40217113494873,10000
2010-03-15,11.84000015258789,11.899999618530273,11.470000267028809,11.640000343322754,9.235548973083496,17200
2010-03-16,11.609999656677246,11.869999885559082,11.020000457763672,11.8100004196167,9.370431900024414,8100
2010-03-17,11.710000038146973,11.930000305175781,11.59000015258789,11.800000190734863,9.362500190734863,6400
2010-03-18,11.84000015258789,12.0,11.600000381469727,11.819999694824219,9.378366470336914,10400
2010-03-19,11.899999618530273,12.140000343322754,11.510000228881836,12.09000015258789,9.5925931930542,48500
2010-03-22,12.010000228881836,12.40999984741211,11.739999771118164,12.369999885559082,9.814754486083984,14500
2010-03-23,12.359999656677246,12.920000076293945,12.170000076293945,12.630000114440918,10.02104377746582,21900
2010-03-24,12.5,12.949999809265137,12.5,12.869999885559082,10.211470603942871,16800
2010-03-25,12.930000305175781,13.729999542236328,12.930000305175781,13.119999885559082,10.40982723236084,36900
2010-03-26,13.050000190734863,13.390000343322754,12.489999771118164,12.5,9.917900085449219,30800
2010-03-29,12.510000228881836,13.460000038146973,12.359999656677246,12.979999542236328,10.298748970031738,35100
2010-03-30,13.039999961853027,13.460000038146973,12.829999923706055,13.350000381469727,10.592317581176758,62000
2010-03-31,13.270000457763672,13.270000457763672,12.760000228881836,12.890000343322754,10.227340698242188,56800
2010-04-01,12.960000038146973,13.010000228881836,12.5,12.640000343322754,10.028982162475586,10000
2010-04-05,12.649999618530273,12.75,12.539999961853027,12.75,10.116260528564453,7300
2010-04-06,12.710000038146973,12.979999542236328,12.710000038146973,12.979999542236328,10.298748970031738,6500
2010-04-07,12.930000305175781,13.369999885559082,12.930000305175781,13.25,10.51297378540039,33300
2010-04-08,13.1899995803833,13.649999618530273,13.0,13.369999885559082,10.608187675476074,18000
2010-04-09,13.399999618530273,13.40999984741211,13.0,13.140000343322754,10.42569637298584,14300
2010-04-12,13.140000343322754,13.569999694824219,13.109999656677246,13.520000457763672,10.727201461791992,18000
2010-04-13,13.5,13.640000343322754,13.319999694824219,13.420000076293945,10.64785385131836,21300
2010-04-14,13.460000038146973,14.119999885559082,13.460000038146973,14.119999885559082,11.203261375427246,22100
2010-04-15,14.029999732971191,14.0600004196167,13.850000381469727,14.029999732971191,11.131851196289062,12200
2010-04-16,14.029999732971191,14.029999732971191,13.729999542236328,13.760000228881836,10.917625427246094,21400
2010-04-19,13.75,13.760000228881836,13.470000267028809,13.529999732971191,10.735136032104492,56000
2010-04-20,13.579999923706055,13.59000015258789,13.470000267028809,13.539999961853027,10.74306583404541,31800
2010-04-21,13.579999923706055,13.720000267028809,13.489999771118164,13.699999809265137,10.870020866394043,19100
2010-04-22,13.5600004196167,13.869999885559082,13.5600004196167,13.670000076293945,10.846217155456543,12900
2010-04-23,13.529999732971191,13.8100004196167,13.529999732971191,13.699999809265137,10.917941093444824,21200
2010-04-26,13.640000343322754,13.789999961853027,13.5,13.550000190734863,10.798398971557617,9400
2010-04-27,13.460000038146973,13.75,13.020000457763672,13.25,10.559321403503418,37400
2010-04-28,13.199999809265137,13.489999771118164,13.199999809265137,13.3100004196167,10.607138633728027,21100
2010-04-29,13.369999885559082,13.550000190734863,13.170000076293945,13.40999984741211,10.686829566955566,46900
2010-04-30,13.109999656677246,13.270000457763672,12.479999542236328,12.479999542236328,9.945686340332031,59700
2010-05-03,12.5,13.079999923706055,12.5,13.020000457763672,10.376030921936035,19000
2010-05-04,12.850000381469727,12.850000381469727,12.300000190734863,12.399999618530273,9.881932258605957,32200
2010-05-05,12.470000267028809,12.479999542236328,12.350000381469727,12.399999618530273,9.881932258605957,17200
2010-05-06,12.359999656677246,13.25,12.359999656677246,12.399999618530273,9.881932258605957,29500
2010-05-07,12.359999656677246,12.380000114440918,11.819999694824219,12.039999961853027,9.595036506652832,20400
2010-05-10,12.380000114440918,12.84000015258789,12.130000114440918,12.84000015258789,10.232576370239258,23600
2010-05-11,12.729999542236328,12.949999809265137,12.569999694824219,12.899999618530273,10.280397415161133,19500
2010-05-12,12.5,14.010000228881836,12.5,13.699999809265137,10.917941093444824,40900
2010-05-13,13.619999885559082,13.779999732971191,13.229999542236328,13.670000076293945,10.894033432006836,21100
2010-05-14,13.5600004196167,13.5600004196167,13.180000305175781,13.4399995803833,10.710737228393555,16500
2010-05-17,13.569999694824219,13.710000038146973,13.210000038146973,13.609999656677246,10.846214294433594,12400
2010-05-18,13.75,13.75,13.050000190734863,13.069999694824219,10.415873527526855,13900
2010-05-19,13.069999694824219,13.210000038146973,12.630000114440918,12.779999732971191,10.18476390838623,20900
2010-05-20,12.520000457763672,12.739999771118164,12.109999656677246,12.130000114440918,9.66675853729248,18700
2010-05-21,12.109999656677246,12.5,12.050000190734863,12.15999984741211,9.690668106079102,28400
2010-05-24,12.149999618530273,12.960000038146973,12.149999618530273,12.350000381469727,9.842084884643555,13000
2010-05-25,12.010000228881836,12.289999961853027,11.949999809265137,12.149999618530273,9.682697296142578,24900
2010-05-26,12.229999542236328,12.239999771118164,12.0,12.079999923706055,9.626914024353027,11000
2010-05-27,12.319999694824219,12.5600004196167,12.039999961853027,12.4399995803833,9.913805961608887,28100
2010-05-28,12.449999809265137,12.75,12.319999694824219,12.380000114440918,9.865991592407227,28100
2010-06-01,12.100000381469727,12.569999694824219,11.9399995803833,11.9399995803833,9.51534366607666,24000
2010-06-02,12.050000190734863,12.239999771118164,11.6899995803833,12.239999771118164,9.75442123413086,31500
2010-06-03,12.170000076293945,12.569999694824219,11.930000305175781,12.359999656677246,9.850051879882812,13900
2010-06-04,12.050000190734863,12.5600004196167,11.760000228881836,11.930000305175781,9.507373809814453,54000
2010-06-07,12.0,12.479999542236328,11.8100004196167,11.930000305175781,9.507373809814453,36600
2010-06-08,12.010000228881836,12.359999656677246,11.729999542236328,11.90999984741211,9.491435050964355,19000
2010-06-09,11.9399995803833,12.1899995803833,11.539999961853027,11.600000381469727,9.24438762664795,76600
2010-06-10,11.789999961853027,11.949999809265137,11.520000457763672,11.8100004196167,9.411742210388184,38100
2010-06-11,11.699999809265137,11.989999771118164,11.600000381469727,11.859999656677246,9.45158863067627,38500
2010-06-14,11.989999771118164,12.149999618530273,11.65999984741211,11.770000457763672,9.379864692687988,79000
2010-06-15,11.850000381469727,12.029999732971191,11.649999618530273,12.020000457763672,9.57909870147705,34400
2010-06-16,11.930000305175781,12.319999694824219,11.930000305175781,12.0,9.563159942626953,8100
2010-06-17,12.130000114440918,12.229999542236328,11.960000038146973,11.970000267028809,9.5392484664917,6900
2010-06-18,12.0600004196167,12.4399995803833,12.039999961853027,12.34000015258789,9.834112167358398,41900
2010-06-21,12.4399995803833,12.449999809265137,12.069999694824219,12.1899995803833,9.714573860168457,10900
2010-06-22,12.210000038146973,12.210000038146973,11.869999885559082,11.9399995803833,9.51534366607666,17600
2010-06-23,11.90999984741211,12.0,11.710000038146973,11.960000038146973,9.531281471252441,9900
2010-06-24,11.859999656677246,11.859999656677246,11.5,11.510000228881836,9.172664642333984,20900
2010-06-25,11.59000015258789,12.390000343322754,11.510000228881836,12.380000114440918,9.865991592407227,188600
2010-06-28,12.25,12.449999809265137,11.899999618530273,12.319999694824219,9.818175315856934,52500
2010-06-29,12.130000114440918,12.279999732971191,11.680000305175781,11.729999542236328,9.34798812866211,26600
2010-06-30,11.850000381469727,12.020000457763672,11.489999771118164,11.5,9.164691925048828,20900
2010-07-01,11.550000190734863,11.550000190734863,11.149999618530273,11.3100004196167,9.013275146484375,21100
2010-07-02,11.40999984741211,11.529999732971191,11.010000228881836,11.130000114440918,8.869832038879395,18700
2010-07-06,11.260000228881836,11.260000228881836,11.010000228881836,11.170000076293945,8.901703834533691,21500
2010-07-07,11.239999771118164,11.260000228881836,11.09000015258789,11.25,8.965459823608398,44500
2010-07-08,11.359999656677246,11.40999984741211,11.149999618530273,11.3100004196167,9.013275146484375,14300
2010-07-09,11.229999542236328,11.619999885559082,11.050000190734863,11.619999885559082,9.260324478149414,20600
2010-07-12,11.5600004196167,11.710000038146973,11.329999923706055,11.34000015258789,9.037184715270996,15100
2010-07-13,11.449999809265137,12.0,11.449999809265137,12.0,9.563159942626953,17300
2010-07-14,11.930000305175781,12.029999732971191,11.6899995803833,11.850000381469727,9.443618774414062,11400
2010-07-15,11.84000015258789,11.890000343322754,11.489999771118164,11.5,9.164691925048828,8200
2010-07-16,11.489999771118164,11.489999771118164,10.8100004196167,10.9399995803833,8.718411445617676,47000
2010-07-19,11.170000076293945,11.350000381469727,10.949999809265137,11.350000381469727,9.04515552520752,10400
2010-07-20,11.210000038146973,11.869999885559082,11.210000038146973,11.850000381469727,9.443618774414062,18100
2010-07-21,11.84000015258789,11.84000015258789,11.130000114440918,11.140000343322754,8.877796173095703,19800
2010-07-22,11.300000190734863,11.699999809265137,11.210000038146973,11.680000305175781,9.308140754699707,30400
2010-07-23,11.600000381469727,12.149999618530273,11.430000305175781,12.140000343322754,9.674728393554688,25500
2010-07-26,12.199999809265137,12.399999618530273,11.890000343322754,12.359999656677246,9.89897632598877,24400
2010-07-27,12.399999618530273,12.399999618530273,12.210000038146973,12.279999732971191,9.834905624389648,13900
2010-07-28,12.220000267028809,12.239999771118164,11.850000381469727,11.970000267028809,9.58663272857666,35400
2010-07-29,12.109999656677246,12.15999984741211,11.649999618530273,12.079999923706055,9.674728393554688,23600
2010-07-30,11.90999984741211,12.15999984741211,11.760000228881836,11.850000381469727,9.490525245666504,21700
2010-08-02,11.989999771118164,12.180000305175781,11.779999732971191,11.960000038146973,9.578621864318848,60900
2010-08-03,11.880000114440918,12.010000228881836,11.829999923706055,12.0,9.610661506652832,28800
2010-08-04,12.010000228881836,12.180000305175781,11.930000305175781,12.149999618530273,9.730792045593262,10000
2010-08-05,12.069999694824219,12.069999694824219,11.75,11.770000457763672,9.426454544067383,13100
2010-08-06,11.670000076293945,11.8100004196167,11.270000457763672,11.539999961853027,9.242250442504883,21600
2010-08-09,11.640000343322754,11.899999618530273,11.289999961853027,11.859999656677246,9.498534202575684,12500
2010-08-10,11.720000267028809,11.930000305175781,11.550000190734863,11.649999618530273,9.330350875854492,25200
2010-08-11,11.489999771118164,11.600000381469727,11.279999732971191,11.529999732971191,9.234241485595703,69600
2010-08-12,11.350000381469727,11.59000015258789,11.350000381469727,11.510000228881836,9.218223571777344,45400
2010-08-13,11.510000228881836,11.539999961853027,11.430000305175781,11.510000228881836,9.218223571777344,35900
2010-08-16,11.430000305175781,11.739999771118164,11.430000305175781,11.609999656677246,9.298312187194824,9800
2010-08-17,11.739999771118164,11.739999771118164,11.550000190734863,11.65999984741211,9.338357925415039,12900
2010-08-18,11.699999809265137,11.710000038146973,11.5600004196167,11.609999656677246,9.298312187194824,6900
2010-08-19,11.539999961853027,11.539999961853027,11.15999984741211,11.350000381469727,9.090083122253418,28700
2010-08-20,11.279999732971191,11.470000267028809,11.210000038146973,11.430000305175781,9.154152870178223,29700
2010-08-23,11.34000015258789,11.65999984741211,11.180000305175781,11.180000305175781,8.953930854797363,25900
2010-08-24,11.09000015258789,11.430000305175781,11.050000190734863,11.350000381469727,9.090083122253418,27600
2010-08-25,11.319999694824219,11.59000015258789,11.210000038146973,11.59000015258789,9.282293319702148,12500
2010-08-26,11.640000343322754,11.640000343322754,11.279999732971191,11.279999732971191,9.034016609191895,4200
2010-08-27,11.40999984741211,11.880000114440918,11.279999732971191,11.859999656677246,9.498534202575684,23500
2010-08-30,11.779999732971191,11.779999732971191,11.020000457763672,11.350000381469727,9.090083122253418,20900
2010-08-31,11.270000457763672,11.579999923706055,11.270000457763672,11.520000457763672,9.226229667663574,14300
2010-09-01,11.680000305175781,12.25,11.680000305175781,12.100000381469727,9.690747261047363,33900
2010-09-02,12.010000228881836,12.130000114440918,11.420000076293945,11.779999732971191,9.434462547302246,14900
2010-09-03,11.569999694824219,12.25,11.4399995803833,12.210000038146973,9.778843879699707,26400
2010-09-07,12.180000305175781,12.180000305175781,11.569999694824219,11.6899995803833,9.362381935119629,13400
2010-09-08,11.819999694824219,11.819999694824219,11.520000457763672,11.59000015258789,9.282293319702148,5800
2010-09-09,11.59000015258789,12.149999618530273,11.59000015258789,12.050000190734863,9.650702476501465,37300
2010-09-10,12.050000190734863,12.050000190734863,11.880000114440918,11.930000305175781,9.554594993591309,8100
2010-09-13,12.010000228881836,12.130000114440918,11.899999618530273,12.079999923706055,9.674728393554688,46900
2010-09-14,12.09000015258789,12.09000015258789,11.630000114440918,12.029999732971191,9.634682655334473,34500
2010-09-15,11.960000038146973,12.119999885559082,11.859999656677246,12.119999885559082,9.706765174865723,14800
2010-09-16,12.069999694824219,12.069999694824219,11.789999961853027,12.0,9.610661506652832,13500
2010-09-17,12.069999694824219,12.069999694824219,11.850000381469727,11.850000381469727,9.490525245666504,40800
2010-09-20,11.930000305175781,12.180000305175781,11.850000381469727,12.180000305175781,9.754820823669434,21900
2010-09-21,12.199999809265137,12.199999809265137,11.960000038146973,11.989999771118164,9.60265064239502,18600
2010-09-22,11.979999542236328,12.100000381469727,11.649999618530273,12.039999961853027,9.642691612243652,40700
2010-09-23,11.9399995803833,12.100000381469727,11.739999771118164,12.010000228881836,9.618666648864746,41000
2010-09-24,12.140000343322754,12.25,11.960000038146973,12.220000267028809,9.786852836608887,32400
2010-09-27,12.260000228881836,12.260000228881836,12.050000190734863,12.119999885559082,9.706765174865723,2700
2010-09-28,12.180000305175781,12.350000381469727,11.960000038146973,12.270000457763672,9.826898574829102,34300
2010-09-29,12.199999809265137,12.420000076293945,12.199999809265137,12.380000114440918,9.914996147155762,22300
2010-09-30,12.460000038146973,12.5,12.010000228881836,12.350000381469727,9.890973091125488,13100
2010-10-01,12.359999656677246,12.449999809265137,12.210000038146973,12.449999809265137,9.971059799194336,6400
2010-10-04,12.420000076293945,12.420000076293945,12.199999809265137,12.199999809265137,9.770834922790527,6300
2010-10-05,12.449999809265137,12.59000015258789,12.359999656677246,12.569999694824219,10.067161560058594,17000
2010-10-06,12.699999809265137,12.739999771118164,12.5,12.649999618530273,10.131235122680664,14400
2010-10-07,12.75,12.75,12.5,12.579999923706055,10.075174331665039,13700
2010-10-08,12.579999923706055,12.880000114440918,12.369999885559082,12.84000015258789,10.283401489257812,14000
2010-10-11,12.640000343322754,12.819999694824219,12.600000381469727,12.729999542236328,10.195306777954102,4000
2010-10-12,12.609999656677246,12.739999771118164,12.5600004196167,12.619999885559082,10.107209205627441,6200
2010-10-13,12.640000343322754,13.100000381469727,12.529999732971191,12.899999618530273,10.331457138061523,25200
2010-10-14,11.739999771118164,12.029999732971191,10.8100004196167,10.960000038146973,8.777734756469727,236700
2010-10-15,11.130000114440918,11.5,10.899999618530273,10.899999618530273,8.729681968688965,62700
2010-10-18,10.960000038146973,11.25,10.90999984741211,10.989999771118164,8.80176067352295,48200
2010-10-19,10.899999618530273,11.149999618530273,10.5,10.579999923706055,8.473396301269531,46900
2010-10-20,10.65999984741211,10.84000015258789,10.550000190734863,10.800000190734863,8.649592399597168,33100
2010-10-21,10.880000114440918,11.0,10.350000381469727,10.649999618530273,8.529461860656738,37200
2010-10-22,10.649999618530273,10.699999809265137,10.5,10.619999885559082,8.50543212890625,9600
2010-10-25,10.699999809265137,11.0,10.619999885559082,10.949999809265137,8.769721984863281,20000
2010-10-26,10.859999656677246,11.140000343322754,10.829999923706055,11.0,8.809770584106445,36800
2010-10-27,10.930000305175781,11.029999732971191,10.859999656677246,10.970000267028809,8.78574275970459,21300
2010-10-28,10.989999771118164,11.0,10.869999885559082,10.949999809265137,8.769721984863281,36300
2010-10-29,10.850000381469727,11.0,10.350000381469727,10.40999984741211,8.383182525634766,147000
2010-11-01,10.520000457763672,10.6899995803833,10.319999694824219,10.670000076293945,8.592557907104492,131300
2010-11-02,10.800000190734863,11.0,10.65999984741211,10.960000038146973,8.82609748840332,34600
2010-11-03,10.949999809265137,11.0,10.649999618530273,11.0,8.858306884765625,42600
2010-11-04,11.0,11.100000381469727,10.729999542236328,10.979999542236328,8.84220027923584,43300
2010-11-05,10.949999809265137,11.100000381469727,10.880000114440918,10.9399995803833,8.809988021850586,30500
2010-11-08,10.880000114440918,10.989999771118164,10.649999618530273,10.8100004196167,8.705302238464355,11100
2010-11-09,10.760000228881836,10.949999809265137,10.760000228881836,10.880000114440918,8.76167106628418,16500
2010-11-10,10.90999984741211,10.90999984741211,10.329999923706055,10.739999771118164,8.648927688598633,88100
2010-11-11,10.609999656677246,10.920000076293945,10.510000228881836,10.850000381469727,8.737512588500977,16000
2010-11-12,10.720000267028809,10.829999923706055,10.449999809265137,10.449999809265137,8.41539192199707,12500
2010-11-15,10.5,10.789999961853027,10.470000267028809,10.630000114440918,8.560349464416504,8900
2010-11-16,10.579999923706055,10.609999656677246,10.359999656677246,10.489999771118164,8.447604179382324,21800
2010-11-17,10.59000015258789,10.649999618530273,10.369999885559082,10.420000076293945,8.391234397888184,11700
2010-11-18,10.5,10.529999732971191,10.359999656677246,10.420000076293945,8.391234397888184,17200
2010-11-19,10.4399995803833,10.539999961853027,10.329999923706055,10.399999618530273,8.37512493133545,24400
2010-11-22,10.329999923706055,10.399999618530273,10.100000381469727,10.260000228881836,8.262388229370117,22000
2010-11-23,10.149999618530273,10.289999961853027,10.149999618530273,10.220000267028809,8.23017406463623,11000
2010-11-24,10.289999961853027,10.399999618530273,10.170000076293945,10.399999618530273,8.37512493133545,11200
2010-11-26,10.289999961853027,10.289999961853027,10.289999961853027,10.289999961853027,8.286544799804688,200
2010-11-29,10.25,10.539999961853027,10.0600004196167,10.470000267028809,8.431498527526855,28700
2010-11-30,10.470000267028809,10.510000228881836,10.270000457763672,10.350000381469727,8.33486557006836,15900
2010-12-01,10.5,10.5,10.25,10.359999656677246,8.342916488647461,25800
2010-12-02,10.300000190734863,10.380000114440918,10.289999961853027,10.369999885559082,8.350967407226562,14100
2010-12-03,10.3100004196167,10.369999885559082,10.300000190734863,10.34000015258789,8.326811790466309,8500
2010-12-06,10.289999961853027,10.369999885559082,10.289999961853027,10.319999694824219,8.31070327758789,9300
2010-12-07,10.380000114440918,10.890000343322754,10.329999923706055,10.890000343322754,8.76972484588623,14600
2010-12-08,10.859999656677246,10.899999618530273,10.680000305175781,10.6899995803833,8.608665466308594,11400
2010-12-09,10.819999694824219,10.989999771118164,10.770000457763672,10.979999542236328,8.84220027923584,12600
2010-12-10,10.970000267028809,11.0,10.829999923706055,10.989999771118164,8.850253105163574,19500
2010-12-13,10.979999542236328,11.40999984741211,10.979999542236328,11.289999961853027,9.091845512390137,11600
2010-12-14,11.369999885559082,11.369999885559082,11.09000015258789,11.170000076293945,8.995208740234375,23700
2010-12-15,11.199999809265137,11.199999809265137,10.949999809265137,11.09000015258789,8.9307861328125,7300
2010-12-16,11.09000015258789,11.25,10.930000305175781,11.130000114440918,8.962997436523438,22400
2010-12-17,11.0,11.0,10.65999984741211,10.779999732971191,8.681142807006836,61600
2010-12-20,10.75,10.930000305175781,10.529999732971191,10.529999732971191,8.479815483093262,23500
2010-12-21,10.609999656677246,10.739999771118164,10.539999961853027,10.739999771118164,8.648927688598633,12500
2010-12-22,10.630000114440918,10.899999618530273,10.619999885559082,10.819999694824219,8.71335506439209,17500
2010-12-23,10.640000343322754,10.699999809265137,10.510000228881836,10.510000228881836,8.46371078491211,7800
2010-12-27,10.579999923706055,10.720000267028809,10.5,10.699999809265137,8.616718292236328,17700
2010-12-28,10.600000381469727,10.760000228881836,10.600000381469727,10.739999771118164,8.648927688598633,7500
2010-12-29,10.710000038146973,10.829999923706055,10.609999656677246,10.800000190734863,8.697249412536621,10900
2010-12-30,10.800000190734863,10.819999694824219,10.529999732971191,10.550000190734863,8.495924949645996,12100
2010-12-31,10.569999694824219,10.850000381469727,10.550000190734863,10.729999542236328,8.640874862670898,21900
2011-01-03,10.789999961853027,10.899999618530273,10.569999694824219,10.829999923706055,8.721406936645508,15700
2011-01-04,10.890000343322754,10.890000343322754,10.5600004196167,10.5600004196167,8.503975868225098,11100
2011-01-05,10.5600004196167,10.789999961853027,10.5600004196167,10.760000228881836,8.6650390625,22100
2011-01-06,10.619999885559082,10.979999542236328,10.619999885559082,10.979999542236328,8.84220027923584,44000
2011-01-07,10.979999542236328,10.979999542236328,10.8100004196167,10.960000038146973,8.82609748840332,10700
2011-01-10,10.869999885559082,11.0,10.869999885559082,10.9399995803833,8.809988021850586,8500
2011-01-11,10.949999809265137,11.199999809265137,10.920000076293945,10.960000038146973,8.82609748840332,13400
2011-01-12,11.0,11.029999732971191,10.869999885559082,10.970000267028809,8.834149360656738,31800
2011-01-13,10.979999542236328,10.979999542236328,10.829999923706055,10.829999923706055,8.721406936645508,11100
2011-01-14,10.899999618530273,10.899999618530273,10.8100004196167,10.850000381469727,8.737512588500977,133600
2011-01-18,10.8100004196167,10.850000381469727,10.65999984741211,10.699999809265137,8.616718292236328,8700
2011-01-19,10.680000305175781,10.680000305175781,10.380000114440918,10.420000076293945,8.391234397888184,39900
2011-01-20,10.40999984741211,10.819999694824219,10.40999984741211,10.75,8.656981468200684,32100
2011-01-21,10.789999961853027,10.800000190734863,10.710000038146973,10.760000228881836,8.6650390625,33200
2011-01-24,10.710000038146973,10.920000076293945,10.5600004196167,10.890000343322754,8.76972484588623,7500
2011-01-25,10.8100004196167,10.90999984741211,10.779999732971191,10.800000190734863,8.697249412536621,10900
2011-01-26,10.800000190734863,10.949999809265137,10.75,10.869999885559082,8.753618240356445,20100
2011-01-27,10.890000343322754,10.890000343322754,10.649999618530273,10.649999618530273,8.576452255249023,9400
2011-01-28,10.609999656677246,10.680000305175781,10.420000076293945,10.520000457763672,8.519762992858887,41600
2011-01-31,10.550000190734863,10.859999656677246,10.550000190734863,10.789999961853027,8.738428115844727,21400
2011-02-01,10.760000228881836,10.989999771118164,10.600000381469727,10.920000076293945,8.843708038330078,19700
2011-02-02,10.859999656677246,10.880000114440918,10.75,10.800000190734863,8.746520042419434,8500
2011-02-03,10.829999923706055,10.880000114440918,10.800000190734863,10.880000114440918,8.811314582824707,16200
2011-02-04,10.829999923706055,10.829999923706055,10.600000381469727,10.65999984741211,8.633139610290527,14600
2011-02-07,10.630000114440918,10.829999923706055,10.619999885559082,10.819999694824219,8.76272201538086,9800
2011-02-08,10.779999732971191,10.800000190734863,10.539999961853027,10.640000343322754,8.616948127746582,14000
2011-02-09,10.569999694824219,10.930000305175781,10.520000457763672,10.789999961853027,8.738428115844727,19500
2011-02-10,10.760000228881836,10.890000343322754,10.720000267028809,10.869999885559082,8.803215026855469,5800
2011-02-11,10.800000190734863,10.989999771118164,10.720000267028809,10.90999984741211,8.835606575012207,12700
2011-02-14,10.850000381469727,11.0,10.819999694824219,10.960000038146973,8.876103401184082,26200
2011-02-15,10.9399995803833,11.0,10.869999885559082,10.979999542236328,8.892300605773926,16500
2011-02-16,11.0,11.0,10.760000228881836,10.90999984741211,8.835606575012207,13900
2011-02-17,10.850000381469727,10.930000305175781,10.819999694824219,10.930000305175781,8.851806640625,3500
2011-02-18,10.949999809265137,11.0,10.84000015258789,11.0,8.908495903015137,18000
2011-02-22,10.970000267028809,11.0,10.850000381469727,10.850000381469727,8.787018775939941,14600
2011-02-23,10.829999923706055,10.920000076293945,10.699999809265137,10.699999809265137,8.665538787841797,11100
2011-02-24,10.800000190734863,10.800000190734863,10.6899995803833,10.739999771118164,8.697930335998535,16300
2011-02-25,10.739999771118164,11.029999732971191,10.699999809265137,11.0,8.908495903015137,15400
2011-02-28,11.050000190734863,11.050000190734863,10.84000015258789,10.84000015258789,8.77892017364502,5400
2011-03-01,10.850000381469727,11.0,10.729999542236328,10.779999732971191,8.730330467224121,11200
2011-03-02,10.770000457763672,11.0,10.75,11.0,8.908495903015137,11800
2011-03-03,11.050000190734863,11.140000343322754,10.960000038146973,11.109999656677246,8.99758243560791,33300
2011-03-04,11.069999694824219,11.069999694824219,10.930000305175781,10.960000038146973,8.876103401184082,28600
2011-03-07,11.029999732971191,11.050000190734863,10.850000381469727,10.9399995803833,8.859905242919922,31300
2011-03-08,10.949999809265137,11.079999923706055,10.949999809265137,11.079999923706055,8.973286628723145,39600
2011-03-09,11.020000457763672,11.09000015258789,10.979999542236328,11.029999732971191,8.932791709899902,19300
2011-03-10,10.930000305175781,11.050000190734863,10.800000190734863,11.029999732971191,8.932791709899902,24900
2011-03-11,11.020000457763672,11.020000457763672,10.899999618530273,10.960000038146973,8.876103401184082,21300
2011-03-14,10.890000343322754,10.960000038146973,10.850000381469727,10.949999809265137,8.868002891540527,19900
2011-03-15,10.75,10.90999984741211,10.75,10.880000114440918,8.811314582824707,16300
2011-03-16,10.880000114440918,10.90999984741211,10.75,10.770000457763672,8.722230911254883,20900
2011-03-17,10.9399995803833,10.9399995803833,10.75,10.90999984741211,8.835606575012207,16400
2011-03-18,10.930000305175781,11.0,10.739999771118164,10.989999771118164,8.900398254394531,79100
2011-03-21,11.0,11.0600004196167,10.8100004196167,11.050000190734863,8.948993682861328,35800
2011-03-22,11.0,11.010000228881836,10.800000190734863,10.9399995803833,8.859905242919922,46300
2011-03-23,10.930000305175781,10.9399995803833,10.819999694824219,10.850000381469727,8.787018775939941,11000
2011-03-24,10.779999732971191,11.0,10.779999732971191,11.0,8.908495903015137,4900
2011-03-25,11.0,11.039999961853027,10.90999984741211,11.0,8.908495903015137,19300
2011-03-28,11.0,11.0,10.890000343322754,10.960000038146973,8.876103401184082,12900
2011-03-29,10.779999732971191,11.0,10.779999732971191,11.0,8.908495903015137,18800
2011-03-30,10.970000267028809,11.109999656677246,10.970000267028809,11.039999961853027,8.94089126586914,22200
2011-03-31,10.90999984741211,11.180000305175781,10.90999984741211,11.180000305175781,9.054272651672363,42500
2011-04-01,11.1899995803833,11.220000267028809,10.960000038146973,11.0600004196167,8.957091331481934,25000
2011-04-04,11.079999923706055,11.079999923706055,10.920000076293945,11.020000457763672,8.92469596862793,14900
2011-04-05,11.020000457763672,11.020000457763672,10.920000076293945,10.970000267028809,8.884201049804688,36700
2011-04-06,10.899999618530273,11.149999618530273,10.899999618530273,11.119999885559082,9.005680084228516,21000
2011-04-07,11.020000457763672,11.09000015258789,10.960000038146973,11.020000457763672,8.92469596862793,11800
2011-04-08,11.069999694824219,11.119999885559082,10.859999656677246,10.930000305175781,8.851806640625,10000
2011-04-11,10.979999542236328,11.09000015258789,10.979999542236328,11.010000228881836,8.916595458984375,12400
2011-04-12,11.069999694824219,11.109999656677246,10.979999542236328,11.0,8.908495903015137,13300
2011-04-13,11.09000015258789,11.119999885559082,10.930000305175781,11.0600004196167,8.957091331481934,18000
2011-04-14,10.949999809265137,11.109999656677246,10.899999618530273,11.0600004196167,8.957091331481934,4700
2011-04-15,11.020000457763672,11.149999618530273,11.020000457763672,11.149999618530273,9.029976844787598,16600
2011-04-18,11.020000457763672,11.119999885559082,10.989999771118164,11.020000457763672,8.92469596862793,8500
2011-04-19,11.079999923706055,11.3100004196167,10.979999542236328,11.239999771118164,9.102864265441895,16900
2011-04-20,11.3100004196167,11.390000343322754,11.270000457763672,11.350000381469727,9.191951751708984,7300
2011-04-21,11.399999618530273,11.399999618530273,11.220000267028809,11.220000267028809,9.086668968200684,3200
2011-04-25,11.180000305175781,11.1899995803833,10.970000267028809,10.970000267028809,8.884201049804688,6900
2011-04-26,10.979999542236328,11.180000305175781,10.979999542236328,11.109999656677246,8.99758243560791,5800
2011-04-27,11.109999656677246,11.140000343322754,11.020000457763672,11.09000015258789,8.981383323669434,6700
2011-04-28,11.039999961853027,11.09000015258789,10.930000305175781,11.0,8.956958770751953,11000
2011-04-29,11.029999732971191,11.25,10.989999771118164,11.149999618530273,9.079094886779785,14000
2011-05-02,11.199999809265137,11.279999732971191,10.960000038146973,10.970000267028809,8.93252944946289,15000
2011-05-03,10.989999771118164,11.09000015258789,10.960000038146973,10.979999542236328,8.94067096710205,12000
2011-05-04,11.0,11.029999732971191,10.920000076293945,10.949999809265137,8.916243553161621,20700
2011-05-05,10.90999984741211,10.979999542236328,10.84000015258789,10.930000305175781,8.899956703186035,17200
2011-05-06,10.979999542236328,11.029999732971191,10.949999809265137,11.010000228881836,8.965099334716797,9100
2011-05-09,10.979999542236328,11.180000305175781,10.9399995803833,11.180000305175781,9.103527069091797,8200
2011-05-10,11.239999771118164,11.239999771118164,11.020000457763672,11.100000381469727,9.038386344909668,10400
2011-05-11,11.050000190734863,11.100000381469727,10.90999984741211,10.90999984741211,8.883668899536133,15100
2011-05-12,10.920000076293945,11.109999656677246,10.920000076293945,11.0600004196167,9.005813598632812,10200
2011-05-13,11.020000457763672,11.0600004196167,10.920000076293945,11.0,8.956958770751953,7400
2011-05-16,10.970000267028809,11.09000015258789,10.949999809265137,10.960000038146973,8.92438793182373,14900
2011-05-17,10.920000076293945,11.010000228881836,10.890000343322754,10.960000038146973,8.92438793182373,7300
2011-05-18,10.970000267028809,11.109999656677246,10.920000076293945,11.079999923706055,9.022099494934082,12800
2011-05-19,11.09000015258789,11.09000015258789,10.9399995803833,10.979999542236328,8.94067096710205,8500
2011-05-20,10.9399995803833,11.050000190734863,10.859999656677246,10.859999656677246,8.842958450317383,30700
2011-05-23,10.800000190734863,10.90999984741211,10.800000190734863,10.90999984741211,8.883668899536133,10900
2011-05-24,10.90999984741211,10.920000076293945,10.770000457763672,10.819999694824219,8.81038761138916,15200
2011-05-25,10.760000228881836,10.960000038146973,10.760000228881836,10.949999809265137,8.916243553161621,6800
2011-05-26,10.850000381469727,11.020000457763672,10.850000381469727,11.020000457763672,8.97324275970459,8400
2011-05-27,10.989999771118164,11.010000228881836,10.90999984741211,10.979999542236328,8.94067096710205,3900
2011-05-31,11.0,11.050000190734863,10.970000267028809,11.039999961853027,8.989523887634277,19900
2011-06-01,11.039999961853027,11.039999961853027,10.789999961853027,10.850000381469727,8.834817886352539,23000
2011-06-02,10.890000343322754,10.960000038146973,10.819999694824219,10.899999618530273,8.875531196594238,8200
2011-06-03,10.779999732971191,10.989999771118164,10.739999771118164,10.819999694824219,8.81038761138916,18000
2011-06-06,10.829999923706055,10.850000381469727,10.729999542236328,10.779999732971191,8.777816772460938,14600
2011-06-07,10.819999694824219,10.920000076293945,10.75,10.760000228881836,8.761533737182617,27500
2011-06-08,10.710000038146973,10.859999656677246,10.680000305175781,10.680000305175781,8.696390151977539,20000
2011-06-09,10.729999542236328,10.800000190734863,10.579999923706055,10.800000190734863,8.79410171508789,11400
2011-06-10,10.770000457763672,10.800000190734863,10.65999984741211,10.65999984741211,8.680102348327637,13700
2011-06-13,10.720000267028809,10.859999656677246,10.640000343322754,10.829999923706055,8.81852912902832,13000
2011-06-14,10.920000076293945,11.050000190734863,10.859999656677246,11.050000190734863,8.997673988342285,8500
2011-06-15,10.880000114440918,10.970000267028809,10.75,10.829999923706055,8.81852912902832,20100
2011-06-16,10.869999885559082,10.970000267028809,10.800000190734863,10.890000343322754,8.867387771606445,47100
2011-06-17,10.949999809265137,11.140000343322754,10.899999618530273,10.899999618530273,8.875531196594238,43200
2011-06-20,10.880000114440918,11.069999694824219,10.880000114440918,11.020000457763672,8.97324275970459,15900
2011-06-21,11.09000015258789,11.390000343322754,10.970000267028809,11.390000343322754,9.274521827697754,20100
2011-06-22,11.3100004196167,11.329999923706055,11.0,11.029999732971191,8.981383323669434,8600
2011-06-23,11.010000228881836,11.010000228881836,10.890000343322754,11.010000228881836,8.965099334716797,10700
2011-06-24,10.989999771118164,11.729999542236328,10.869999885559082,11.680000305175781,9.510659217834473,224900
2011-06-27,11.550000190734863,11.569999694824219,11.069999694824219,11.449999809265137,9.323378562927246,62300
2011-06-28,11.420000076293945,11.4399995803833,11.300000190734863,11.350000381469727,9.241952896118164,15400
2011-06-29,11.350000381469727,11.380000114440918,11.289999961853027,11.3100004196167,9.209379196166992,8300
2011-06-30,11.350000381469727,11.369999885559082,11.239999771118164,11.319999694824219,9.217521667480469,8400
2011-07-01,11.350000381469727,11.40999984741211,11.1899995803833,11.260000228881836,9.16866683959961,20100
2011-07-05,11.220000267028809,11.220000267028809,10.90999984741211,11.0,8.956958770751953,24700
2011-07-06,11.0,11.1899995803833,10.949999809265137,11.100000381469727,9.038386344909668,101400
2011-07-07,11.119999885559082,11.350000381469727,10.960000038146973,11.25,9.160523414611816,28700
2011-07-08,11.09000015258789,11.220000267028809,11.020000457763672,11.109999656677246,9.046526908874512,7500
2011-07-11,11.039999961853027,11.25,11.0,11.029999732971191,8.981383323669434,14500
2011-07-12,11.0600004196167,11.180000305175781,11.020000457763672,11.130000114440918,9.062813758850098,8000
2011-07-13,11.170000076293945,11.300000190734863,11.079999923706055,11.180000305175781,9.103527069091797,24300
2011-07-14,11.25,11.279999732971191,11.130000114440918,11.220000267028809,9.136098861694336,11000
2011-07-15,11.220000267028809,11.350000381469727,11.1899995803833,11.350000381469727,9.241952896118164,19600
2011-07-18,11.329999923706055,11.460000038146973,11.270000457763672,11.329999923706055,9.225667953491211,12200
2011-07-19,11.380000114440918,11.600000381469727,11.319999694824219,11.600000381469727,9.44551944732666,13500
2011-07-20,11.569999694824219,11.569999694824219,11.40999984741211,11.4399995803833,9.315234184265137,3500
2011-07-21,11.5,11.649999618530273,11.319999694824219,11.649999618530273,9.486233711242676,8500
2011-07-22,11.640000343322754,11.640000343322754,11.529999732971191,11.569999694824219,9.421088218688965,11900
2011-07-25,11.449999809265137,11.550000190734863,11.399999618530273,11.399999618530273,9.282665252685547,6900
2011-07-26,11.510000228881836,11.550000190734863,11.399999618530273,11.40999984741211,9.290804862976074,5200
2011-07-27,11.40999984741211,11.40999984741211,11.010000228881836,11.010000228881836,8.965099334716797,22200
2011-07-28,11.010000228881836,11.329999923706055,11.010000228881836,11.319999694824219,9.268030166625977,11600
2011-07-29,11.15999984741211,11.569999694824219,11.149999618530273,11.520000457763672,9.431777000427246,29200
2011-08-01,11.529999732971191,11.699999809265137,11.319999694824219,11.640000343322754,9.530023574829102,26900
2011-08-02,11.5600004196167,11.5600004196167,11.1899995803833,11.1899995803833,9.161592483520508,13200
2011-08-03,11.270000457763672,11.550000190734863,11.069999694824219,11.479999542236328,9.399026870727539,8300
2011-08-04,11.329999923706055,11.65999984741211,11.15999984741211,11.15999984741211,9.13703441619873,20700
2011-08-05,11.270000457763672,11.489999771118164,11.010000228881836,11.279999732971191,9.235279083251953,9600
2011-08-08,11.289999961853027,11.300000190734863,10.489999771118164,10.510000228881836,8.60485553741455,46600
2011-08-09,10.789999961853027,11.630000114440918,10.229999542236328,11.630000114440918,9.521835327148438,43100
2011-08-10,11.399999618530273,11.630000114440918,10.65999984741211,10.779999732971191,8.825915336608887,32800
2011-08-11,10.899999618530273,11.399999618530273,10.40999984741211,10.739999771118164,8.79316234588623,30900
2011-08-12,10.770000457763672,10.829999923706055,10.4399995803833,10.460000038146973,8.563920974731445,12600
2011-08-15,10.630000114440918,11.220000267028809,10.460000038146973,10.800000190734863,8.84228801727295,20800
2011-08-16,10.670000076293945,10.710000038146973,10.210000038146973,10.520000457763672,8.613046646118164,18900
2011-08-17,10.520000457763672,10.649999618530273,10.350000381469727,10.40999984741211,8.522984504699707,7200
2011-08-18,10.279999732971191,10.350000381469727,9.970000267028809,10.010000228881836,8.195491790771484,31500
2011-08-19,9.960000038146973,10.229999542236328,9.960000038146973,9.989999771118164,8.179121017456055,16600
2011-08-22,10.229999542236328,10.229999542236328,9.729999542236328,9.880000114440918,8.089058876037598,11500
2011-08-23,9.920000076293945,10.630000114440918,9.760000228881836,10.40999984741211,8.522984504699707,18000
2011-08-24,10.40999984741211,10.850000381469727,10.210000038146973,10.829999923706055,8.866849899291992,36500
2011-08-25,10.800000190734863,10.819999694824219,10.15999984741211,10.170000076293945,8.326494216918945,48100
2011-08-26,10.300000190734863,10.5,10.029999732971191,10.359999656677246,8.482047080993652,29600
2011-08-29,10.390000343322754,10.84000015258789,10.300000190734863,10.84000015258789,8.875039100646973,31400
2011-08-30,10.770000457763672,10.84000015258789,10.619999885559082,10.8100004196167,8.85047721862793,7200
2011-08-31,10.850000381469727,10.850000381469727,10.460000038146973,10.520000457763672,8.613046646118164,9700
2011-09-01,10.579999923706055,10.609999656677246,9.949999809265137,10.100000381469727,8.26917839050293,27900
2011-09-02,9.90999984741211,9.989999771118164,9.710000038146973,9.729999542236328,7.966249465942383,31000
2011-09-06,9.529999732971191,9.84000015258789,9.449999809265137,9.59000015258789,7.851625442504883,12200
2011-09-07,9.779999732971191,10.40999984741211,9.779999732971191,10.010000228881836,8.195491790771484,17100
2011-09-08,9.949999809265137,9.960000038146973,9.399999618530273,9.579999923706055,7.843438148498535,14700
2011-09-09,9.470000267028809,9.470000267028809,8.989999771118164,9.0600004196167,7.417698383331299,25300
2011-09-12,9.029999732971191,9.859999656677246,9.010000228881836,9.5600004196167,7.827065467834473,13600
2011-09-13,9.65999984741211,9.960000038146973,9.399999618530273,9.6899995803833,7.933499813079834,9900
2011-09-14,9.739999771118164,9.75,9.460000038146973,9.640000343322754,7.892564296722412,19800
2011-09-15,9.600000381469727,9.600000381469727,9.369999885559082,9.449999809265137,7.737003803253174,18400
2011-09-16,9.470000267028809,9.470000267028809,9.229999542236328,9.4399995803833,7.72881555557251,35300
2011-09-19,9.359999656677246,9.979999542236328,8.979999542236328,9.119999885559082,7.466822624206543,61200
2011-09-20,9.119999885559082,9.350000381469727,8.899999618530273,8.930000305175781,7.311265468597412,14700
2011-09-21,9.0,9.010000228881836,8.65999984741211,8.670000076293945,7.09839391708374,20800
2011-09-22,8.489999771118164,8.949999809265137,8.470000267028809,8.609999656677246,7.049267292022705,34700
2011-09-23,8.630000114440918,9.539999961853027,8.630000114440918,9.380000114440918,7.679692268371582,22100
2011-09-26,9.5,9.5,9.170000076293945,9.350000381469727,7.655129909515381,14600
2011-09-27,9.5,9.710000038146973,9.479999542236328,9.569999694824219,7.835250377655029,26400
2011-09-28,9.569999694824219,9.75,9.029999732971191,9.069999694824219,7.42588472366333,20800
2011-09-29,9.279999732971191,9.850000381469727,9.0,9.329999923706055,7.638757228851318,41400
2011-09-30,9.15999984741211,9.25,9.079999923706055,9.149999618530273,7.4913835525512695,16200
2011-10-03,9.039999961853027,9.170000076293945,8.510000228881836,8.609999656677246,7.049267292022705,38900
2011-10-04,8.5600004196167,9.970000267028809,8.5600004196167,9.859999656677246,8.072683334350586,40100
2011-10-05,9.789999961853027,9.850000381469727,9.449999809265137,9.739999771118164,7.974435806274414,17200
2011-10-06,9.75,9.75,9.430000305175781,9.640000343322754,7.892564296722412,27100
2011-10-07,9.649999618530273,9.729999542236328,9.109999656677246,9.239999771118164,7.565070152282715,21600
2011-10-10,9.229999542236328,10.489999771118164,9.180000305175781,10.4399995803833,8.5475492477417,24300
2011-10-11,10.239999771118164,10.329999923706055,10.010000228881836,10.329999923706055,8.457486152648926,16400
2011-10-12,10.359999656677246,10.6899995803833,10.180000305175781,10.539999961853027,8.62941837310791,23500
2011-10-13,10.430000305175781,10.600000381469727,10.229999542236328,10.550000190734863,8.637608528137207,7300
2011-10-14,10.5600004196167,10.5600004196167,10.0600004196167,10.5,8.596671104431152,17500
2011-10-17,10.369999885559082,10.449999809265137,10.229999542236328,10.25,8.391987800598145,15600
2011-10-18,10.25,10.529999732971191,10.25,10.5,8.596671104431152,29000
2011-10-19,10.539999961853027,10.600000381469727,10.25,10.319999694824219,8.449298858642578,16600
2011-10-20,10.140000343322754,10.25,10.020000457763672,10.109999656677246,8.277365684509277,4700
2011-10-21,10.369999885559082,10.739999771118164,10.319999694824219,10.739999771118164,8.79316234588623,18600
2011-10-24,10.739999771118164,10.739999771118164,10.520000457763672,10.739999771118164,8.79316234588623,19400
2011-10-25,10.5600004196167,10.739999771118164,10.40999984741211,10.510000228881836,8.60485553741455,19800
2011-10-26,10.609999656677246,10.710000038146973,10.460000038146973,10.680000305175781,8.74404239654541,15700
2011-10-27,10.739999771118164,11.260000228881836,10.619999885559082,11.260000228881836,9.21890640258789,81300
2011-10-28,11.199999809265137,11.489999771118164,11.149999618530273,11.380000114440918,9.317152976989746,23600
2011-10-31,11.050000190734863,11.369999885559082,10.260000228881836,10.9399995803833,8.956911087036133,17400
2011-11-01,10.579999923706055,10.739999771118164,10.15999984741211,10.170000076293945,8.372411727905273,24900
2011-11-02,10.369999885559082,10.65999984741211,10.350000381469727,10.619999885559082,8.74286937713623,18800
2011-11-03,10.609999656677246,11.130000114440918,10.390000343322754,11.069999694824219,9.113327980041504,24500
2011-11-04,10.949999809265137,10.949999809265137,10.550000190734863,10.619999885559082,8.74286937713623,5800
2011-11-07,10.319999694824219,10.579999923706055,10.069999694824219,10.510000228881836,8.652310371398926,9900
2011-11-08,10.5600004196167,10.729999542236328,10.0600004196167,10.699999809265137,8.808727264404297,8800
2011-11-09,10.420000076293945,10.420000076293945,9.739999771118164,9.739999771118164,8.018411636352539,22900
2011-11-10,9.90999984741211,9.90999984741211,9.739999771118164,9.880000114440918,8.133668899536133,12000
2011-11-11,9.9399995803833,10.479999542236328,9.930000305175781,10.430000305175781,8.586451530456543,15100
2011-11-14,10.350000381469727,10.390000343322754,9.75,9.859999656677246,8.117199897766113,17800
2011-11-15,9.880000114440918,10.390000343322754,9.869999885559082,10.300000190734863,8.479432106018066,10000
2011-11-16,10.1899995803833,10.5,9.859999656677246,9.859999656677246,8.117199897766113,8000
2011-11-17,9.979999542236328,10.020000457763672,9.829999923706055,9.84000015258789,8.100738525390625,12000
2011-11-18,9.84000015258789,10.380000114440918,9.84000015258789,10.149999618530273,8.355941772460938,21300
2011-11-21,10.0,10.100000381469727,9.819999694824219,9.9399995803833,8.183061599731445,12200
2011-11-22,9.930000305175781,10.149999618530273,9.739999771118164,9.75,8.026644706726074,13400
2011-11-23,9.739999771118164,9.770000457763672,9.0,9.0600004196167,7.4586052894592285,28900
2011-11-25,9.119999885559082,9.119999885559082,8.829999923706055,8.829999923706055,7.269259929656982,13500
2011-11-28,9.09000015258789,9.4399995803833,9.0,9.40999984741211,7.746743202209473,22200
2011-11-29,9.399999618530273,9.420000076293945,8.9399995803833,9.010000228881836,7.417445182800293,11700
2011-11-30,9.319999694824219,10.239999771118164,9.319999694824219,10.109999656677246,8.323012351989746,44300
2011-12-01,10.039999961853027,10.449999809265137,9.930000305175781,9.930000305175781,8.174826622009277,19300
2011-12-02,10.100000381469727,10.15999984741211,9.989999771118164,10.109999656677246,8.323012351989746,5500
2011-12-05,10.239999771118164,10.239999771118164,9.670000076293945,10.170000076293945,8.372411727905273,21000
2011-12-06,10.100000381469727,10.460000038146973,10.0,10.380000114440918,8.545289993286133,14600
2011-12-07,10.289999961853027,10.289999961853027,9.9399995803833,9.949999809265137,8.191291809082031,26300
2011-12-08,9.850000381469727,9.850000381469727,9.34000015258789,9.4399995803833,7.77143669128418,20100
2011-12-09,9.510000228881836,10.0,9.510000228881836,9.800000190734863,8.067808151245117,28000
2011-12-12,9.680000305175781,9.680000305175781,9.380000114440918,9.520000457763672,7.83729887008667,22900
2011-12-13,9.619999885559082,9.619999885559082,9.029999732971191,9.140000343322754,7.524466037750244,17900
2011-12-14,9.029999732971191,9.300000190734863,9.0,9.25,7.615022659301758,37100
2011-12-15,9.329999923706055,9.34000015258789,9.020000457763672,9.229999542236328,7.59855842590332,18600
2011-12-16,9.260000228881836,9.270000457763672,9.09000015258789,9.09000015258789,7.483303070068359,86600
2011-12-19,9.220000267028809,9.279999732971191,8.710000038146973,8.829999923706055,7.269259929656982,19000
2011-12-20,9.100000381469727,9.5,9.100000381469727,9.5,7.820834636688232,21300
2011-12-21,9.460000038146973,9.479999542236328,9.0,9.369999885559082,7.713808059692383,30500
2011-12-22,9.399999618530273,9.430000305175781,9.300000190734863,9.390000343322754,7.7302775382995605,8600
2011-12-23,9.420000076293945,9.460000038146973,9.3100004196167,9.369999885559082,7.713808059692383,10300
2011-12-27,9.300000190734863,9.359999656677246,9.239999771118164,9.319999694824219,7.672647953033447,5600
2011-12-28,9.270000457763672,9.329999923706055,8.859999656677246,8.960000038146973,7.37628173828125,34800
2011-12-29,9.069999694824219,9.140000343322754,8.890000343322754,8.9399995803833,7.35981559753418,122200
2011-12-30,8.970000267028809,9.029999732971191,8.75,8.800000190734863,7.244561195373535,183800
2012-01-03,9.0600004196167,9.0600004196167,8.729999542236328,9.0,7.409210205078125,64200
2012-01-04,8.920000076293945,9.0,8.869999885559082,8.899999618530273,7.326883792877197,38500
2012-01-05,8.850000381469727,9.25,8.770000457763672,9.0,7.409210205078125,31400
2012-01-06,8.859999656677246,9.010000228881836,8.75,8.869999885559082,7.302188396453857,42500
2012-01-09,8.859999656677246,9.0,8.859999656677246,8.930000305175781,7.3515849113464355,19600
2012-01-10,9.079999923706055,9.1899995803833,8.899999618530273,9.09000015258789,7.483303070068359,66400
2012-01-11,9.100000381469727,9.100000381469727,9.0,9.029999732971191,7.433910369873047,22200
2012-01-12,9.0,9.069999694824219,8.930000305175781,9.039999961853027,7.442140102386475,10400
2012-01-13,8.869999885559082,8.970000267028809,8.869999885559082,8.920000076293945,7.343349456787109,10100
2012-01-17,8.989999771118164,9.010000228881836,8.899999618530273,8.989999771118164,7.400978088378906,38100
2012-01-18,9.0,9.100000381469727,8.920000076293945,9.100000381469727,7.491533279418945,19500
2012-01-19,9.149999618530273,9.170000076293945,9.0,9.15999984741211,7.540929794311523,21500
2012-01-20,9.15999984741211,9.279999732971191,9.069999694824219,9.279999732971191,7.639718055725098,19900
2012-01-23,9.460000038146973,9.460000038146973,8.970000267028809,9.100000381469727,7.491533279418945,20500
2012-01-24,9.100000381469727,9.149999618530273,8.949999809265137,9.149999618530273,7.53269624710083,12000
2012-01-25,9.15999984741211,9.220000267028809,9.029999732971191,9.210000038146973,7.582090854644775,20600
2012-01-26,9.210000038146973,9.210000038146973,9.0,9.050000190734863,7.450371742248535,23300
2012-01-27,9.0,9.149999618530273,9.0,9.140000343322754,7.524466037750244,10600
2012-01-30,9.029999732971191,9.109999656677246,8.989999771118164,9.050000190734863,7.450371742248535,6400
2012-01-31,9.069999694824219,9.329999923706055,9.0,9.130000114440918,7.566396236419678,36400
2012-02-01,9.210000038146973,9.319999694824219,8.9399995803833,9.279999732971191,7.690706729888916,31200
2012-02-02,9.260000228881836,9.449999809265137,9.109999656677246,9.449999809265137,7.831591606140137,12600
2012-02-03,9.600000381469727,9.850000381469727,9.600000381469727,9.789999961853027,8.113364219665527,29100
2012-02-06,9.699999809265137,9.779999732971191,9.569999694824219,9.770000457763672,8.096787452697754,10400
2012-02-07,9.670000076293945,9.859999656677246,9.670000076293945,9.850000381469727,8.163086891174316,22600
2012-02-08,9.779999732971191,9.899999618530273,9.670000076293945,9.869999885559082,8.17966079711914,9700
2012-02-09,9.819999694824219,9.829999923706055,9.699999809265137,9.729999542236328,8.063640594482422,7300
2012-02-10,9.579999923706055,9.800000190734863,9.390000343322754,9.59000015258789,7.9476165771484375,14200
2012-02-13,9.739999771118164,9.760000228881836,9.630000114440918,9.670000076293945,8.013915061950684,7700
2012-02-14,9.569999694824219,9.579999923706055,9.359999656677246,9.40999984741211,7.7984442710876465,8100
2012-02-15,9.489999771118164,9.520000457763672,9.25,9.270000457763672,7.6824188232421875,10400
2012-02-16,9.329999923706055,9.649999618530273,9.319999694824219,9.640000343322754,7.989055156707764,17300
2012-02-17,9.649999618530273,9.649999618530273,9.350000381469727,9.5600004196167,7.922756195068359,15200
2012-02-21,9.579999923706055,9.640000343322754,9.399999618530273,9.579999923706055,7.939329147338867,5400
2012-02-22,9.630000114440918,9.630000114440918,9.479999542236328,9.5,7.873032093048096,5000
2012-02-23,9.5,9.640000343322754,9.470000267028809,9.640000343322754,7.989055156707764,7000
2012-02-24,9.619999885559082,9.729999542236328,9.350000381469727,9.350000381469727,7.748718738555908,17500
2012-02-27,9.270000457763672,9.3100004196167,9.220000267028809,9.279999732971191,7.690706729888916,4400
2012-02-28,9.300000190734863,9.300000190734863,9.149999618530273,9.180000305175781,7.607833385467529,14000
2012-02-29,9.180000305175781,9.25,9.140000343322754,9.199999809265137,7.624406814575195,61300
2012-03-01,9.229999542236328,9.3100004196167,9.170000076293945,9.25,7.6658453941345215,65800
2012-03-02,9.329999923706055,9.350000381469727,8.90999984741211,8.920000076293945,7.392359733581543,24000
2012-03-05,8.899999618530273,8.970000267028809,8.850000381469727,8.949999809265137,7.417223930358887,10500
2012-03-06,8.899999618530273,9.0600004196167,8.890000343322754,9.050000190734863,7.500095844268799,24400
2012-03-07,9.069999694824219,9.239999771118164,8.989999771118164,9.210000038146973,7.632693767547607,16200
2012-03-08,9.260000228881836,9.350000381469727,9.119999885559082,9.300000190734863,7.7072834968566895,8600
2012-03-09,9.289999961853027,9.800000190734863,9.289999961853027,9.75,8.080216407775879,52400
2012-03-12,9.84000015258789,9.850000381469727,9.739999771118164,9.789999961853027,8.113364219665527,7200
2012-03-13,9.850000381469727,10.170000076293945,9.699999809265137,10.15999984741211,8.419997215270996,60700
2012-03-14,10.149999618530273,10.149999618530273,9.899999618530273,9.970000267028809,8.262537002563477,16800
2012-03-15,10.029999732971191,10.100000381469727,9.899999618530273,10.100000381469727,8.370272636413574,7900
2012-03-16,10.109999656677246,10.109999656677246,9.90999984741211,9.949999809265137,8.24596118927002,27500
2012-03-19,9.979999542236328,10.100000381469727,9.899999618530273,10.050000190734863,8.328837394714355,22300
2012-03-20,9.949999809265137,9.979999542236328,9.869999885559082,9.9399995803833,8.237675666809082,34800
2012-03-21,9.970000267028809,10.0,9.84000015258789,9.859999656677246,8.17137622833252,14900
2012-03-22,9.739999771118164,9.739999771118164,9.600000381469727,9.630000114440918,7.980764865875244,8200
2012-03-23,9.579999923706055,9.90999984741211,9.550000190734863,9.850000381469727,8.163086891174316,8800
2012-03-26,9.979999542236328,10.130000114440918,9.789999961853027,10.130000114440918,8.395137786865234,16100
2012-03-27,10.210000038146973,10.210000038146973,9.979999542236328,10.029999732971191,8.312261581420898,8700
2012-03-28,9.979999542236328,10.0,9.899999618530273,9.989999771118164,8.279114723205566,14900
2012-03-29,9.850000381469727,9.960000038146973,9.390000343322754,9.90999984741211,8.212813377380371,11400
2012-03-30,10.010000228881836,10.010000228881836,9.829999923706055,9.829999923706055,8.146514892578125,30800
2012-04-02,9.779999732971191,10.020000457763672,9.75,10.020000457763672,8.303976058959961,33300
2012-04-03,9.949999809265137,10.199999809265137,9.850000381469727,9.880000114440918,8.187952995300293,21400
2012-04-04,9.770000457763672,9.800000190734863,9.739999771118164,9.739999771118164,8.07192611694336,17500
2012-04-05,9.670000076293945,9.770000457763672,9.670000076293945,9.75,8.080216407775879,7200
2012-04-09,9.640000343322754,9.640000343322754,9.460000038146973,9.479999542236328,7.856453895568848,14800
2012-04-10,9.470000267028809,9.770000457763672,9.300000190734863,9.319999694824219,7.723855018615723,24000
2012-04-11,9.460000038146973,9.649999618530273,9.350000381469727,9.600000381469727,7.955905437469482,13700
2012-04-12,9.579999923706055,9.920000076293945,9.5,9.890000343322754,8.19623851776123,22500
2012-04-13,9.779999732971191,9.800000190734863,9.649999618530273,9.649999618530273,7.997339248657227,31200
2012-04-16,9.710000038146973,9.75,9.649999618530273,9.75,8.080216407775879,32100
2012-04-17,9.859999656677246,9.859999656677246,9.65999984741211,9.699999809265137,8.038776397705078,29700
2012-04-18,9.630000114440918,9.720000267028809,9.600000381469727,9.600000381469727,7.955905437469482,11600
2012-04-19,9.619999885559082,9.619999885559082,9.449999809265137,9.5,7.873032093048096,14700
2012-04-20,9.739999771118164,9.800000190734863,9.670000076293945,9.739999771118164,8.07192611694336,42300
2012-04-23,9.539999961853027,9.600000381469727,9.109999656677246,9.149999618530273,7.58297061920166,27000
2012-04-24,9.199999809265137,9.289999961853027,9.0,9.100000381469727,7.541531562805176,20100
2012-04-25,9.25,9.350000381469727,9.100000381469727,9.25,7.6658453941345215,22300
2012-04-26,9.210000038146973,9.25,9.180000305175781,9.210000038146973,7.632693767547607,7700
2012-04-27,9.319999694824219,9.359999656677246,9.210000038146973,9.279999732971191,7.690706729888916,18400
2012-04-30,9.300000190734863,9.300000190734863,9.130000114440918,9.15999984741211,7.591259002685547,21000
2012-05-01,9.09000015258789,9.270000457763672,9.020000457763672,9.079999923706055,7.574574947357178,29200
2012-05-02,8.989999771118164,9.130000114440918,8.989999771118164,9.029999732971191,7.53286600112915,17700
2012-05-03,9.0,9.109999656677246,9.0,9.079999923706055,7.574574947357178,14000
2012-05-04,9.050000190734863,9.069999694824219,8.979999542236328,8.979999542236328,7.491151332855225,18300
2012-05-07,8.989999771118164,9.140000343322754,8.979999542236328,9.020000457763672,7.52452278137207,12000
2012-05-08,8.970000267028809,9.140000343322754,8.90999984741211,9.119999885559082,7.607943534851074,30100
2012-05-09,9.029999732971191,9.619999885559082,9.020000457763672,9.520000457763672,7.941623687744141,26000
2012-05-10,9.569999694824219,9.869999885559082,9.260000228881836,9.829999923706055,8.200226783752441,7000
2012-05-11,9.6899995803833,9.819999694824219,9.390000343322754,9.460000038146973,7.891571044921875,11700
2012-05-14,9.390000343322754,9.390000343322754,9.25,9.25,7.716388702392578,10400
2012-05-15,9.260000228881836,9.329999923706055,9.140000343322754,9.15999984741211,7.641310214996338,7800
2012-05-16,9.180000305175781,9.239999771118164,9.09000015258789,9.09000015258789,7.5829176902771,4900
2012-05-17,9.130000114440918,9.130000114440918,8.930000305175781,8.930000305175781,7.44944429397583,15200
2012-05-18,8.899999618530273,9.220000267028809,8.899999618530273,8.989999771118164,7.499495029449463,15100
2012-05-21,8.979999542236328,9.0600004196167,8.760000228881836,8.829999923706055,7.366024017333984,15600
2012-05-22,8.84000015258789,9.010000228881836,8.640000343322754,8.710000038146973,7.265919208526611,21000
2012-05-23,8.710000038146973,8.729999542236328,8.420000076293945,8.59000015258789,7.1658148765563965,13000
2012-05-24,8.729999542236328,8.989999771118164,8.729999542236328,8.949999809265137,7.466128349304199,15000
2012-05-25,8.920000076293945,9.119999885559082,8.920000076293945,9.010000228881836,7.516181945800781,10500
2012-05-29,9.079999923706055,9.170000076293945,9.0600004196167,9.149999618530273,7.632967948913574,7600
2012-05-30,9.020000457763672,9.100000381469727,8.970000267028809,8.979999542236328,7.491151332855225,23800
2012-05-31,9.010000228881836,9.010000228881836,8.899999618530273,8.989999771118164,7.499495029449463,19900
2012-06-01,8.779999732971191,9.130000114440918,8.779999732971191,8.819999694824219,7.357681751251221,14800
2012-06-04,8.899999618530273,8.989999771118164,8.800000190734863,8.960000038146973,7.4744696617126465,11000
2012-06-05,8.930000305175781,8.979999542236328,8.800000190734863,8.880000114440918,7.4077348709106445,21200
2012-06-06,8.90999984741211,9.100000381469727,8.890000343322754,9.0,7.507837772369385,28800
2012-06-07,9.020000457763672,9.0600004196167,8.930000305175781,8.970000267028809,7.48281192779541,14900
2012-06-08,8.920000076293945,9.069999694824219,8.859999656677246,9.039999961853027,7.541205883026123,8300
2012-06-11,9.100000381469727,9.100000381469727,8.949999809265137,8.949999809265137,7.466128349304199,15000
2012-06-12,8.979999542236328,9.039999961853027,8.859999656677246,9.0,7.507837772369385,15300
2012-06-13,9.0,9.050000190734863,8.920000076293945,8.989999771118164,7.499495029449463,11300
2012-06-14,8.970000267028809,9.109999656677246,8.960000038146973,9.079999923706055,7.574574947357178,8900
2012-06-15,9.010000228881836,9.260000228881836,8.869999885559082,9.1899995803833,7.6663360595703125,35800
2012-06-18,9.069999694824219,9.430000305175781,9.069999694824219,9.109999656677246,7.599600315093994,31400
2012-06-19,9.130000114440918,9.5,9.0,9.4399995803833,7.874884605407715,21800
2012-06-20,9.390000343322754,9.460000038146973,9.239999771118164,9.270000457763672,7.733071327209473,18000
2012-06-21,9.3100004196167,9.34000015258789,9.199999809265137,9.260000228881836,7.724732398986816,19300
2012-06-22,9.300000190734863,9.5,9.25,9.460000038146973,7.891571044921875,98500
2012-06-25,9.300000190734863,9.460000038146973,9.199999809265137,9.25,7.716388702392578,10300
2012-06-26,9.1899995803833,9.279999732971191,9.170000076293945,9.279999732971191,7.7414140701293945,7600
2012-06-27,9.289999961853027,9.449999809265137,9.25,9.40999984741211,7.849863529205322,10900
2012-06-28,9.289999961853027,9.449999809265137,9.199999809265137,9.34000015258789,7.791467666625977,6900
2012-06-29,9.5,9.989999771118164,9.3100004196167,9.899999618530273,8.258621215820312,15000
2012-07-02,9.920000076293945,9.920000076293945,9.350000381469727,9.729999542236328,8.116806983947754,29600
2012-07-03,9.75,9.930000305175781,9.600000381469727,9.930000305175781,8.283646583557129,5800
2012-07-05,9.930000305175781,10.170000076293945,9.930000305175781,10.09000015258789,8.417118072509766,12800
2012-07-06,9.9399995803833,10.180000305175781,9.9399995803833,10.029999732971191,8.367067337036133,8700
2012-07-09,10.050000190734863,10.100000381469727,9.550000190734863,10.0,8.342042922973633,8400
2012-07-10,10.100000381469727,10.1899995803833,9.819999694824219,10.15999984741211,8.475513458251953,14200
2012-07-11,10.1899995803833,10.220000267028809,10.1899995803833,10.1899995803833,8.500541687011719,19200
2012-07-12,10.149999618530273,10.390000343322754,10.100000381469727,10.350000381469727,8.634016036987305,9700
2012-07-13,10.399999618530273,10.65999984741211,10.399999618530273,10.5600004196167,8.809197425842285,10400
2012-07-16,10.550000190734863,10.680000305175781,10.5,10.609999656677246,8.850907325744629,10100
2012-07-17,10.710000038146973,10.989999771118164,10.710000038146973,10.930000305175781,9.117851257324219,7500
2012-07-18,10.949999809265137,11.0,10.850000381469727,10.970000267028809,9.15121841430664,12000
2012-07-19,10.979999542236328,10.979999542236328,10.819999694824219,10.819999694824219,9.026090621948242,5300
2012-07-20,10.710000038146973,10.890000343322754,10.510000228881836,10.729999542236328,8.951010704040527,40900
2012-07-23,10.640000343322754,10.789999961853027,10.279999732971191,10.670000076293945,8.900959968566895,13300
2012-07-24,10.739999771118164,10.739999771118164,10.0600004196167,10.369999885559082,8.650697708129883,17500
2012-07-25,10.460000038146973,10.479999542236328,10.079999923706055,10.289999961853027,8.583962440490723,8900
2012-07-26,10.489999771118164,10.489999771118164,10.15999984741211,10.390000343322754,8.667383193969727,8200
2012-07-27,10.449999809265137,10.75,10.0600004196167,10.729999542236328,8.951010704040527,14200
2012-07-30,10.729999542236328,10.84000015258789,10.550000190734863,10.59000015258789,8.834220886230469,9800
2012-07-31,10.5600004196167,10.989999771118164,10.369999885559082,10.680000305175781,8.960064888000488,26600
2012-08-01,10.760000228881836,10.960000038146973,10.539999961853027,10.539999961853027,8.842612266540527,25900
2012-08-02,10.5,10.899999618530273,10.40999984741211,10.600000381469727,8.892951011657715,29100
2012-08-03,10.84000015258789,10.979999542236328,10.550000190734863,10.890000343322754,9.136247634887695,20400
2012-08-06,10.920000076293945,11.0,10.779999732971191,10.880000114440918,9.127857208251953,13300
2012-08-07,10.979999542236328,10.979999542236328,10.670000076293945,10.930000305175781,9.169805526733398,23900
2012-08-08,10.890000343322754,11.039999961853027,10.720000267028809,10.850000381469727,9.102688789367676,24700
2012-08-09,10.800000190734863,10.949999809265137,10.5,10.569999694824219,8.867783546447754,29300
2012-08-10,10.520000457763672,10.59000015258789,10.359999656677246,10.4399995803833,8.75871753692627,26300
2012-08-13,10.470000267028809,10.680000305175781,10.40999984741211,10.670000076293945,8.951677322387695,28400
2012-08-14,10.75,10.75,10.359999656677246,10.390000343322754,8.71677017211914,13300
2012-08-15,10.399999618530273,10.520000457763672,10.34000015258789,10.430000305175781,8.750328063964844,7300
2012-08-16,10.449999809265137,10.569999694824219,10.25,10.569999694824219,8.867783546447754,17900
2012-08-17,10.510000228881836,10.970000267028809,10.279999732971191,10.970000267028809,9.203362464904785,25800
2012-08-20,11.0,11.0,10.670000076293945,10.789999961853027,9.052352905273438,26300
2012-08-21,10.890000343322754,10.989999771118164,10.75,10.869999885559082,9.119467735290527,13800
2012-08-22,10.880000114440918,10.989999771118164,10.609999656677246,10.699999809265137,8.976845741271973,12200
2012-08-23,10.670000076293945,10.779999732971191,10.399999618530273,10.399999618530273,8.725156784057617,8700
2012-08-24,10.359999656677246,10.529999732971191,10.300000190734863,10.460000038146973,8.775495529174805,9400
2012-08-27,10.579999923706055,10.989999771118164,10.420000076293945,10.529999732971191,8.834220886230469,17600
2012-08-28,10.319999694824219,10.760000228881836,10.319999694824219,10.760000228881836,9.027185440063477,6600
2012-08-29,10.75,11.0,10.4399995803833,10.960000038146973,9.194974899291992,15600
2012-08-30,10.90999984741211,10.960000038146973,10.670000076293945,10.789999961853027,9.052352905273438,17100
2012-08-31,10.90999984741211,10.90999984741211,10.630000114440918,10.880000114440918,9.127857208251953,12700
2012-09-04,10.899999618530273,11.029999732971191,10.710000038146973,11.029999732971191,9.253701210021973,19300
2012-09-05,11.050000190734863,11.180000305175781,11.0,11.100000381469727,9.312429428100586,24800
2012-09-06,11.050000190734863,11.489999771118164,11.0,11.479999542236328,9.631231307983398,29200
2012-09-07,11.5,11.5,11.270000457763672,11.5,9.648011207580566,9200
2012-09-10,11.449999809265137,11.5,11.390000343322754,11.390000343322754,9.555724143981934,5900
2012-09-11,11.369999885559082,11.630000114440918,11.369999885559082,11.579999923706055,9.715127944946289,10500
2012-09-12,11.5600004196167,11.729999542236328,11.350000381469727,11.729999542236328,9.840972900390625,6700
2012-09-13,11.670000076293945,11.850000381469727,11.59000015258789,11.739999771118164,9.849359512329102,28800
2012-09-14,11.800000190734863,11.800000190734863,11.5,11.699999809265137,9.815801620483398,20800
2012-09-17,11.59000015258789,11.800000190734863,11.449999809265137,11.789999961853027,9.891310691833496,15500
2012-09-18,11.800000190734863,11.850000381469727,11.729999542236328,11.779999732971191,9.882920265197754,26400
2012-09-19,11.800000190734863,11.819999694824219,11.770000457763672,11.779999732971191,9.882920265197754,22300
2012-09-20,11.739999771118164,11.739999771118164,11.199999809265137,11.529999732971191,9.673179626464844,5700
2012-09-21,11.779999732971191,12.289999961853027,11.579999923706055,12.220000267028809,10.252058982849121,63700
2012-09-24,12.15999984741211,12.970000267028809,11.729999542236328,12.890000343322754,10.814163208007812,40500
2012-09-25,13.0,13.0,12.260000228881836,12.40999984741211,10.41146183013916,55800
2012-09-26,12.4399995803833,12.630000114440918,12.279999732971191,12.449999809265137,10.44502067565918,16700
2012-09-27,12.449999809265137,12.449999809265137,12.270000457763672,12.430000305175781,10.428243637084961,11200
2012-09-28,12.359999656677246,12.4399995803833,11.859999656677246,12.260000228881836,10.28561782836914,17100
2012-10-01,12.369999885559082,12.449999809265137,12.149999618530273,12.3100004196167,10.327568054199219,10000
2012-10-02,12.399999618530273,12.449999809265137,12.180000305175781,12.380000114440918,10.3862943649292,9200
2012-10-03,12.4399995803833,12.449999809265137,12.239999771118164,12.279999732971191,10.302397727966309,8100
2012-10-04,12.369999885559082,12.430000305175781,12.229999542236328,12.34000015258789,10.352734565734863,10400
2012-10-05,12.5,12.720000267028809,12.050000190734863,12.09000015258789,10.142995834350586,37100
2012-10-08,12.069999694824219,12.600000381469727,11.90999984741211,12.359999656677246,10.369512557983398,23000
2012-10-09,12.359999656677246,12.380000114440918,11.979999542236328,11.979999542236328,10.050710678100586,6600
2012-10-10,11.960000038146973,12.260000228881836,11.930000305175781,12.260000228881836,10.28561782836914,17700
2012-10-11,12.329999923706055,12.5,12.149999618530273,12.390000343322754,10.394683837890625,15000
2012-10-12,12.220000267028809,12.329999923706055,11.90999984741211,12.069999694824219,10.126214027404785,28600
2012-10-15,12.140000343322754,12.140000343322754,11.760000228881836,11.920000076293945,10.000375747680664,16800
2012-10-16,12.0,12.0,11.609999656677246,11.880000114440918,9.966812133789062,20000
2012-10-17,11.9399995803833,11.989999771118164,11.510000228881836,11.829999923706055,9.924866676330566,20500
2012-10-18,11.819999694824219,11.869999885559082,11.59000015258789,11.640000343322754,9.765464782714844,6400
2012-10-19,11.579999923706055,11.649999618530273,11.289999961853027,11.5,9.648011207580566,51100
2012-10-22,11.220000267028809,11.289999961853027,11.069999694824219,11.199999809265137,9.396326065063477,12100
2012-10-23,11.119999885559082,11.220000267028809,11.020000457763672,11.109999656677246,9.320818901062012,6500
2012-10-24,11.239999771118164,11.25,11.100000381469727,11.180000305175781,9.379547119140625,6500
2012-10-25,11.25,11.90999984741211,11.109999656677246,11.220000267028809,9.413105010986328,10800
2012-10-26,11.25,11.25,11.100000381469727,11.220000267028809,9.413105010986328,2900
2012-10-31,11.199999809265137,11.40999984741211,11.029999732971191,11.25,9.489014625549316,53500
2012-11-01,11.420000076293945,11.510000228881836,11.369999885559082,11.460000038146973,9.666143417358398,16900
2012-11-02,11.539999961853027,11.539999961853027,11.199999809265137,11.199999809265137,9.446844100952148,24700
2012-11-05,11.399999618530273,11.699999809265137,11.34000015258789,11.699999809265137,9.868575096130371,56400
2012-11-06,11.6899995803833,11.960000038146973,11.539999961853027,11.960000038146973,10.087876319885254,21000
2012-11-07,11.800000190734863,11.800000190734863,11.34000015258789,11.34000015258789,9.564927101135254,13800
2012-11-08,11.300000190734863,11.300000190734863,10.800000190734863,10.8100004196167,9.117889404296875,26300
2012-11-09,10.75,11.319999694824219,10.75,11.210000038146973,9.455277442932129,10700
2012-11-12,11.260000228881836,11.3100004196167,10.760000228881836,10.8100004196167,9.117889404296875,11100
2012-11-13,10.779999732971191,11.0,10.640000343322754,10.800000190734863,9.109453201293945,31700
2012-11-14,10.859999656677246,10.859999656677246,10.180000305175781,10.239999771118164,8.63711166381836,16600
2012-11-15,10.279999732971191,10.319999694824219,9.800000190734863,10.210000038146973,8.611807823181152,10000
2012-11-16,10.149999618530273,10.300000190734863,9.84000015258789,10.220000267028809,8.620244026184082,19500
2012-11-19,10.3100004196167,10.350000381469727,10.100000381469727,10.300000190734863,8.687722206115723,30000
2012-11-20,10.25,10.34000015258789,10.0,10.170000076293945,8.578072547912598,11000
2012-11-21,10.369999885559082,10.369999885559082,10.0600004196167,10.239999771118164,8.63711166381836,15400
2012-11-23,10.289999961853027,10.899999618530273,10.289999961853027,10.619999885559082,8.95763111114502,8700
2012-11-26,10.550000190734863,10.550000190734863,10.119999885559082,10.40999984741211,8.780501365661621,10400
2012-11-27,10.430000305175781,10.510000228881836,10.300000190734863,10.3100004196167,8.696155548095703,17300
2012-11-28,10.359999656677246,10.40999984741211,10.25,10.300000190734863,8.687722206115723,10500
2012-11-29,10.40999984741211,10.720000267028809,10.40999984741211,10.720000267028809,9.041976928710938,9200
2012-11-30,10.75,10.850000381469727,10.5,10.510000228881836,8.864848136901855,15200
2012-12-03,10.609999656677246,10.850000381469727,10.609999656677246,10.829999923706055,9.134757995605469,11200
2012-12-04,10.850000381469727,10.949999809265137,10.5600004196167,10.84000015258789,9.143195152282715,25400
2012-12-05,10.920000076293945,10.970000267028809,10.670000076293945,10.890000343322754,9.185367584228516,15400
2012-12-06,10.819999694824219,11.039999961853027,10.65999984741211,11.039999961853027,9.311885833740234,21400
2012-12-07,11.050000190734863,11.050000190734863,10.569999694824219,10.65999984741211,8.991366386413574,8400
2012-12-10,10.710000038146973,10.75,10.59000015258789,10.75,9.067279815673828,15100
2012-12-11,10.789999961853027,10.899999618530273,10.680000305175781,10.899999618530273,9.193803787231445,19000
2012-12-12,10.890000343322754,10.890000343322754,10.550000190734863,10.569999694824219,8.915459632873535,17700
2012-12-13,10.550000190734863,10.789999961853027,10.260000228881836,10.520000457763672,8.873285293579102,26900
2012-12-14,10.460000038146973,10.680000305175781,10.420000076293945,10.470000267028809,8.831110954284668,13400
2012-12-17,10.390000343322754,10.739999771118164,10.390000343322754,10.630000114440918,8.96606731414795,16100
2012-12-18,10.680000305175781,11.050000190734863,10.5600004196167,11.050000190734863,9.32032585144043,21100
2012-12-19,11.050000190734863,11.25,10.949999809265137,11.25,9.489014625549316,11300
2012-12-20,11.220000267028809,11.8100004196167,11.050000190734863,11.739999771118164,9.902313232421875,20000
2012-12-21,11.609999656677246,11.699999809265137,11.25,11.640000343322754,9.817967414855957,334200
2012-12-24,11.510000228881836,11.510000228881836,11.390000343322754,11.449999809265137,9.657709121704102,3000
2012-12-26,11.4399995803833,11.529999732971191,11.3100004196167,11.399999618530273,9.615535736083984,11100
2012-12-27,11.4399995803833,11.59000015258789,11.239999771118164,11.350000381469727,9.5733642578125,24100
2012-12-28,11.3100004196167,11.34000015258789,11.119999885559082,11.270000457763672,9.505885124206543,16900
2012-12-31,11.25,11.470000267028809,10.819999694824219,11.430000305175781,9.640840530395508,21200
2013-01-02,11.539999961853027,11.75,11.449999809265137,11.739999771118164,9.902313232421875,49700
2013-01-03,11.600000381469727,12.029999732971191,11.529999732971191,11.970000267028809,10.09631061553955,63200
2013-01-04,12.0,12.25,11.680000305175781,12.180000305175781,10.27344036102295,34500
2013-01-07,12.199999809265137,12.199999809265137,11.9399995803833,12.140000343322754,10.239703178405762,17000
2013-01-08,12.170000076293945,12.199999809265137,11.979999542236328,12.170000076293945,10.26500415802002,8300
2013-01-09,12.15999984741211,12.25,11.920000076293945,12.15999984741211,10.256573677062988,11200
2013-01-10,12.1899995803833,12.34000015258789,12.0,12.329999923706055,10.399961471557617,11000
2013-01-11,12.329999923706055,12.449999809265137,11.989999771118164,12.170000076293945,10.26500415802002,20500
2013-01-14,12.140000343322754,12.34000015258789,12.0,12.220000267028809,10.307177543640137,9900
2013-01-15,12.119999885559082,12.25,12.039999961853027,12.239999771118164,10.32404899597168,9700
2013-01-16,12.180000305175781,12.350000381469727,11.720000267028809,12.029999732971191,10.146920204162598,21300
2013-01-17,12.140000343322754,12.140000343322754,12.0,12.100000381469727,10.205964088439941,10700
2013-01-18,12.130000114440918,12.4399995803833,12.010000228881836,12.329999923706055,10.399961471557617,14600
2013-01-22,12.350000381469727,12.350000381469727,12.109999656677246,12.220000267028809,10.307177543640137,25400
2013-01-23,12.260000228881836,12.260000228881836,11.979999542236328,12.109999656677246,10.214397430419922,6100
2013-01-24,12.15999984741211,12.34000015258789,11.890000343322754,12.329999923706055,10.399961471557617,12700
2013-01-25,12.420000076293945,12.489999771118164,12.069999694824219,12.34000015258789,10.408394813537598,13500
2013-01-28,12.399999618530273,12.600000381469727,12.279999732971191,12.600000381469727,10.627696990966797,24700
2013-01-29,12.5,12.6899995803833,12.470000267028809,12.6899995803833,10.7548246383667,27600
2013-01-30,12.600000381469727,12.600000381469727,12.369999885559082,12.550000190734863,10.63616943359375,20600
2013-01-31,12.5,12.5,12.350000381469727,12.460000038146973,10.559895515441895,9000
2013-02-01,12.5,13.0,12.470000267028809,12.869999885559082,10.907371520996094,33900
2013-02-04,12.760000228881836,12.9399995803833,12.5,12.619999885559082,10.6954984664917,30100
2013-02-05,12.720000267028809,12.850000381469727,12.680000305175781,12.850000381469727,10.890421867370605,3600
2013-02-06,12.770000457763672,12.829999923706055,12.520000457763672,12.770000457763672,10.82262134552002,3600
2013-02-07,12.699999809265137,12.880000114440918,12.619999885559082,12.6899995803833,10.7548246383667,5900
2013-02-08,12.680000305175781,12.680000305175781,12.539999961853027,12.680000305175781,10.746347427368164,13400
2013-02-11,12.699999809265137,12.699999809265137,12.5600004196167,12.65999984741211,10.729397773742676,4500
2013-02-12,12.380000114440918,12.869999885559082,12.380000114440918,12.84000015258789,10.881949424743652,9400
2013-02-13,12.800000190734863,12.800000190734863,12.539999961853027,12.649999618530273,10.720922470092773,7600
2013-02-14,12.649999618530273,12.800000190734863,12.520000457763672,12.75,10.805675506591797,11500
2013-02-15,12.800000190734863,12.800000190734863,12.680000305175781,12.800000190734863,10.848050117492676,15300
2013-02-19,12.84000015258789,12.949999809265137,12.779999732971191,12.930000305175781,10.958224296569824,12700
2013-02-20,12.90999984741211,12.960000038146973,12.779999732971191,12.779999732971191,10.831097602844238,19400
2013-02-21,12.829999923706055,12.829999923706055,12.619999885559082,12.739999771118164,10.797199249267578,9200
2013-02-22,12.779999732971191,12.850000381469727,12.550000190734863,12.84000015258789,10.881949424743652,14600
2013-02-25,12.869999885559082,12.890000343322754,12.109999656677246,12.399999618530273,10.509048461914062,23600
2013-02-26,12.449999809265137,12.539999961853027,12.289999961853027,12.449999809265137,10.551422119140625,3600
2013-02-27,12.449999809265137,12.510000228881836,12.15999984741211,12.510000228881836,10.602273941040039,58700
2013-02-28,12.470000267028809,12.65999984741211,12.270000457763672,12.65999984741211,10.729397773742676,31200
2013-03-01,12.520000457763672,12.949999809265137,12.420000076293945,12.9399995803833,10.96669864654541,9800
2013-03-04,12.859999656677246,12.9399995803833,12.630000114440918,12.869999885559082,10.907371520996094,10200
2013-03-05,12.9399995803833,13.050000190734863,12.829999923706055,13.010000228881836,11.02602481842041,17200
2013-03-06,13.050000190734863,13.149999618530273,12.850000381469727,13.149999618530273,11.14467716217041,68700
2013-03-07,13.1899995803833,13.220000267028809,12.970000267028809,13.149999618530273,11.14467716217041,22200
2013-03-08,13.229999542236328,13.25,13.09000015258789,13.210000038146973,11.195525169372559,15700
2013-03-11,13.1899995803833,13.229999542236328,13.069999694824219,13.140000343322754,11.136200904846191,8500
2013-03-12,13.140000343322754,13.149999618530273,13.0600004196167,13.109999656677246,11.110774993896484,7600
2013-03-13,13.09000015258789,13.25,13.09000015258789,13.229999542236328,11.21247386932373,19100
2013-03-14,13.229999542236328,13.350000381469727,13.109999656677246,13.350000381469727,11.314176559448242,14600
2013-03-15,13.3100004196167,13.350000381469727,13.130000114440918,13.260000228881836,11.237899780273438,64400
2013-03-18,13.119999885559082,13.350000381469727,13.029999732971191,13.239999771118164,11.220952033996582,4500
2013-03-19,13.300000190734863,13.350000381469727,13.0,13.279999732971191,11.254851341247559,13800
2013-03-20,13.350000381469727,13.350000381469727,13.260000228881836,13.34000015258789,11.30569839477539,5400
2013-03-21,13.220000267028809,13.34000015258789,13.170000076293945,13.25,11.229424476623535,4200
2013-03-22,13.350000381469727,13.350000381469727,12.989999771118164,13.109999656677246,11.110774993896484,6700
2013-03-25,13.119999885559082,13.300000190734863,13.119999885559082,13.229999542236328,11.21247386932373,5500
2013-03-26,13.300000190734863,13.300000190734863,13.100000381469727,13.300000190734863,11.27180290222168,4200
2013-03-27,13.180000305175781,13.289999961853027,13.140000343322754,13.229999542236328,11.21247386932373,5600
2013-03-28,13.279999732971191,13.279999732971191,13.130000114440918,13.149999618530273,11.14467716217041,33900
2013-04-01,13.09000015258789,13.09000015258789,12.960000038146973,13.029999732971191,11.042973518371582,11600
2013-04-02,13.15999984741211,13.15999984741211,12.869999885559082,12.920000076293945,10.949749946594238,5400
2013-04-03,12.989999771118164,12.989999771118164,12.539999961853027,12.579999923706055,10.661598205566406,11600
2013-04-04,12.640000343322754,12.739999771118164,12.350000381469727,12.739999771118164,10.797199249267578,13400
2013-04-05,12.479999542236328,12.8100004196167,12.479999542236328,12.720000267028809,10.780248641967773,6300
2013-04-08,12.800000190734863,12.84000015258789,12.699999809265137,12.819999694824219,10.86500072479248,11700
2013-04-09,12.8100004196167,12.8100004196167,12.59000015258789,12.699999809265137,10.763298034667969,15400
2013-04-10,12.710000038146973,12.979999542236328,12.550000190734863,12.899999618530273,10.932798385620117,8100
2013-04-11,12.8100004196167,12.880000114440918,12.789999961853027,12.819999694824219,10.86500072479248,5000
2013-04-12,12.619999885559082,12.899999618530273,12.619999885559082,12.890000343322754,10.924324035644531,8400
2013-04-15,12.869999885559082,12.869999885559082,12.619999885559082,12.800000190734863,10.848050117492676,29000
2013-04-16,12.90999984741211,13.0,12.729999542236328,12.869999885559082,10.907371520996094,10100
2013-04-17,12.729999542236328,12.869999885559082,12.25,12.449999809265137,10.551422119140625,15900
2013-04-18,12.510000228881836,12.680000305175781,12.460000038146973,12.479999542236328,10.576849937438965,9500
2013-04-19,12.460000038146973,12.989999771118164,12.460000038146973,12.949999809265137,10.97517204284668,23500
2013-04-22,12.920000076293945,12.989999771118164,12.460000038146973,12.729999542236328,10.78872299194336,5800
2013-04-23,12.84000015258789,12.960000038146973,12.760000228881836,12.949999809265137,10.97517204284668,10600
2013-04-24,12.770000457763672,13.029999732971191,12.770000457763672,13.029999732971191,11.042973518371582,16200
2013-04-25,13.029999732971191,13.029999732971191,12.899999618530273,12.979999542236328,11.000598907470703,2800
2013-04-26,12.949999809265137,12.949999809265137,12.75,12.75,10.805675506591797,11900
2013-04-29,12.789999961853027,12.890000343322754,12.699999809265137,12.8100004196167,10.856527328491211,29500
2013-04-30,12.800000190734863,12.930000305175781,12.770000457763672,12.920000076293945,11.001277923583984,7600
2013-05-01,12.8100004196167,12.8100004196167,12.010000228881836,12.020000457763672,10.234935760498047,166300
2013-05-02,12.130000114440918,12.319999694824219,12.130000114440918,12.260000228881836,10.439291954040527,15700
2013-05-03,12.430000305175781,12.619999885559082,12.300000190734863,12.40999984741211,10.567015647888184,8400
2013-05-06,12.510000228881836,12.550000190734863,12.350000381469727,12.550000190734863,10.686222076416016,1400
2013-05-07,12.609999656677246,12.720000267028809,12.399999618530273,12.720000267028809,10.830979347229004,3800
2013-05-08,12.569999694824219,12.770000457763672,12.529999732971191,12.729999542236328,10.839492797851562,7800
2013-05-09,12.710000038146973,12.789999961853027,12.5,12.5600004196167,10.694743156433105,13000
2013-05-10,12.619999885559082,12.800000190734863,12.569999694824219,12.680000305175781,10.796918869018555,7000
2013-05-13,12.6899995803833,12.8100004196167,12.649999618530273,12.770000457763672,10.873552322387695,14400
2013-05-14,12.84000015258789,12.869999885559082,12.770000457763672,12.850000381469727,10.941671371459961,12700
2013-05-15,12.760000228881836,12.890000343322754,12.75,12.800000190734863,10.899100303649902,6200
2013-05-16,12.789999961853027,12.9399995803833,12.789999961853027,12.890000343322754,10.975732803344727,3900
2013-05-17,12.930000305175781,12.970000267028809,12.75,12.920000076293945,11.001277923583984,12800
2013-05-20,12.859999656677246,13.100000381469727,12.850000381469727,13.0600004196167,11.120485305786133,38400
2013-05-21,13.069999694824219,13.1899995803833,12.949999809265137,13.1899995803833,11.231179237365723,43600
2013-05-22,13.170000076293945,13.34000015258789,13.149999618530273,13.210000038146973,11.248209953308105,22200
2013-05-23,13.109999656677246,13.5,13.109999656677246,13.430000305175781,11.435537338256836,15200
2013-05-24,13.390000343322754,13.510000228881836,13.180000305175781,13.460000038146973,11.461082458496094,43400
2013-05-28,13.640000343322754,13.949999809265137,13.640000343322754,13.920000076293945,11.85276985168457,13500
2013-05-29,13.869999885559082,13.920000076293945,13.729999542236328,13.819999694824219,11.767619132995605,3900
2013-05-30,13.850000381469727,13.899999618530273,13.699999809265137,13.829999923706055,11.776135444641113,11100
2013-05-31,13.75,13.829999923706055,13.359999656677246,13.710000038146973,11.673954010009766,11400
2013-06-03,13.649999618530273,14.75,13.59000015258789,14.609999656677246,12.44029712677002,45600
2013-06-04,14.5600004196167,14.5600004196167,14.0,14.050000190734863,11.963465690612793,13500
2013-06-05,14.069999694824219,14.100000381469727,13.890000343322754,14.020000457763672,11.937917709350586,7200
2013-06-06,13.989999771118164,14.170000076293945,13.989999771118164,14.170000076293945,12.065641403198242,29100
2013-06-07,14.199999809265137,14.449999809265137,14.130000114440918,14.229999542236328,12.116732597351074,13400
2013-06-10,14.25,14.399999618530273,14.25,14.289999961853027,12.167821884155273,3500
2013-06-11,14.329999923706055,14.40999984741211,14.199999809265137,14.329999923706055,12.201881408691406,9600
2013-06-12,14.399999618530273,14.479999542236328,14.220000267028809,14.260000228881836,12.142276763916016,5600
2013-06-13,14.270000457763672,14.489999771118164,14.109999656677246,14.460000038146973,12.312577247619629,9100
2013-06-14,14.430000305175781,14.4399995803833,14.25,14.350000381469727,12.21890926361084,19700
2013-06-17,14.489999771118164,14.59000015258789,14.350000381469727,14.550000190734863,12.389209747314453,20800
2013-06-18,14.479999542236328,14.8100004196167,14.430000305175781,14.739999771118164,12.550993919372559,34000
2013-06-19,14.6899995803833,14.6899995803833,14.25,14.609999656677246,12.44029712677002,69200
2013-06-20,14.399999618530273,14.84000015258789,14.399999618530273,14.529999732971191,12.37217903137207,33000
2013-06-21,14.569999694824219,14.65999984741211,14.470000267028809,14.5600004196167,12.397725105285645,64700
2013-06-24,14.399999618530273,14.600000381469727,14.229999542236328,14.270000457763672,12.150790214538574,20300
2013-06-25,14.479999542236328,14.479999542236328,14.220000267028809,14.369999885559082,12.235941886901855,11300
2013-06-26,14.5,14.59000015258789,14.40999984741211,14.550000190734863,12.389209747314453,33700
2013-06-27,14.6899995803833,14.930000305175781,14.630000114440918,14.869999885559082,12.661686897277832,12000
2013-06-28,14.869999885559082,14.899999618530273,14.399999618530273,14.800000190734863,12.602083206176758,98400
2013-07-01,14.789999961853027,15.0,14.449999809265137,15.0,12.772380828857422,25300
2013-07-02,14.9399995803833,15.0,14.199999809265137,14.850000381469727,12.644657135009766,8700
2013-07-03,14.989999771118164,15.279999732971191,14.8100004196167,15.199999809265137,12.942679405212402,14300
2013-07-05,15.449999809265137,15.630000114440918,15.300000190734863,15.619999885559082,13.30030632019043,16800
2013-07-08,15.600000381469727,16.0,15.600000381469727,15.859999656677246,13.504664421081543,19500
2013-07-09,15.970000267028809,16.1299991607666,15.770000457763672,15.899999618530273,13.53872299194336,17600
2013-07-10,15.84000015258789,15.84000015258789,15.09000015258789,15.630000114440918,13.308820724487305,32600
2013-07-11,15.800000190734863,16.0,15.649999618530273,15.989999771118164,13.615357398986816,11100
2013-07-12,15.920000076293945,15.949999809265137,15.770000457763672,15.880000114440918,13.521695137023926,4000
2013-07-15,15.9399995803833,16.0,15.6899995803833,15.989999771118164,13.615357398986816,13300
2013-07-16,15.960000038146973,15.960000038146973,15.630000114440918,15.779999732971191,13.436542510986328,10600
2013-07-17,15.899999618530273,16.0,15.779999732971191,15.869999885559082,13.513177871704102,6300
2013-07-18,15.880000114440918,15.989999771118164,15.760000228881836,15.930000305175781,13.564268112182617,11500
2013-07-19,15.899999618530273,16.079999923706055,15.890000343322754,16.0,13.623873710632324,22300
2013-07-22,15.90999984741211,16.149999618530273,15.90999984741211,16.09000015258789,13.700509071350098,18500
2013-07-23,16.200000762939453,16.25,16.059999465942383,16.139999389648438,13.743082046508789,12300
2013-07-24,16.170000076293945,16.770000457763672,16.170000076293945,16.3700008392334,13.938924789428711,14600
2013-07-25,16.389999389648438,16.389999389648438,15.350000381469727,16.200000762939453,13.794171333312988,19000
2013-07-26,16.030000686645508,16.030000686645508,15.670000076293945,15.680000305175781,13.351397514343262,11600
2013-07-29,15.630000114440918,15.739999771118164,15.399999618530273,15.420000076293945,13.130008697509766,20300
2013-07-30,15.479999542236328,15.649999618530273,14.9399995803833,15.119999885559082,12.933271408081055,117700
2013-07-31,15.130000114440918,16.0,14.970000267028809,15.779999732971191,13.497818946838379,106200
2013-08-01,15.880000114440918,16.229999542236328,15.34000015258789,15.859999656677246,13.566248893737793,16800
2013-08-02,15.829999923706055,16.170000076293945,15.529999732971191,16.15999984741211,13.82286262512207,18700
2013-08-05,16.200000762939453,16.290000915527344,15.960000038146973,16.0,13.686004638671875,7600
2013-08-06,16.110000610351562,16.6200008392334,16.110000610351562,16.34000015258789,13.976829528808594,53800
2013-08-07,16.34000015258789,16.34000015258789,15.859999656677246,15.920000076293945,13.617570877075195,11600
2013-08-08,16.06999969482422,16.06999969482422,15.8100004196167,16.06999969482422,13.745875358581543,9100
2013-08-09,15.979999542236328,16.030000686645508,15.739999771118164,15.890000343322754,13.591909408569336,5400
2013-08-12,15.789999961853027,15.930000305175781,15.600000381469727,15.75,13.47215461730957,15500
2013-08-13,15.770000457763672,15.770000457763672,15.449999809265137,15.649999618530273,13.386619567871094,11200
2013-08-14,15.670000076293945,15.770000457763672,15.449999809265137,15.460000038146973,13.22409725189209,15200
2013-08-15,15.399999618530273,15.600000381469727,14.819999694824219,15.130000114440918,12.941825866699219,24400
2013-08-16,15.039999961853027,15.319999694824219,15.039999961853027,15.039999961853027,12.86484146118164,9000
2013-08-19,15.0,15.229999542236328,14.970000267028809,15.0,12.830625534057617,20700
2013-08-20,15.029999732971191,15.579999923706055,15.029999732971191,15.5600004196167,13.309638023376465,18000
2013-08-21,15.529999732971191,15.819999694824219,15.350000381469727,15.359999656677246,13.13856029510498,15100
2013-08-22,15.260000228881836,15.729999542236328,15.260000228881836,15.640000343322754,13.378066062927246,10800
2013-08-23,15.640000343322754,15.640000343322754,15.09000015258789,15.539999961853027,13.292530059814453,9600
2013-08-26,15.59000015258789,15.649999618530273,15.09000015258789,15.180000305175781,12.98459243774414,15900
2013-08-27,14.979999542236328,15.40999984741211,14.079999923706055,14.380000114440918,12.300292015075684,18900
2013-08-28,15.180000305175781,15.180000305175781,14.239999771118164,14.529999732971191,12.428600311279297,13700
2013-08-29,14.25,14.739999771118164,14.25,14.729999542236328,12.599675178527832,10000
2013-08-30,14.729999542236328,14.84000015258789,14.369999885559082,14.420000076293945,12.334508895874023,17900
2013-09-03,14.640000343322754,14.979999542236328,14.430000305175781,14.850000381469727,12.702319145202637,19000
2013-09-04,14.65999984741211,14.920000076293945,14.380000114440918,14.720000267028809,12.591120719909668,27300
2013-09-05,14.6899995803833,15.0,14.539999961853027,14.539999961853027,12.437151908874512,11500
2013-09-06,14.609999656677246,14.819999694824219,14.380000114440918,14.529999732971191,12.428600311279297,20700
2013-09-09,14.520000457763672,15.050000190734863,14.520000457763672,14.75,12.616783142089844,22400
2013-09-10,14.850000381469727,15.1899995803833,14.350000381469727,15.09000015258789,12.907608032226562,13700
2013-09-11,15.0600004196167,15.0600004196167,13.739999771118164,14.90999984741211,12.753640174865723,11000
2013-09-12,14.960000038146973,15.199999809265137,14.65999984741211,15.1899995803833,12.993148803710938,40400
2013-09-13,15.270000457763672,15.550000190734863,15.170000076293945,15.460000038146973,13.22409725189209,9600
2013-09-16,15.600000381469727,15.699999809265137,15.289999961853027,15.520000457763672,13.275423049926758,23000
2013-09-17,14.470000267028809,15.75,14.470000267028809,15.729999542236328,13.455048561096191,12500
2013-09-18,15.75,16.209999084472656,15.75,16.190000534057617,13.848523139953613,19200
2013-09-19,16.190000534057617,16.190000534057617,15.8100004196167,15.890000343322754,13.591909408569336,8800
2013-09-20,15.989999771118164,16.389999389648438,15.989999771118164,16.190000534057617,13.848523139953613,39500
2013-09-23,16.170000076293945,16.43000030517578,15.899999618530273,16.100000381469727,13.771539688110352,26400
2013-09-24,16.200000762939453,17.040000915527344,16.0,16.09000015258789,13.762984275817871,26300
2013-09-25,14.760000228881836,16.510000228881836,14.760000228881836,16.469999313354492,14.088025093078613,42100
2013-09-26,16.56999969482422,16.790000915527344,15.359999656677246,16.389999389648438,14.019597053527832,9800
2013-09-27,16.25,16.25,15.390000343322754,15.800000190734863,13.514925956726074,7700
2013-09-30,15.609999656677246,15.819999694824219,15.609999656677246,15.729999542236328,13.455048561096191,22500
2013-10-01,15.770000457763672,16.229999542236328,15.770000457763672,16.15999984741211,13.82286262512207,11200
2013-10-02,16.09000015258789,16.239999771118164,16.059999465942383,16.15999984741211,13.82286262512207,23400
2013-10-03,16.0,16.1299991607666,16.0,16.0,13.686004638671875,9500
2013-10-04,15.960000038146973,16.049999237060547,15.770000457763672,16.010000228881836,13.69455623626709,9200
2013-10-07,15.949999809265137,16.1200008392334,15.90999984741211,16.010000228881836,13.69455623626709,8800
2013-10-08,16.0,16.0,15.899999618530273,15.9399995803833,13.63467788696289,15700
2013-10-09,15.949999809265137,16.200000762939453,15.800000190734863,16.1299991607666,13.797198295593262,14500
2013-10-10,16.290000915527344,16.68000030517578,16.18000030517578,16.56999969482422,14.173564910888672,18800
2013-10-11,16.600000381469727,17.15999984741211,16.600000381469727,17.15999984741211,14.678240776062012,16600
2013-10-14,17.0,17.489999771118164,16.700000762939453,17.420000076293945,14.900634765625,20800
2013-10-15,17.31999969482422,17.489999771118164,16.440000534057617,16.790000915527344,14.361748695373535,34500
2013-10-16,16.850000381469727,17.059999465942383,16.729999542236328,16.920000076293945,14.472944259643555,13600
2013-10-17,16.81999969482422,17.559999465942383,16.81999969482422,17.079999923706055,14.609806060791016,33300
2013-10-18,17.25,17.59000015258789,16.829999923706055,17.579999923706055,15.037493705749512,25000
2013-10-21,17.68000030517578,17.81999969482422,16.920000076293945,17.040000915527344,14.575593948364258,21100
2013-10-22,17.1200008392334,17.479999542236328,16.979999542236328,17.229999542236328,14.738113403320312,19500
2013-10-23,17.09000015258789,17.700000762939453,17.06999969482422,17.530000686645508,14.99472713470459,12900
2013-10-24,17.670000076293945,17.670000076293945,17.399999618530273,17.459999084472656,14.934845924377441,7900
2013-10-25,17.75,17.969999313354492,17.31999969482422,17.489999771118164,14.960508346557617,17400
2013-10-28,17.639999389648438,19.889999389648438,17.639999389648438,18.75,16.038286209106445,62300
2013-10-29,18.809999465942383,19.5,18.780000686645508,19.3799991607666,16.63928985595703,20500
2013-10-30,19.549999237060547,19.549999237060547,19.239999771118164,19.260000228881836,16.53626251220703,21200
2013-10-31,19.34000015258789,19.34000015258789,18.75,18.93000030517578,16.252927780151367,34200
2013-11-01,18.850000381469727,19.200000762939453,18.030000686645508,18.360000610351562,15.763538360595703,47900
2013-11-04,18.399999618530273,19.510000228881836,18.309999465942383,18.56999969482422,15.943835258483887,31400
2013-11-05,18.399999618530273,18.809999465942383,18.229999542236328,18.670000076293945,16.029701232910156,13600
2013-11-06,18.84000015258789,18.84000015258789,18.459999084472656,18.549999237060547,15.926666259765625,5200
2013-11-07,18.5,18.799999237060547,17.809999465942383,17.829999923706055,15.308491706848145,20700
2013-11-08,17.81999969482422,18.0,17.530000686645508,17.790000915527344,15.274147033691406,28800
2013-11-11,17.6299991607666,17.84000015258789,17.459999084472656,17.709999084472656,15.205460548400879,17300
2013-11-12,17.969999313354492,17.969999313354492,17.420000076293945,17.709999084472656,15.205460548400879,4200
2013-11-13,17.899999618530273,17.899999618530273,17.6200008392334,17.700000762939453,15.196873664855957,6000
2013-11-14,17.75,17.84000015258789,17.420000076293945,17.530000686645508,15.05091667175293,12400
2013-11-15,17.5,17.760000228881836,17.420000076293945,17.559999465942383,15.07667350769043,12400
2013-11-18,17.56999969482422,17.790000915527344,17.31999969482422,17.329999923706055,14.879199028015137,8800
2013-11-19,17.5,17.969999313354492,17.350000381469727,17.3700008392334,14.913537979125977,45800
2013-11-20,17.549999237060547,17.709999084472656,16.889999389648438,17.0,14.595868110656738,24300
2013-11-21,17.0,17.280000686645508,16.5,17.110000610351562,14.690312385559082,26200
2013-11-22,17.18000030517578,17.610000610351562,16.540000915527344,17.450000762939453,14.98222827911377,21800
2013-11-25,17.450000762939453,17.729999542236328,16.610000610351562,17.600000381469727,15.111013412475586,28100
2013-11-26,17.489999771118164,17.729999542236328,17.239999771118164,17.6200008392334,15.128190994262695,14200
2013-11-27,17.649999618530273,17.700000762939453,17.59000015258789,17.700000762939453,15.196873664855957,12500
2013-11-29,17.709999084472656,17.719999313354492,17.530000686645508,17.700000762939453,15.196873664855957,6800
2013-12-02,17.729999542236328,17.729999542236328,16.950000762939453,17.34000015258789,14.887785911560059,15200
2013-12-03,17.479999542236328,17.559999465942383,17.059999465942383,17.479999542236328,15.007986068725586,8000
2013-12-04,17.459999084472656,17.459999084472656,16.989999771118164,17.1299991607666,14.707480430603027,9400
2013-12-05,17.100000381469727,17.149999618530273,16.809999465942383,17.149999618530273,14.724656105041504,16200
2013-12-06,17.3700008392334,17.440000534057617,16.920000076293945,17.219999313354492,14.784756660461426,11800
2013-12-09,17.190000534057617,17.34000015258789,16.809999465942383,17.280000686645508,14.836272239685059,25800
2013-12-10,17.299999237060547,17.469999313354492,16.799999237060547,16.8799991607666,14.492838859558105,12200
2013-12-11,16.790000915527344,16.790000915527344,16.110000610351562,16.170000076293945,13.883245468139648,20200
2013-12-12,16.229999542236328,16.5,16.15999984741211,16.170000076293945,13.883245468139648,10600
2013-12-13,16.25,16.25,16.020000457763672,16.030000686645508,13.763044357299805,14500
2013-12-16,16.149999618530273,16.200000762939453,15.920000076293945,16.170000076293945,13.883245468139648,16300
2013-12-17,15.880000114440918,16.18000030517578,15.880000114440918,16.110000610351562,13.831732749938965,4600
2013-12-18,16.18000030517578,16.209999084472656,16.010000228881836,16.209999084472656,13.917588233947754,16600
2013-12-19,16.200000762939453,16.399999618530273,15.920000076293945,15.949999809265137,13.694358825683594,18200
2013-12-20,16.040000915527344,16.81999969482422,16.010000228881836,16.709999084472656,14.346879005432129,68600
2013-12-23,16.670000076293945,16.959999084472656,16.280000686645508,16.790000915527344,14.415567398071289,19500
2013-12-24,16.899999618530273,16.950000762939453,16.899999618530273,16.950000762939453,14.552940368652344,13600
2013-12-26,16.559999465942383,16.770000457763672,16.420000076293945,16.6299991607666,14.278191566467285,14400
2013-12-27,16.690000534057617,16.700000762939453,16.329999923706055,16.5,14.166579246520996,15400
2013-12-30,16.649999618530273,16.649999618530273,16.09000015258789,16.43000030517578,14.106477737426758,12500
2013-12-31,16.450000762939453,16.65999984741211,16.040000915527344,16.09000015258789,13.814559936523438,12400
2014-01-02,16.06999969482422,16.06999969482422,15.720000267028809,15.899999618530273,13.65142822265625,16600
2014-01-03,15.899999618530273,16.0,15.550000190734863,15.930000305175781,13.677186012268066,40900
2014-01-06,16.059999465942383,16.209999084472656,15.699999809265137,15.729999542236328,13.50546932220459,10700
2014-01-07,15.770000457763672,16.219999313354492,15.770000457763672,16.219999313354492,13.926175117492676,7800
2014-01-08,16.239999771118164,16.31999969482422,15.5600004196167,16.170000076293945,13.883245468139648,23400
2014-01-09,16.270000457763672,16.540000915527344,16.1200008392334,16.399999618530273,14.080720901489258,25500
2014-01-10,16.549999237060547,16.81999969482422,16.549999237060547,16.739999771118164,14.372633934020996,17300
2014-01-13,16.700000762939453,16.760000228881836,16.0,16.68000030517578,14.321121215820312,20200
2014-01-14,16.719999313354492,16.940000534057617,16.31999969482422,16.350000381469727,14.037790298461914,12100
2014-01-15,16.729999542236328,16.729999542236328,16.5,16.6200008392334,14.269608497619629,8900
2014-01-16,16.399999618530273,16.5,16.25,16.329999923706055,14.020617485046387,11100
2014-01-17,16.360000610351562,16.6200008392334,16.200000762939453,16.200000762939453,13.909004211425781,7200
2014-01-21,16.200000762939453,16.56999969482422,16.190000534057617,16.56999969482422,14.226676940917969,11400
2014-01-22,16.579999923706055,17.0,16.579999923706055,16.639999389648438,14.286776542663574,10300
2014-01-23,16.610000610351562,16.65999984741211,16.200000762939453,16.209999084472656,13.917588233947754,8300
2014-01-24,16.190000534057617,16.190000534057617,15.850000381469727,15.970000267028809,13.711527824401855,15800
2014-01-27,16.0,16.950000762939453,16.0,16.8799991607666,14.492838859558105,34400
2014-01-28,16.799999237060547,16.979999542236328,16.5,16.920000076293945,14.596356391906738,37600
2014-01-29,16.809999465942383,16.940000534057617,16.6200008392334,16.65999984741211,14.372063636779785,22500
2014-01-30,16.770000457763672,16.899999618530273,16.329999923706055,16.43000030517578,14.173651695251465,36000
2014-01-31,16.079999923706055,16.200000762939453,15.789999961853027,15.850000381469727,13.67330265045166,19200
2014-02-03,15.869999885559082,16.18000030517578,14.859999656677246,15.15999984741211,13.0780611038208,30900
2014-02-04,15.619999885559082,15.619999885559082,14.970000267028809,15.1899995803833,13.103940963745117,21600
2014-02-05,15.069999694824219,15.079999923706055,14.949999809265137,15.010000228881836,12.948661804199219,14700
2014-02-06,15.020000457763672,15.220000267028809,15.020000457763672,15.069999694824219,13.000420570373535,18300
2014-02-07,15.15999984741211,15.15999984741211,14.859999656677246,15.050000190734863,12.98316764831543,19600
2014-02-10,15.09000015258789,15.3100004196167,14.930000305175781,15.229999542236328,13.138445854187012,19600
2014-02-11,15.0600004196167,15.670000076293945,15.0600004196167,15.550000190734863,13.414504051208496,9100
2014-02-12,15.640000343322754,15.699999809265137,15.229999542236328,15.550000190734863,13.414504051208496,18900
2014-02-13,15.470000267028809,16.0,15.390000343322754,15.9399995803833,13.750941276550293,19800
2014-02-14,15.970000267028809,16.110000610351562,15.739999771118164,15.90999984741211,13.725062370300293,7000
2014-02-18,15.920000076293945,16.56999969482422,15.899999618530273,16.520000457763672,14.251293182373047,13000
2014-02-19,16.389999389648438,16.75,16.0,16.18000030517578,13.957982063293457,27600
2014-02-20,16.15999984741211,16.479999542236328,16.0,16.389999389648438,14.139142990112305,13500
2014-02-21,16.489999771118164,16.770000457763672,16.280000686645508,16.43000030517578,14.173651695251465,22400
2014-02-24,16.3799991607666,16.969999313354492,16.3799991607666,16.700000762939453,14.406573295593262,14400
2014-02-25,16.649999618530273,16.690000534057617,16.5,16.510000228881836,14.242664337158203,10400
2014-02-26,16.579999923706055,16.700000762939453,16.290000915527344,16.43000030517578,14.173651695251465,9800
2014-02-27,16.489999771118164,16.5,16.3700008392334,16.479999542236328,14.21678352355957,6600
2014-02-28,16.540000915527344,16.59000015258789,16.139999389648438,16.309999465942383,14.070130348205566,29000
2014-03-03,16.110000610351562,16.479999542236328,15.800000190734863,16.389999389648438,14.139142990112305,16500
2014-03-04,16.6299991607666,16.700000762939453,16.0,16.290000915527344,14.052875518798828,376100
2014-03-05,16.209999084472656,16.610000610351562,16.1200008392334,16.200000762939453,13.975236892700195,39000
2014-03-06,16.18000030517578,16.3799991607666,16.1299991607666,16.200000762939453,13.975236892700195,49400
2014-03-07,16.34000015258789,16.399999618530273,15.949999809265137,16.110000610351562,13.897598266601562,19500
2014-03-10,16.110000610351562,16.149999618530273,15.59000015258789,16.0,13.802700996398926,43400
2014-03-11,15.970000267028809,16.139999389648438,15.75,15.989999771118164,13.794075965881348,20100
2014-03-12,15.829999923706055,16.049999237060547,15.75,16.010000228881836,13.811328887939453,33500
2014-03-13,16.0,16.0,15.720000267028809,15.859999656677246,13.681931495666504,20100
2014-03-14,15.800000190734863,16.489999771118164,15.800000190734863,16.389999389648438,14.139142990112305,88800
2014-03-17,16.5,16.5,15.989999771118164,16.030000686645508,13.828582763671875,38200
2014-03-18,16.040000915527344,16.25,15.539999961853027,16.09000015258789,13.880342483520508,32600
2014-03-19,16.030000686645508,16.030000686645508,15.899999618530273,15.90999984741211,13.725062370300293,20400
2014-03-20,16.1299991607666,16.1299991607666,15.850000381469727,16.0,13.802700996398926,25300
2014-03-21,16.1200008392334,16.239999771118164,15.880000114440918,15.920000076293945,13.733691215515137,53100
2014-03-24,16.040000915527344,16.110000610351562,15.539999961853027,15.920000076293945,13.733691215515137,25800
2014-03-25,16.190000534057617,16.190000534057617,15.619999885559082,15.989999771118164,13.794075965881348,81000
2014-03-26,16.059999465942383,16.059999465942383,15.6899995803833,15.75,13.587035179138184,27200
2014-03-27,15.760000228881836,15.989999771118164,15.5,15.770000457763672,13.604289054870605,17200
2014-03-28,15.75,15.949999809265137,15.6899995803833,15.829999923706055,13.656049728393555,38600
2014-03-31,15.869999885559082,15.930000305175781,15.6899995803833,15.920000076293945,13.733691215515137,59700
2014-04-01,15.880000114440918,16.040000915527344,15.819999694824219,16.010000228881836,13.811328887939453,58900
2014-04-02,16.030000686645508,16.239999771118164,15.930000305175781,16.049999237060547,13.84583568572998,45000
2014-04-03,15.989999771118164,16.1299991607666,15.859999656677246,15.979999542236328,13.785447120666504,26500
2014-04-04,16.049999237060547,16.139999389648438,15.779999732971191,15.84000015258789,13.664676666259766,42500
2014-04-07,15.989999771118164,16.100000381469727,15.819999694824219,15.899999618530273,13.716435432434082,46200
2014-04-08,15.970000267028809,16.25,15.920000076293945,15.920000076293945,13.733691215515137,27800
2014-04-09,16.0,16.110000610351562,15.850000381469727,15.989999771118164,13.794075965881348,21700
2014-04-10,16.0,16.010000228881836,15.510000228881836,15.699999809265137,13.543901443481445,41100
2014-04-11,15.569999694824219,15.9399995803833,15.550000190734863,15.6899995803833,13.535276412963867,24100
2014-04-14,15.890000343322754,16.0,15.569999694824219,15.949999809265137,13.759570121765137,46700
2014-04-15,16.139999389648438,16.139999389648438,15.699999809265137,16.049999237060547,13.84583568572998,26500
2014-04-16,16.09000015258789,16.170000076293945,15.920000076293945,16.1200008392334,13.906224250793457,25400
2014-04-17,16.049999237060547,16.139999389648438,15.819999694824219,16.049999237060547,13.84583568572998,9400
2014-04-21,16.0,16.1200008392334,15.819999694824219,15.84000015258789,13.664676666259766,18000
2014-04-22,15.930000305175781,16.06999969482422,15.75,16.06999969482422,13.863092422485352,8500
2014-04-23,15.989999771118164,16.030000686645508,15.760000228881836,16.0,13.802700996398926,31500
2014-04-24,16.049999237060547,16.049999237060547,15.380000114440918,15.550000190734863,13.414504051208496,16600
2014-04-25,15.520000457763672,16.200000762939453,14.680000305175781,15.680000305175781,13.526647567749023,31100
2014-04-28,15.779999732971191,15.819999694824219,15.510000228881836,15.65999984741211,13.509394645690918,30100
2014-04-29,15.680000305175781,16.0,15.510000228881836,15.5600004196167,13.492053031921387,25500
2014-04-30,15.470000267028809,15.710000038146973,15.470000267028809,15.609999656677246,13.535406112670898,30400
2014-05-01,15.539999961853027,15.65999984741211,15.260000228881836,15.640000343322754,13.561421394348145,148500
2014-05-02,15.619999885559082,15.8100004196167,15.619999885559082,15.670000076293945,13.587433815002441,36600
2014-05-05,15.6899995803833,15.9399995803833,15.600000381469727,15.800000190734863,13.700160026550293,39200
2014-05-06,15.729999542236328,15.789999961853027,15.239999771118164,15.270000457763672,13.240595817565918,40700
2014-05-07,15.350000381469727,15.649999618530273,15.229999542236328,15.329999923706055,13.292620658874512,30600
2014-05-08,15.1899995803833,15.850000381469727,15.1899995803833,15.369999885559082,13.327301979064941,21200
2014-05-09,15.25,15.75,15.109999656677246,15.649999618530273,13.570091247558594,14200
2014-05-12,15.739999771118164,16.170000076293945,15.739999771118164,15.859999656677246,13.752182960510254,22500
2014-05-13,15.880000114440918,16.079999923706055,15.670000076293945,15.989999771118164,13.86490535736084,65700
2014-05-14,15.9399995803833,16.200000762939453,15.069999694824219,15.130000114440918,13.119200706481934,23200
2014-05-15,15.109999656677246,15.40999984741211,14.890000343322754,15.300000190734863,13.266607284545898,26300
2014-05-16,15.300000190734863,15.869999885559082,15.050000190734863,15.40999984741211,13.36198902130127,18700
2014-05-19,15.300000190734863,15.800000190734863,15.300000190734863,15.789999961853027,13.691485404968262,13600
2014-05-20,15.430000305175781,15.779999732971191,15.270000457763672,15.329999923706055,13.292620658874512,34900
2014-05-21,15.25,15.550000190734863,15.220000267028809,15.520000457763672,13.457369804382324,24300
2014-05-22,15.510000228881836,15.619999885559082,15.420000076293945,15.569999694824219,13.50072193145752,20300
2014-05-23,15.510000228881836,16.049999237060547,15.510000228881836,15.979999542236328,13.856232643127441,17500
2014-05-27,16.100000381469727,16.15999984741211,15.680000305175781,15.899999618530273,13.78686237335205,57700
2014-05-28,15.890000343322754,16.079999923706055,15.649999618530273,15.970000267028809,13.847563743591309,15100
2014-05-29,15.8100004196167,15.970000267028809,15.739999771118164,15.970000267028809,13.847563743591309,9900
2014-05-30,16.030000686645508,16.100000381469727,15.819999694824219,15.829999923706055,13.72616958618164,32400
2014-06-02,15.920000076293945,16.110000610351562,15.520000457763672,15.680000305175781,13.596104621887207,18100
2014-06-03,15.569999694824219,15.680000305175781,15.300000190734863,15.399999618530273,13.353318214416504,22900
2014-06-04,15.300000190734863,15.430000305175781,15.149999618530273,15.3100004196167,13.275279998779297,27000
2014-06-05,15.119999885559082,15.9399995803833,15.119999885559082,15.890000343322754,13.77819538116455,18600
2014-06-06,16.0,16.100000381469727,15.850000381469727,15.890000343322754,13.77819538116455,29800
2014-06-09,15.9399995803833,16.25,15.9399995803833,16.18000030517578,14.029653549194336,19200
2014-06-10,16.049999237060547,16.149999618530273,15.760000228881836,15.989999771118164,13.86490535736084,22900
2014-06-11,15.739999771118164,16.0,15.479999542236328,15.5600004196167,13.492053031921387,11100
2014-06-12,15.5600004196167,15.84000015258789,15.279999732971191,15.34000015258789,13.301291465759277,13500
2014-06-13,15.449999809265137,15.539999961853027,15.119999885559082,15.270000457763672,13.240595817565918,19200
2014-06-16,15.25,15.539999961853027,15.149999618530273,15.350000381469727,13.30996322631836,17200
2014-06-17,15.229999542236328,15.829999923706055,15.229999542236328,15.569999694824219,13.50072193145752,20500
2014-06-18,15.710000038146973,15.710000038146973,15.170000076293945,15.4399995803833,13.388002395629883,7700
2014-06-19,15.449999809265137,15.489999771118164,15.300000190734863,15.300000190734863,13.266607284545898,6600
2014-06-20,15.420000076293945,15.8100004196167,15.3100004196167,15.600000381469727,13.526737213134766,65000
2014-06-23,15.550000190734863,15.670000076293945,15.300000190734863,15.470000267028809,13.414015769958496,11300
2014-06-24,15.5600004196167,15.8100004196167,15.210000038146973,15.239999771118164,13.214581489562988,19400
2014-06-25,15.25,15.6899995803833,15.149999618530273,15.649999618530273,13.570091247558594,16800
2014-06-26,15.720000267028809,15.819999694824219,15.479999542236328,15.569999694824219,13.50072193145752,8700
2014-06-27,15.430000305175781,15.779999732971191,15.430000305175781,15.640000343322754,13.561421394348145,94900
2014-06-30,15.630000114440918,15.880000114440918,15.40999984741211,15.800000190734863,13.700160026550293,12100
2014-07-01,15.850000381469727,16.479999542236328,15.65999984741211,16.25,14.090353012084961,37200
2014-07-02,16.280000686645508,16.3700008392334,15.609999656677246,16.0,13.873575210571289,16500
2014-07-03,16.1299991607666,16.329999923706055,16.1299991607666,16.229999542236328,14.073009490966797,5900
2014-07-07,16.200000762939453,16.309999465942383,15.770000457763672,15.770000457763672,13.67414379119873,17500
2014-07-08,15.819999694824219,15.819999694824219,15.579999923706055,15.59000015258789,13.518067359924316,13600
2014-07-09,15.699999809265137,15.729999542236328,15.5,15.569999694824219,13.50072193145752,6000
2014-07-10,15.460000038146973,15.789999961853027,15.4399995803833,15.65999984741211,13.578764915466309,23500
2014-07-11,15.600000381469727,15.739999771118164,15.5,15.579999923706055,13.509392738342285,8100
2014-07-14,15.779999732971191,15.819999694824219,15.380000114440918,15.539999961853027,13.474711418151855,37200
2014-07-15,15.470000267028809,15.65999984741211,15.260000228881836,15.3100004196167,13.275279998779297,26300
2014-07-16,15.449999809265137,15.59000015258789,15.149999618530273,15.270000457763672,13.240595817565918,26800
2014-07-17,15.319999694824219,15.5,14.65999984741211,14.979999542236328,12.9891357421875,43500
2014-07-18,14.930000305175781,15.479999542236328,14.899999618530273,15.380000114440918,13.335973739624023,41500
2014-07-21,15.5,16.1200008392334,15.050000190734863,15.369999885559082,13.327301979064941,12500
2014-07-22,15.430000305175781,15.9399995803833,15.289999961853027,15.520000457763672,13.457369804382324,14500
2014-07-23,15.600000381469727,15.770000457763672,15.470000267028809,15.680000305175781,13.596104621887207,25000
2014-07-24,15.670000076293945,15.800000190734863,15.510000228881836,15.59000015258789,13.518067359924316,16000
2014-07-25,15.600000381469727,15.880000114440918,15.470000267028809,15.550000190734863,13.483384132385254,18800
2014-07-28,15.569999694824219,15.930000305175781,15.479999542236328,15.760000228881836,13.665472030639648,18600
2014-07-29,15.779999732971191,15.84000015258789,15.600000381469727,15.779999732971191,13.761401176452637,11300
2014-07-30,15.9399995803833,15.960000038146973,15.779999732971191,15.960000038146973,13.918374061584473,12200
2014-07-31,15.720000267028809,15.890000343322754,15.720000267028809,15.800000190734863,13.778846740722656,42800
2014-08-01,15.869999885559082,15.9399995803833,15.460000038146973,15.619999885559082,13.621869087219238,21400
2014-08-04,15.739999771118164,15.739999771118164,15.380000114440918,15.649999618530273,13.648030281066895,14800
2014-08-05,15.520000457763672,15.649999618530273,15.4399995803833,15.569999694824219,13.578263282775879,12700
2014-08-06,15.5,15.600000381469727,15.5,15.59000015258789,13.595706939697266,18600
2014-08-07,15.579999923706055,15.6899995803833,15.420000076293945,15.579999923706055,13.586983680725098,13400
2014-08-08,15.670000076293945,16.0,15.670000076293945,15.890000343322754,13.857329368591309,19700
2014-08-11,16.040000915527344,16.18000030517578,15.989999771118164,16.09000015258789,14.031744003295898,34100
2014-08-12,15.960000038146973,16.049999237060547,15.920000076293945,15.949999809265137,13.90965461730957,16000
2014-08-13,15.949999809265137,16.149999618530273,15.949999809265137,16.0,13.953259468078613,17400
2014-08-14,16.059999465942383,16.100000381469727,15.949999809265137,16.0,13.953259468078613,9600
2014-08-15,16.18000030517578,16.18000030517578,15.920000076293945,16.0,13.953259468078613,32000
2014-08-18,16.06999969482422,16.440000534057617,16.06999969482422,16.399999618530273,14.302090644836426,18000
2014-08-19,16.3799991607666,16.399999618530273,16.34000015258789,16.3799991607666,14.284648895263672,11000
2014-08-20,16.31999969482422,16.31999969482422,16.200000762939453,16.290000915527344,14.206162452697754,10200
2014-08-21,16.190000534057617,16.399999618530273,16.100000381469727,16.350000381469727,14.258487701416016,17900
2014-08-22,16.350000381469727,16.450000762939453,16.209999084472656,16.360000610351562,14.26720905303955,14100
2014-08-25,16.389999389648438,16.5,16.260000228881836,16.43000030517578,14.328254699707031,19700
2014-08-26,16.469999313354492,16.649999618530273,16.469999313354492,16.600000381469727,14.476505279541016,19500
2014-08-27,16.549999237060547,16.8700008392334,16.520000457763672,16.760000228881836,14.616042137145996,18500
2014-08-28,16.739999771118164,16.8700008392334,16.65999984741211,16.709999084472656,14.572436332702637,16400
2014-08-29,16.760000228881836,17.489999771118164,16.75,17.3700008392334,15.148005485534668,49700
2014-09-02,17.420000076293945,17.68000030517578,17.3799991607666,17.540000915527344,15.296260833740234,31700
2014-09-03,17.65999984741211,17.65999984741211,17.40999984741211,17.450000762939453,15.2177734375,11100
2014-09-04,17.450000762939453,17.610000610351562,17.360000610351562,17.450000762939453,15.2177734375,12100
2014-09-05,17.3700008392334,17.479999542236328,17.34000015258789,17.389999389648438,15.165447235107422,8700
2014-09-08,17.360000610351562,17.510000228881836,17.309999465942383,17.5,15.261378288269043,11500
2014-09-09,17.399999618530273,17.450000762939453,17.079999923706055,17.110000610351562,14.921268463134766,20000
2014-09-10,16.889999389648438,17.170000076293945,16.889999389648438,17.139999389648438,14.947429656982422,15400
2014-09-11,17.299999237060547,17.950000762939453,17.18000030517578,17.649999618530273,15.392189025878906,58100
2014-09-12,17.780000686645508,17.920000076293945,17.649999618530273,17.719999313354492,15.453235626220703,27800
2014-09-15,17.81999969482422,17.889999389648438,17.420000076293945,17.520000457763672,15.27882194519043,24200
2014-09-16,17.440000534057617,17.729999542236328,17.43000030517578,17.450000762939453,15.2177734375,22400
2014-09-17,17.690000534057617,17.850000381469727,17.420000076293945,17.559999465942383,15.313700675964355,32400
2014-09-18,17.690000534057617,17.850000381469727,17.420000076293945,17.790000915527344,15.514283180236816,21700
2014-09-19,17.84000015258789,17.899999618530273,17.549999237060547,17.600000381469727,15.348586082458496,32500
2014-09-22,17.510000228881836,17.700000762939453,17.3799991607666,17.579999923706055,15.331144332885742,26500
2014-09-23,17.56999969482422,17.639999389648438,17.229999542236328,17.450000762939453,15.2177734375,26200
2014-09-24,17.489999771118164,17.489999771118164,17.239999771118164,17.270000457763672,15.060797691345215,14900
2014-09-25,17.280000686645508,17.649999618530273,16.81999969482422,17.25,15.043356895446777,85400
2014-09-26,17.25,17.399999618530273,17.200000762939453,17.280000686645508,15.069522857666016,7500
2014-09-29,17.09000015258789,17.40999984741211,16.940000534057617,17.010000228881836,14.83405876159668,18600
2014-09-30,17.049999237060547,17.219999313354492,16.75,16.760000228881836,14.616042137145996,34800
2014-10-01,16.799999237060547,17.1299991607666,16.530000686645508,16.610000610351562,14.4852294921875,27700
2014-10-02,16.6200008392334,16.989999771118164,16.6200008392334,16.8700008392334,14.711970329284668,21000
2014-10-03,17.059999465942383,17.290000915527344,16.899999618530273,16.950000762939453,14.781731605529785,23000
2014-10-06,16.959999084472656,17.209999084472656,16.75,16.850000381469727,14.694525718688965,17200
2014-10-07,16.739999771118164,17.200000762939453,16.65999984741211,16.68000030517578,14.546272277832031,12000
2014-10-08,16.729999542236328,17.399999618530273,16.700000762939453,17.329999923706055,15.113122940063477,22600
2014-10-09,17.0,17.56999969482422,16.440000534057617,16.489999771118164,14.380577087402344,28900
2014-10-10,16.3799991607666,16.950000762939453,16.3799991607666,16.600000381469727,14.476505279541016,17700
2014-10-13,16.780000686645508,17.3799991607666,16.780000686645508,17.219999313354492,15.017192840576172,23700
2014-10-14,17.43000030517578,17.559999465942383,16.90999984741211,17.31999969482422,15.104402542114258,35800
2014-10-15,17.06999969482422,17.360000610351562,16.860000610351562,17.020000457763672,14.842782020568848,29300
2014-10-16,16.75,17.489999771118164,16.75,17.329999923706055,15.113122940063477,21000
2014-10-17,17.579999923706055,17.59000015258789,16.860000610351562,16.969999313354492,14.799173355102539,28700
2014-10-20,16.75,16.770000457763672,16.0,16.440000534057617,14.3369722366333,24900
2014-10-21,16.420000076293945,16.600000381469727,16.100000381469727,16.190000534057617,14.118955612182617,14100
2014-10-22,16.100000381469727,16.100000381469727,15.75,15.760000228881836,13.743961334228516,23000
2014-10-23,15.920000076293945,16.420000076293945,15.869999885559082,16.3799991607666,14.284648895263672,24000
2014-10-24,16.420000076293945,17.399999618530273,16.420000076293945,16.479999542236328,14.371855735778809,22900
2014-10-27,16.510000228881836,16.59000015258789,16.290000915527344,16.3700008392334,14.275930404663086,30200
2014-10-28,16.3700008392334,17.110000610351562,16.3700008392334,17.09000015258789,14.986215591430664,45400
2014-10-29,17.040000915527344,17.149999618530273,16.780000686645508,17.010000228881836,14.916065216064453,28100
2014-10-30,16.899999618530273,17.049999237060547,16.06999969482422,17.010000228881836,14.916065216064453,31600
2014-10-31,17.209999084472656,17.469999313354492,16.90999984741211,17.15999984741211,15.047597885131836,50900
2014-11-03,17.100000381469727,17.149999618530273,16.93000030517578,17.0,14.907299041748047,26300
2014-11-04,16.889999389648438,17.079999923706055,16.889999389648438,16.940000534057617,14.854681968688965,14200
2014-11-05,17.1200008392334,17.200000762939453,16.860000610351562,17.170000076293945,15.056366920471191,17700
2014-11-06,17.010000228881836,17.459999084472656,17.010000228881836,17.43000030517578,15.2843656539917,12100
2014-11-07,17.3799991607666,17.3799991607666,17.1200008392334,17.209999084472656,15.091444969177246,23800
2014-11-10,17.15999984741211,17.469999313354492,17.15999984741211,17.399999618530273,15.258057594299316,11900
2014-11-11,17.299999237060547,17.329999923706055,17.110000610351562,17.149999618530273,15.038826942443848,23400
2014-11-12,17.0,17.469999313354492,16.989999771118164,17.450000762939453,15.301902770996094,17000
2014-11-13,17.469999313354492,17.469999313354492,17.219999313354492,17.360000610351562,15.222980499267578,17500
2014-11-14,17.40999984741211,17.420000076293945,17.149999618530273,17.15999984741211,15.047597885131836,16300
2014-11-17,17.030000686645508,17.139999389648438,16.760000228881836,16.8700008392334,14.793301582336426,12300
2014-11-18,16.920000076293945,16.940000534057617,16.3700008392334,16.770000457763672,14.705609321594238,12700
2014-11-19,16.469999313354492,16.5,16.06999969482422,16.200000762939453,14.205774307250977,14900
2014-11-20,16.09000015258789,16.40999984741211,16.09000015258789,16.350000381469727,14.337311744689941,8400
2014-11-21,16.65999984741211,16.739999771118164,16.459999084472656,16.510000228881836,14.477612495422363,15300
2014-11-24,16.25,16.799999237060547,16.239999771118164,16.450000762939453,14.425002098083496,41600
2014-11-25,16.549999237060547,16.549999237060547,16.010000228881836,16.09000015258789,14.109314918518066,33800
2014-11-26,15.9399995803833,16.309999465942383,15.9399995803833,16.25,14.24962329864502,8200
2014-11-28,16.1299991607666,16.239999771118164,15.819999694824219,15.869999885559082,13.916396141052246,9200
2014-12-01,15.850000381469727,16.010000228881836,15.630000114440918,15.630000114440918,13.705942153930664,12500
2014-12-02,15.930000305175781,16.06999969482422,15.699999809265137,15.800000190734863,13.855020523071289,13500
2014-12-03,15.869999885559082,16.079999923706055,15.699999809265137,15.899999618530273,13.942703247070312,17600
2014-12-04,15.529999732971191,16.079999923706055,15.529999732971191,15.899999618530273,13.942703247070312,9700
2014-12-05,15.880000114440918,16.229999542236328,15.880000114440918,16.049999237060547,14.074240684509277,15800
2014-12-08,16.139999389648438,16.299999237060547,16.0,16.020000457763672,14.047935485839844,9200
2014-12-09,15.930000305175781,16.729999542236328,15.800000190734863,16.719999313354492,14.661761283874512,17800
2014-12-10,16.610000610351562,16.709999084472656,16.139999389648438,16.170000076293945,14.179471015930176,30900
2014-12-11,16.260000228881836,16.40999984741211,16.170000076293945,16.3799991607666,14.363618850708008,15300
2014-12-12,16.1200008392334,16.450000762939453,15.760000228881836,15.760000228881836,13.819941520690918,9800
2014-12-15,15.850000381469727,16.110000610351562,15.800000190734863,15.899999618530273,13.942703247070312,12600
2014-12-16,15.75,16.239999771118164,15.739999771118164,15.920000076293945,13.960246086120605,11100
2014-12-17,15.859999656677246,17.010000228881836,15.859999656677246,16.90999984741211,14.828377723693848,18400
2014-12-18,17.010000228881836,17.299999237060547,16.979999542236328,17.190000534057617,15.073907852172852,21200
2014-12-19,17.139999389648438,17.489999771118164,17.110000610351562,17.3700008392334,15.231746673583984,56100
2014-12-22,17.229999542236328,17.399999618530273,17.200000762939453,17.309999465942383,15.1791353225708,8200
2014-12-23,17.360000610351562,17.649999618530273,17.020000457763672,17.459999084472656,15.310667991638184,13600
2014-12-24,17.549999237060547,17.649999618530273,17.469999313354492,17.610000610351562,15.442206382751465,8000
2014-12-26,17.639999389648438,17.649999618530273,17.510000228881836,17.600000381469727,15.433436393737793,7500
2014-12-29,17.649999618530273,17.940000534057617,17.639999389648438,17.75,15.564974784851074,10900
2014-12-30,17.65999984741211,17.90999984741211,17.40999984741211,17.579999923706055,15.415900230407715,17200
2014-12-31,18.0,18.0,17.440000534057617,17.559999465942383,15.398360252380371,10300
2015-01-02,17.6200008392334,17.639999389648438,17.0,17.18000030517578,15.06513500213623,4700
2015-01-05,17.18000030517578,17.260000228881836,16.739999771118164,16.780000686645508,14.714380264282227,7700
2015-01-06,16.739999771118164,16.860000610351562,16.25,16.34000015258789,14.328542709350586,8700
2015-01-07,16.5,16.5,16.219999313354492,16.489999771118164,14.460076332092285,6700
2015-01-08,16.600000381469727,16.6200008392334,16.440000534057617,16.530000686645508,14.49515151977539,14600
2015-01-09,16.579999923706055,16.579999923706055,16.110000610351562,16.110000610351562,14.126856803894043,9400
2015-01-12,16.110000610351562,16.110000610351562,15.550000190734863,15.630000114440918,13.705942153930664,22600
2015-01-13,15.739999771118164,16.229999542236328,15.529999732971191,15.8100004196167,13.863785743713379,27200
2015-01-14,15.569999694824219,15.6899995803833,15.420000076293945,15.59000015258789,13.670866966247559,12100
2015-01-15,15.600000381469727,15.600000381469727,15.1899995803833,15.220000267028809,13.346414566040039,13500
2015-01-16,15.15999984741211,15.890000343322754,15.15999984741211,15.819999694824219,13.872553825378418,11400
2015-01-20,15.649999618530273,16.0,15.649999618530273,15.90999984741211,13.951475143432617,10000
2015-01-21,15.779999732971191,16.110000610351562,15.720000267028809,15.960000038146973,13.995318412780762,10800
2015-01-22,16.170000076293945,16.75,15.819999694824219,16.729999542236328,14.67053508758545,25800
2015-01-23,16.780000686645508,16.780000686645508,16.1299991607666,16.299999237060547,14.293464660644531,12400
2015-01-26,16.239999771118164,16.420000076293945,16.229999542236328,16.389999389648438,14.372386932373047,7600
2015-01-27,16.1299991607666,16.190000534057617,15.520000457763672,16.170000076293945,14.266514778137207,9100
2015-01-28,16.200000762939453,16.219999313354492,15.869999885559082,15.899999618530273,14.02829647064209,14700
2015-01-29,15.880000114440918,16.34000015258789,15.880000114440918,16.31999969482422,14.398855209350586,6400
2015-01-30,16.1299991607666,16.43000030517578,15.84000015258789,15.84000015258789,13.975360870361328,20700
2015-02-02,15.960000038146973,16.190000534057617,15.760000228881836,16.190000534057617,14.284160614013672,9800
2015-02-03,16.469999313354492,16.8700008392334,16.31999969482422,16.450000762939453,14.513553619384766,17000
2015-02-04,16.469999313354492,16.59000015258789,16.15999984741211,16.239999771118164,14.328274726867676,9800
2015-02-05,16.399999618530273,16.639999389648438,16.309999465942383,16.540000915527344,14.5929594039917,14100
2015-02-06,16.610000610351562,16.899999618530273,16.59000015258789,16.780000686645508,14.804708480834961,15600
2015-02-09,16.780000686645508,16.90999984741211,16.479999542236328,16.690000534057617,14.725302696228027,20500
2015-02-10,16.8799991607666,16.8799991607666,16.59000015258789,16.65999984741211,14.698830604553223,12200
2015-02-11,16.56999969482422,16.760000228881836,16.510000228881836,16.6200008392334,14.663542747497559,7600
2015-02-12,16.75,16.829999923706055,16.559999465942383,16.81999969482422,14.839996337890625,8400
2015-02-13,16.81999969482422,16.950000762939453,16.559999465942383,16.75,14.778234481811523,15700
2015-02-17,16.81999969482422,17.0,16.81999969482422,16.81999969482422,14.839996337890625,5700
2015-02-18,16.84000015258789,16.889999389648438,16.489999771118164,16.649999618530273,14.690009117126465,7800
2015-02-19,16.389999389648438,16.760000228881836,16.389999389648438,16.549999237060547,14.601780891418457,2100
2015-02-20,16.579999923706055,16.65999984741211,16.31999969482422,16.530000686645508,14.584136009216309,12700
2015-02-23,16.43000030517578,16.540000915527344,16.31999969482422,16.3700008392334,14.442971229553223,8700
2015-02-24,16.559999465942383,16.559999465942383,16.280000686645508,16.329999923706055,14.407678604125977,3800
2015-02-25,16.360000610351562,16.559999465942383,16.360000610351562,16.5,14.557665824890137,3100
2015-02-26,16.540000915527344,16.56999969482422,16.200000762939453,16.360000610351562,14.4341459274292,10700
2015-02-27,16.309999465942383,16.559999465942383,16.18000030517578,16.18000030517578,14.275334358215332,7700
2015-03-02,16.200000762939453,16.309999465942383,15.960000038146973,16.299999237060547,14.381210327148438,9200
2015-03-03,16.31999969482422,16.479999542236328,16.209999084472656,16.440000534057617,14.504728317260742,11400
2015-03-04,16.309999465942383,16.450000762939453,16.06999969482422,16.18000030517578,14.275334358215332,6400
2015-03-05,16.25,16.459999084472656,16.15999984741211,16.34000015258789,14.416502952575684,5400
2015-03-06,16.25,16.81999969482422,16.09000015258789,16.139999389648438,14.240041732788086,12000
2015-03-09,16.229999542236328,16.270000457763672,16.170000076293945,16.229999542236328,14.319449424743652,6400
2015-03-10,16.09000015258789,16.299999237060547,16.09000015258789,16.209999084472656,14.301804542541504,8100
2015-03-11,16.399999618530273,16.399999618530273,16.049999237060547,16.100000381469727,14.204755783081055,11300
2015-03-12,16.290000915527344,16.579999923706055,16.290000915527344,16.530000686645508,14.584136009216309,18000
2015-03-13,16.559999465942383,16.889999389648438,16.3799991607666,16.65999984741211,14.698830604553223,5400
2015-03-16,16.700000762939453,16.739999771118164,16.260000228881836,16.6200008392334,14.663542747497559,5700
2015-03-17,16.559999465942383,16.780000686645508,16.469999313354492,16.56999969482422,14.619428634643555,5800
2015-03-18,16.549999237060547,16.889999389648438,16.530000686645508,16.59000015258789,14.637072563171387,29300
2015-03-19,16.360000610351562,16.540000915527344,16.360000610351562,16.489999771118164,14.548846244812012,6400
2015-03-20,16.479999542236328,16.549999237060547,16.43000030517578,16.530000686645508,14.584136009216309,37100
2015-03-23,16.450000762939453,16.68000030517578,16.329999923706055,16.530000686645508,14.584136009216309,10400
2015-03-24,16.420000076293945,16.700000762939453,16.420000076293945,16.68000030517578,14.716480255126953,19100
2015-03-25,16.68000030517578,17.0,16.68000030517578,16.8799991607666,14.892934799194336,70100
2015-03-26,17.0,17.0,16.850000381469727,16.8799991607666,14.892934799194336,6600
2015-03-27,16.860000610351562,16.989999771118164,16.850000381469727,16.979999542236328,14.98116397857666,8800
2015-03-30,17.0,17.0,16.309999465942383,16.8799991607666,14.892934799194336,13100
2015-03-31,16.829999923706055,16.850000381469727,16.59000015258789,16.700000762939453,14.734124183654785,9200
2015-04-01,16.600000381469727,16.799999237060547,16.459999084472656,16.790000915527344,14.813531875610352,8700
2015-04-02,16.8799991607666,16.8799991607666,16.690000534057617,16.729999542236328,14.760591506958008,70300
2015-04-06,16.600000381469727,17.0,16.530000686645508,16.809999465942383,14.83117389678955,13300
2015-04-07,16.84000015258789,16.940000534057617,16.649999618530273,16.84000015258789,14.857641220092773,6700
2015-04-08,16.760000228881836,16.920000076293945,16.540000915527344,16.729999542236328,14.760591506958008,7400
2015-04-09,16.600000381469727,16.950000762939453,16.520000457763672,16.75,14.778234481811523,11700
2015-04-10,16.799999237060547,16.799999237060547,16.540000915527344,16.6299991607666,14.672361373901367,8600
2015-04-13,16.809999465942383,16.809999465942383,16.579999923706055,16.690000534057617,14.725302696228027,9400
2015-04-14,16.520000457763672,16.729999542236328,16.5,16.690000534057617,14.725302696228027,9800
2015-04-15,16.81999969482422,16.81999969482422,16.459999084472656,16.729999542236328,14.760591506958008,24800
2015-04-16,16.600000381469727,16.780000686645508,16.600000381469727,16.690000534057617,14.725302696228027,4000
2015-04-17,16.540000915527344,16.649999618530273,16.15999984741211,16.290000915527344,14.37238883972168,17100
2015-04-20,16.34000015258789,16.68000030517578,16.299999237060547,16.579999923706055,14.628250122070312,8800
2015-04-21,16.639999389648438,16.780000686645508,16.399999618530273,16.420000076293945,14.487085342407227,11400
2015-04-22,16.270000457763672,16.739999771118164,16.270000457763672,16.579999923706055,14.628250122070312,29000
2015-04-23,16.610000610351562,16.610000610351562,16.450000762939453,16.549999237060547,14.601780891418457,3400
2015-04-24,16.56999969482422,16.59000015258789,16.3799991607666,16.520000457763672,14.575315475463867,21800
2015-04-27,16.68000030517578,16.68000030517578,16.34000015258789,16.59000015258789,14.637072563171387,34100
2015-04-28,16.030000686645508,16.760000228881836,16.030000686645508,16.65999984741211,14.78796672821045,18300
2015-04-29,16.399999618530273,16.809999465942383,16.399999618530273,16.639999389648438,14.770216941833496,14400
2015-04-30,16.600000381469727,16.6200008392334,16.170000076293945,16.3799991607666,14.53943157196045,33000
2015-05-01,16.510000228881836,16.6299991607666,16.239999771118164,16.420000076293945,14.574936866760254,29700
2015-05-04,16.549999237060547,16.639999389648438,16.420000076293945,16.510000228881836,14.654825210571289,13100
2015-05-05,16.690000534057617,17.200000762939453,16.6200008392334,16.760000228881836,14.876733779907227,91800
2015-05-06,16.829999923706055,16.959999084472656,16.639999389648438,16.81999969482422,14.929991722106934,15100
2015-05-07,16.81999969482422,16.889999389648438,16.6299991607666,16.850000381469727,14.956621170043945,24500
2015-05-08,17.030000686645508,17.030000686645508,16.809999465942383,16.889999389648438,14.992122650146484,12800
2015-05-11,16.959999084472656,17.139999389648438,16.829999923706055,16.920000076293945,15.018753051757812,11800
2015-05-12,16.899999618530273,16.979999542236328,16.729999542236328,16.809999465942383,14.921114921569824,13000
2015-05-13,16.860000610351562,17.100000381469727,16.790000915527344,16.889999389648438,14.992122650146484,18100
2015-05-14,16.950000762939453,16.950000762939453,16.729999542236328,16.8700008392334,14.974371910095215,26200
2015-05-15,16.889999389648438,16.969999313354492,16.729999542236328,16.809999465942383,14.921114921569824,15400
2015-05-18,16.8799991607666,17.049999237060547,16.739999771118164,16.860000610351562,14.965497970581055,26300
2015-05-19,16.84000015258789,17.100000381469727,16.84000015258789,17.0,15.089766502380371,12000
2015-05-20,17.030000686645508,17.030000686645508,16.8700008392334,16.93000030517578,15.027631759643555,8900
2015-05-21,16.850000381469727,17.049999237060547,16.829999923706055,16.90999984741211,15.009878158569336,16000
2015-05-22,16.860000610351562,17.0,16.809999465942383,16.829999923706055,14.93886661529541,35900
2015-05-26,16.889999389648438,17.040000915527344,16.799999237060547,16.850000381469727,14.956621170043945,47300
2015-05-27,16.959999084472656,17.030000686645508,16.889999389648438,16.989999771118164,15.080886840820312,11500
2015-05-28,16.979999542236328,16.979999542236328,16.860000610351562,16.920000076293945,15.018753051757812,13800
2015-05-29,16.969999313354492,17.209999084472656,16.799999237060547,16.860000610351562,14.965497970581055,12200
2015-06-01,17.059999465942383,17.059999465942383,16.6299991607666,16.700000762939453,14.823473930358887,23300
2015-06-02,16.579999923706055,16.989999771118164,16.579999923706055,16.959999084472656,15.054255485534668,12700
2015-06-03,17.020000457763672,17.200000762939453,16.950000762939453,17.100000381469727,15.178525924682617,22400
2015-06-04,17.020000457763672,17.1200008392334,16.860000610351562,16.860000610351562,14.965497970581055,10900
2015-06-05,16.920000076293945,17.209999084472656,16.860000610351562,17.059999465942383,15.143016815185547,58700
2015-06-08,17.09000015258789,17.3799991607666,17.079999923706055,17.149999618530273,15.222908020019531,61900
2015-06-09,17.079999923706055,17.25,17.079999923706055,17.15999984741211,15.231785774230957,38700
2015-06-10,17.059999465942383,17.420000076293945,17.059999465942383,17.209999084472656,15.276165008544922,38800
2015-06-11,17.290000915527344,17.290000915527344,17.1200008392334,17.149999618530273,15.222908020019531,17800
2015-06-12,17.100000381469727,17.200000762939453,16.8700008392334,16.889999389648438,14.992122650146484,31400
2015-06-15,16.860000610351562,17.020000457763672,16.709999084472656,16.739999771118164,14.858979225158691,60200
2015-06-16,16.649999618530273,16.829999923706055,16.649999618530273,16.799999237060547,14.912235260009766,39900
2015-06-17,16.850000381469727,16.850000381469727,16.520000457763672,16.649999618530273,14.779088973999023,18500
2015-06-18,16.700000762939453,16.75,16.510000228881836,16.739999771118164,14.858979225158691,27000
2015-06-19,16.700000762939453,16.790000915527344,16.639999389648438,16.700000762939453,14.823473930358887,60400
2015-06-22,16.799999237060547,16.8700008392334,16.719999313354492,16.75,14.867854118347168,31900
2015-06-23,16.760000228881836,16.899999618530273,16.739999771118164,16.8700008392334,14.974371910095215,49700
2015-06-24,16.850000381469727,17.010000228881836,16.809999465942383,16.899999618530273,15.001002311706543,28000
2015-06-25,16.979999542236328,17.219999313354492,16.860000610351562,17.200000762939453,15.267293930053711,29500
2015-06-26,17.1299991607666,17.3799991607666,17.110000610351562,17.3799991607666,15.427066802978516,157600
2015-06-29,17.260000228881836,17.399999618530273,16.790000915527344,17.110000610351562,15.187402725219727,28000
2015-06-30,17.31999969482422,17.31999969482422,17.059999465942383,17.309999465942383,15.364931106567383,21000
2015-07-01,17.479999542236328,17.5,17.18000030517578,17.25,15.311674118041992,26800
2015-07-02,17.18000030517578,17.18000030517578,16.780000686645508,16.90999984741211,15.009878158569336,31800
2015-07-06,16.799999237060547,17.219999313354492,16.799999237060547,17.079999923706055,15.160775184631348,26800
2015-07-07,16.979999542236328,17.020000457763672,16.610000610351562,16.829999923706055,14.93886661529541,23700
2015-07-08,16.729999542236328,16.790000915527344,16.639999389648438,16.719999313354492,14.841228485107422,34000
2015-07-09,16.950000762939453,17.020000457763672,16.700000762939453,16.790000915527344,14.903364181518555,10600
2015-07-10,16.899999618530273,17.09000015258789,16.829999923706055,17.040000915527344,15.125269889831543,13900
2015-07-13,17.110000610351562,17.219999313354492,17.010000228881836,17.219999313354492,15.285043716430664,9500
2015-07-14,17.190000534057617,17.3799991607666,17.18000030517578,17.350000381469727,15.400436401367188,12100
2015-07-15,17.3799991607666,17.479999542236328,17.25,17.290000915527344,15.347179412841797,10900
2015-07-16,17.399999618530273,17.700000762939453,17.3799991607666,17.610000610351562,15.631223678588867,12400
2015-07-17,17.56999969482422,17.860000610351562,17.479999542236328,17.690000534057617,15.702230453491211,15500
2015-07-20,17.889999389648438,18.100000381469727,17.450000762939453,18.010000228881836,15.986276626586914,23800
2015-07-21,18.100000381469727,18.139999389648438,17.969999313354492,18.020000457763672,15.995147705078125,10000
2015-07-22,18.049999237060547,18.06999969482422,17.510000228881836,17.559999465942383,15.586838722229004,14800
2015-07-23,17.600000381469727,17.65999984741211,16.940000534057617,16.950000762939453,15.04538345336914,28100
2015-07-24,16.889999389648438,17.059999465942383,16.790000915527344,16.850000381469727,14.956621170043945,18100
2015-07-27,16.84000015258789,16.84000015258789,16.280000686645508,16.709999084472656,14.832353591918945,19900
2015-07-28,16.610000610351562,16.610000610351562,16.280000686645508,16.489999771118164,14.734064102172852,27500
2015-07-29,16.520000457763672,16.600000381469727,16.3700008392334,16.459999084472656,14.707256317138672,39100
2015-07-30,16.479999542236328,16.600000381469727,16.420000076293945,16.579999923706055,14.81447982788086,9400
2015-07-31,16.549999237060547,16.979999542236328,16.469999313354492,16.600000381469727,14.832353591918945,15300
2015-08-03,16.8700008392334,16.920000076293945,16.3700008392334,16.469999313354492,14.716195106506348,14000
2015-08-04,16.540000915527344,16.690000534057617,16.440000534057617,16.5,14.742997169494629,15800
2015-08-05,16.559999465942383,16.739999771118164,16.559999465942383,16.690000534057617,14.91276741027832,9900
2015-08-06,16.719999313354492,16.75,16.479999542236328,16.56999969482422,14.80554485321045,17700
2015-08-07,16.469999313354492,16.729999542236328,16.469999313354492,16.540000915527344,14.778741836547852,10400
2015-08-10,16.690000534057617,16.989999771118164,16.639999389648438,16.829999923706055,15.037858009338379,20200
2015-08-11,16.690000534057617,16.979999542236328,16.690000534057617,16.940000534057617,15.136147499084473,12700
2015-08-12,16.8700008392334,16.889999389648438,16.530000686645508,16.649999618530273,14.877026557922363,19100
2015-08-13,16.709999084472656,16.950000762939453,16.709999084472656,16.899999618530273,15.100404739379883,18400
2015-08-14,16.84000015258789,17.25,16.84000015258789,17.229999542236328,15.395267486572266,12500
2015-08-17,16.959999084472656,17.579999923706055,16.959999084472656,17.5,15.636513710021973,9000
2015-08-18,17.5,17.700000762939453,17.200000762939453,17.459999084472656,15.600770950317383,9700
2015-08-19,17.530000686645508,17.81999969482422,17.389999389648438,17.639999389648438,15.761605262756348,19900
2015-08-20,17.59000015258789,17.600000381469727,17.010000228881836,17.030000686645508,15.216560363769531,22600
2015-08-21,16.75,17.1200008392334,16.75,16.989999771118164,15.180822372436523,28600
2015-08-24,16.5,16.5,16.450000762939453,16.450000762939453,14.698326110839844,27200
2015-08-25,16.93000030517578,16.93000030517578,16.510000228881836,16.549999237060547,14.787672996520996,18400
2015-08-26,16.84000015258789,16.889999389648438,16.389999389648438,16.81999969482422,15.028924942016602,14900
2015-08-27,16.989999771118164,16.989999771118164,16.610000610351562,16.68000030517578,14.90383243560791,12900
2015-08-28,16.68000030517578,16.979999542236328,16.68000030517578,16.850000381469727,15.055728912353516,12900
2015-08-31,16.829999923706055,17.0,16.690000534057617,17.0,15.189759254455566,26400
2015-09-01,16.719999313354492,16.940000534057617,16.459999084472656,16.510000228881836,14.751935958862305,18800
2015-09-02,16.700000762939453,16.940000534057617,16.540000915527344,16.899999618530273,15.100404739379883,38500
2015-09-03,16.809999465942383,16.989999771118164,16.799999237060547,16.84000015258789,15.046792984008789,14400
2015-09-04,16.700000762939453,16.989999771118164,16.510000228881836,16.559999465942383,14.796608924865723,7500
2015-09-08,16.770000457763672,16.889999389648438,16.6200008392334,16.790000915527344,15.002120971679688,17000
2015-09-09,16.90999984741211,16.90999984741211,16.40999984741211,16.520000457763672,14.760870933532715,38800
2015-09-10,16.520000457763672,16.59000015258789,16.43000030517578,16.520000457763672,14.760870933532715,10500
2015-09-11,16.40999984741211,16.489999771118164,16.360000610351562,16.489999771118164,14.734064102172852,23400
2015-09-14,16.489999771118164,16.489999771118164,15.949999809265137,16.3799991607666,14.635778427124023,7800
2015-09-15,16.329999923706055,16.459999084472656,16.329999923706055,16.399999618530273,14.653647422790527,16600
2015-09-16,16.389999389648438,16.709999084472656,16.25,16.68000030517578,14.90383243560791,19300
2015-09-17,16.639999389648438,16.940000534057617,16.549999237060547,16.610000610351562,14.84128475189209,17900
2015-09-18,16.3700008392334,16.420000076293945,16.110000610351562,16.25,14.519620895385742,36100
2015-09-21,16.3799991607666,16.3799991607666,16.270000457763672,16.290000915527344,14.555362701416016,11200
2015-09-22,16.1200008392334,16.690000534057617,16.1200008392334,16.549999237060547,14.787672996520996,15000
2015-09-23,16.520000457763672,16.729999542236328,16.520000457763672,16.649999618530273,14.877026557922363,10600
2015-09-24,16.540000915527344,16.969999313354492,16.40999984741211,16.6200008392334,14.850224494934082,25200
2015-09-25,16.770000457763672,16.770000457763672,16.309999465942383,16.389999389648438,14.6447114944458,12300
2015-09-28,16.299999237060547,16.350000381469727,15.949999809265137,15.960000038146973,14.26050090789795,29300
2015-09-29,16.0,16.06999969482422,15.800000190734863,15.890000343322754,14.197955131530762,7900
2015-09-30,15.960000038146973,16.100000381469727,15.899999618530273,15.960000038146973,14.26050090789795,28200
2015-10-01,16.0,16.100000381469727,15.899999618530273,16.010000228881836,14.305176734924316,16100
2015-10-02,15.850000381469727,15.970000267028809,15.5,15.920000076293945,14.224761009216309,22300
2015-10-05,15.949999809265137,16.450000762939453,15.680000305175781,16.420000076293945,14.671517372131348,11600
2015-10-06,16.309999465942383,16.6200008392334,16.18000030517578,16.3799991607666,14.635778427124023,30900
2015-10-07,16.5,16.760000228881836,16.479999542236328,16.709999084472656,14.930636405944824,18100
2015-10-08,16.729999542236328,16.969999313354492,16.530000686645508,16.649999618530273,14.877026557922363,42700
2015-10-09,16.6200008392334,16.709999084472656,16.469999313354492,16.579999923706055,14.81447982788086,13400
2015-10-12,16.6200008392334,16.6200008392334,16.200000762939453,16.290000915527344,14.555362701416016,19200
2015-10-13,16.290000915527344,16.459999084472656,16.149999618530273,16.149999618530273,14.430269241333008,9100
2015-10-14,15.90999984741211,16.15999984741211,15.770000457763672,15.829999923706055,14.144344329833984,8700
2015-10-15,15.920000076293945,16.540000915527344,15.779999732971191,16.420000076293945,14.671517372131348,18000
2015-10-16,16.5,16.5,16.059999465942383,16.40999984741211,14.662580490112305,11300
2015-10-19,16.610000610351562,16.809999465942383,16.059999465942383,16.700000762939453,14.921703338623047,28900
2015-10-20,16.399999618530273,16.899999618530273,16.260000228881836,16.610000610351562,14.84128475189209,11400
2015-10-21,16.670000076293945,16.670000076293945,16.1200008392334,16.1299991607666,14.412399291992188,7700
2015-10-22,16.329999923706055,16.59000015258789,16.290000915527344,16.479999542236328,14.725131034851074,13800
2015-10-23,16.479999542236328,16.780000686645508,16.479999542236328,16.700000762939453,14.921703338623047,21000
2015-10-26,16.610000610351562,16.90999984741211,15.760000228881836,16.899999618530273,15.100404739379883,22200
2015-10-27,16.799999237060547,16.799999237060547,15.960000038146973,15.960000038146973,14.353927612304688,26500
2015-10-28,16.020000457763672,16.790000915527344,15.800000190734863,16.739999771118164,15.055437088012695,33100
2015-10-29,16.739999771118164,16.850000381469727,16.43000030517578,16.739999771118164,15.055437088012695,11700
2015-10-30,16.790000915527344,16.790000915527344,16.100000381469727,16.209999084472656,14.57877254486084,28300
2015-11-02,16.25,16.59000015258789,16.25,16.540000915527344,14.87556266784668,8500
2015-11-03,16.540000915527344,16.709999084472656,16.440000534057617,16.5,14.839587211608887,10400
2015-11-04,16.690000534057617,16.780000686645508,16.5,16.639999389648438,14.965499877929688,12700
2015-11-05,16.639999389648438,16.850000381469727,16.56999969482422,16.84000015258789,15.145376205444336,13700
2015-11-06,17.020000457763672,17.530000686645508,17.020000457763672,17.450000762939453,15.693989753723145,24500
2015-11-09,17.399999618530273,17.5,17.3700008392334,17.450000762939453,15.693989753723145,12200
2015-11-10,17.399999618530273,17.399999618530273,17.18000030517578,17.25,15.51411247253418,7600
2015-11-11,17.3799991607666,17.5,17.3799991607666,17.440000534057617,15.684998512268066,17200
2015-11-12,17.329999923706055,17.329999923706055,16.989999771118164,17.040000915527344,15.325250625610352,8200
2015-11-13,16.940000534057617,17.43000030517578,16.920000076293945,17.270000457763672,15.532102584838867,12700
2015-11-16,17.309999465942383,17.3799991607666,17.200000762939453,17.3799991607666,15.631031036376953,8200
2015-11-17,17.3799991607666,17.459999084472656,17.079999923706055,17.209999084472656,15.47813892364502,24800
2015-11-18,17.25,17.360000610351562,17.0,17.299999237060547,15.55908203125,16000
2015-11-19,17.290000915527344,17.559999465942383,17.219999313354492,17.520000457763672,15.756943702697754,20400
2015-11-20,17.520000457763672,17.969999313354492,17.520000457763672,17.84000015258789,16.04474449157715,14300
2015-11-23,17.829999923706055,17.979999542236328,17.68000030517578,17.75,15.963801383972168,5800
2015-11-24,17.719999313354492,17.81999969482422,17.469999313354492,17.600000381469727,15.828890800476074,12800
2015-11-25,17.510000228881836,17.709999084472656,17.489999771118164,17.670000076293945,15.891851425170898,4100
2015-11-27,17.649999618530273,17.75,17.6299991607666,17.739999771118164,15.95480728149414,5700
2015-11-30,17.75,17.989999771118164,17.729999542236328,17.84000015258789,16.04474449157715,21800
2015-12-01,17.860000610351562,17.989999771118164,17.860000610351562,17.8700008392334,16.07172393798828,10300
2015-12-02,17.860000610351562,18.0,17.860000610351562,17.959999084472656,16.152664184570312,16700
2015-12-03,17.979999542236328,18.170000076293945,17.809999465942383,17.959999084472656,16.152664184570312,15700
2015-12-04,17.950000762939453,18.489999771118164,17.809999465942383,18.440000534057617,16.584365844726562,16900
2015-12-07,18.360000610351562,18.360000610351562,17.81999969482422,17.8799991607666,16.08071517944336,12300
2015-12-08,17.75,18.1200008392334,17.690000534057617,18.0,16.188642501831055,12900
2015-12-09,18.139999389648438,18.18000030517578,17.8799991607666,18.010000228881836,16.19763946533203,18700
2015-12-10,18.010000228881836,18.1299991607666,17.950000762939453,18.010000228881836,16.19763946533203,17000
2015-12-11,17.940000534057617,18.200000762939453,17.850000381469727,18.010000228881836,16.19763946533203,34100
2015-12-14,18.0,18.200000762939453,17.979999542236328,18.079999923706055,16.26059341430664,15700
2015-12-15,18.190000534057617,18.329999923706055,17.989999771118164,18.110000610351562,16.287574768066406,15800
2015-12-16,18.110000610351562,18.389999389648438,18.06999969482422,18.299999237060547,16.458452224731445,14400
2015-12-17,18.06999969482422,19.1299991607666,18.06999969482422,18.709999084472656,16.827198028564453,89900
2015-12-18,18.600000381469727,18.790000915527344,18.110000610351562,18.200000762939453,16.368513107299805,53100
2015-12-21,18.34000015258789,18.469999313354492,17.540000915527344,17.780000686645508,15.9907808303833,12300
2015-12-22,17.75,18.049999237060547,17.75,17.959999084472656,16.152664184570312,13100
2015-12-23,17.850000381469727,18.020000457763672,17.719999313354492,17.770000457763672,15.981788635253906,7200
2015-12-24,17.790000915527344,18.010000228881836,17.5,17.809999465942383,16.017759323120117,4800
2015-12-28,17.799999237060547,17.84000015258789,17.649999618530273,17.75,15.963801383972168,20000
2015-12-29,17.709999084472656,18.010000228881836,17.690000534057617,17.959999084472656,16.152664184570312,4600
2015-12-30,18.030000686645508,18.030000686645508,17.670000076293945,17.670000076293945,15.891851425170898,10200
2015-12-31,17.700000762939453,17.799999237060547,17.6200008392334,17.649999618530273,15.873860359191895,20500
2016-01-04,17.209999084472656,17.579999923706055,17.0,17.510000228881836,15.74795150756836,32100
2016-01-05,17.780000686645508,18.020000457763672,17.510000228881836,17.989999771118164,16.17965316772461,19600
2016-01-06,17.81999969482422,18.06999969482422,17.739999771118164,17.850000381469727,16.053741455078125,21800
2016-01-07,17.75,17.75,17.149999618530273,17.149999618530273,15.424179077148438,20300
2016-01-08,17.149999618530273,17.43000030517578,16.770000457763672,16.81999969482422,15.127385139465332,15000
2016-01-11,16.770000457763672,17.139999389648438,16.770000457763672,17.079999923706055,15.361221313476562,12100
2016-01-12,17.190000534057617,17.290000915527344,16.90999984741211,17.15999984741211,15.433170318603516,15800
2016-01-13,17.200000762939453,17.200000762939453,16.209999084472656,16.3799991607666,14.731663703918457,13500
2016-01-14,16.3799991607666,16.639999389648438,16.229999542236328,16.399999618530273,14.749650955200195,14500
2016-01-15,15.930000305175781,16.219999313354492,15.779999732971191,15.989999771118164,14.380911827087402,22600
2016-01-19,16.270000457763672,16.350000381469727,15.949999809265137,16.190000534057617,14.560784339904785,12800
2016-01-20,16.010000228881836,17.059999465942383,16.0,17.0,15.289277076721191,19400
2016-01-21,16.899999618530273,17.530000686645508,16.170000076293945,16.459999084472656,14.803609848022461,37300
2016-01-22,16.520000457763672,17.299999237060547,16.5,16.969999313354492,15.262290000915527,17200
2016-01-25,16.979999542236328,17.049999237060547,16.649999618530273,16.81999969482422,15.127385139465332,14300
2016-01-26,17.030000686645508,17.719999313354492,17.030000686645508,17.600000381469727,15.828890800476074,18500
2016-01-27,17.639999389648438,17.989999771118164,17.43000030517578,17.670000076293945,15.891851425170898,14600
2016-01-28,17.850000381469727,18.1299991607666,17.850000381469727,17.969999313354492,16.161657333374023,20300
2016-01-29,18.0,18.40999984741211,18.0,18.200000762939453,16.368513107299805,153200
2016-02-01,18.260000228881836,18.290000915527344,17.790000915527344,17.84000015258789,16.04474449157715,26800
2016-02-02,17.690000534057617,17.90999984741211,17.530000686645508,17.59000015258789,15.927037239074707,35300
2016-02-03,17.559999465942383,17.729999542236328,17.049999237060547,17.420000076293945,15.773106575012207,28700
2016-02-04,17.5,17.790000915527344,17.219999313354492,17.34000015258789,15.700668334960938,32600
2016-02-05,17.3700008392334,17.450000762939453,16.84000015258789,16.850000381469727,15.256993293762207,56100
2016-02-08,16.81999969482422,17.299999237060547,16.520000457763672,17.15999984741211,15.537686347961426,85100
2016-02-09,16.899999618530273,17.139999389648438,16.770000457763672,16.979999542236328,15.374702453613281,27300
2016-02-10,17.170000076293945,17.239999771118164,16.889999389648438,16.93000030517578,15.329427719116211,32400
2016-02-11,16.649999618530273,17.329999923706055,16.649999618530273,17.200000762939453,15.573905944824219,14200
2016-02-12,17.469999313354492,17.520000457763672,17.190000534057617,17.459999084472656,15.809320449829102,26900
2016-02-16,17.31999969482422,17.639999389648438,17.149999618530273,17.25,15.619174003601074,66500
2016-02-17,17.31999969482422,17.40999984741211,17.18000030517578,17.280000686645508,15.646341323852539,47000
2016-02-18,17.360000610351562,17.469999313354492,17.18000030517578,17.25,15.619174003601074,21800
2016-02-19,17.25,17.770000457763672,17.25,17.299999237060547,15.664447784423828,71400
2016-02-22,17.579999923706055,19.049999237060547,17.579999923706055,17.770000457763672,16.09001350402832,65400
2016-02-23,17.790000915527344,18.3799991607666,17.469999313354492,17.610000610351562,15.945141792297363,50700
2016-02-24,17.510000228881836,18.399999618530273,17.399999618530273,18.389999389648438,16.651399612426758,29000
2016-02-25,18.360000610351562,18.8799991607666,18.299999237060547,18.3700008392334,16.63329315185547,112000
2016-02-26,18.459999084472656,18.8799991607666,18.459999084472656,18.75,16.977367401123047,42100
2016-02-29,18.56999969482422,18.950000762939453,17.860000610351562,18.770000457763672,16.995473861694336,54900
2016-03-01,18.950000762939453,19.170000076293945,18.329999923706055,19.170000076293945,17.3576602935791,75500
2016-03-02,19.020000457763672,19.690000534057617,18.979999542236328,19.670000076293945,17.81039047241211,65800
2016-03-03,19.610000610351562,20.399999618530273,19.059999465942383,19.360000610351562,17.52969741821289,41500
2016-03-04,19.329999923706055,21.700000762939453,19.329999923706055,19.420000076293945,17.584020614624023,49800
2016-03-07,19.34000015258789,19.809999465942383,18.84000015258789,19.5,17.65645980834961,46800
2016-03-08,19.450000762939453,19.6299991607666,19.270000457763672,19.350000381469727,17.520645141601562,46800
2016-03-09,19.5,19.549999237060547,19.200000762939453,19.3799991607666,17.547805786132812,12800
2016-03-10,19.350000381469727,19.510000228881836,18.579999923706055,18.829999923706055,17.049802780151367,27000
2016-03-11,18.8700008392334,19.299999237060547,18.709999084472656,19.25,17.430091857910156,24000
2016-03-14,19.010000228881836,19.139999389648438,18.760000228881836,19.030000686645508,17.23089599609375,25800
2016-03-15,18.850000381469727,19.079999923706055,18.809999465942383,18.829999923706055,17.049802780151367,15200
2016-03-16,18.690000534057617,19.049999237060547,18.309999465942383,18.649999618530273,16.886821746826172,23300
2016-03-17,18.65999984741211,18.90999984741211,18.489999771118164,18.760000228881836,16.986417770385742,19500
2016-03-18,18.899999618530273,19.399999618530273,18.510000228881836,19.079999923706055,17.276172637939453,60700
2016-03-21,19.149999618530273,19.170000076293945,18.700000762939453,18.770000457763672,16.995473861694336,41000
2016-03-22,18.700000762939453,18.780000686645508,18.56999969482422,18.6200008392334,16.85965919494629,12800
2016-03-23,18.520000457763672,18.84000015258789,18.040000915527344,18.079999923706055,16.370710372924805,35700
2016-03-24,17.989999771118164,18.020000457763672,17.65999984741211,17.75,16.07190704345703,83800
2016-03-28,17.850000381469727,18.200000762939453,17.6299991607666,17.790000915527344,16.108123779296875,72700
2016-03-29,17.84000015258789,17.989999771118164,17.700000762939453,17.850000381469727,16.162452697753906,98100
2016-03-30,17.81999969482422,18.31999969482422,17.81999969482422,18.239999771118164,16.515581130981445,62200
2016-03-31,18.239999771118164,18.399999618530273,18.1200008392334,18.149999618530273,16.4340877532959,73400
2016-04-01,18.110000610351562,18.200000762939453,17.899999618530273,17.950000762939453,16.252994537353516,81600
2016-04-04,18.049999237060547,18.329999923706055,17.770000457763672,17.940000534057617,16.24394989013672,87900
2016-04-05,17.8799991607666,18.0,17.65999984741211,17.670000076293945,15.999470710754395,18600
2016-04-06,17.670000076293945,17.670000076293945,17.219999313354492,17.440000534057617,15.791216850280762,22000
2016-04-07,17.239999771118164,17.68000030517578,16.950000762939453,17.100000381469727,15.483359336853027,27900
2016-04-08,17.170000076293945,17.450000762939453,16.899999618530273,17.059999465942383,15.447138786315918,20800
2016-04-11,16.989999771118164,17.530000686645508,16.940000534057617,17.010000228881836,15.40186595916748,26100
2016-04-12,16.979999542236328,17.600000381469727,16.979999542236328,17.489999771118164,15.836487770080566,19600
2016-04-13,17.530000686645508,18.3799991607666,17.0,18.100000381469727,16.388818740844727,29300
2016-04-14,17.950000762939453,18.219999313354492,17.81999969482422,18.0,16.298274993896484,59100
2016-04-15,17.860000610351562,18.610000610351562,17.700000762939453,18.3799991607666,16.642345428466797,31200
2016-04-18,18.049999237060547,18.579999923706055,18.049999237060547,18.389999389648438,16.651399612426758,41900
2016-04-19,18.280000686645508,18.489999771118164,18.110000610351562,18.40999984741211,16.669509887695312,52900
2016-04-20,18.670000076293945,19.049999237060547,18.600000381469727,18.649999618530273,16.886821746826172,50700
2016-04-21,18.729999542236328,18.760000228881836,18.420000076293945,18.469999313354492,16.723838806152344,80400
2016-04-22,18.520000457763672,18.75,18.43000030517578,18.719999313354492,16.9502010345459,35800
2016-04-25,18.149999618530273,18.969999313354492,18.149999618530273,18.399999618530273,16.66045379638672,20700
2016-04-26,18.270000457763672,18.270000457763672,17.920000076293945,18.18000030517578,16.46125602722168,42100
2016-04-27,18.139999389648438,18.209999084472656,17.709999084472656,17.790000915527344,16.108123779296875,51900
2016-04-28,17.729999542236328,17.75,17.110000610351562,17.639999389648438,15.972301483154297,66700
2016-04-29,17.510000228881836,17.84000015258789,17.25,17.610000610351562,15.945141792297363,55000
2016-05-02,17.719999313354492,17.899999618530273,16.899999618530273,17.1299991607666,15.510517120361328,71100
2016-05-03,17.049999237060547,17.049999237060547,16.549999237060547,16.56999969482422,15.109308242797852,90500
2016-05-04,16.5,16.790000915527344,16.290000915527344,16.5,15.045479774475098,115400
2016-05-05,16.520000457763672,16.84000015258789,16.5,16.649999618530273,15.182255744934082,47300
2016-05-06,16.549999237060547,16.989999771118164,16.43000030517578,16.75,15.273439407348633,42700
2016-05-09,16.829999923706055,17.290000915527344,16.690000534057617,16.799999237060547,15.319034576416016,32800
2016-05-10,16.889999389648438,17.25,16.770000457763672,17.18000030517578,15.665533065795898,30400
2016-05-11,17.09000015258789,18.719999313354492,16.920000076293945,17.010000228881836,15.510522842407227,29700
2016-05-12,17.079999923706055,17.200000762939453,16.799999237060547,17.18000030517578,15.665533065795898,17900
2016-05-13,17.170000076293945,17.170000076293945,16.850000381469727,16.90999984741211,15.419336318969727,20200
2016-05-16,17.020000457763672,17.290000915527344,16.940000534057617,17.149999618530273,15.638179779052734,20400
2016-05-17,16.950000762939453,17.100000381469727,16.43000030517578,16.56999969482422,15.109308242797852,73000
2016-05-18,17.530000686645508,17.940000534057617,16.8799991607666,16.90999984741211,15.419336318969727,65700
2016-05-19,16.989999771118164,17.309999465942383,16.719999313354492,17.110000610351562,15.601706504821777,35600
2016-05-20,17.209999084472656,17.479999542236328,16.920000076293945,17.079999923706055,15.57435131072998,25900
2016-05-23,17.149999618530273,17.34000015258789,17.040000915527344,17.239999771118164,15.720248222351074,35800
2016-05-24,17.15999984741211,17.700000762939453,17.15999984741211,17.59000015258789,16.03939437866211,15400
2016-05-25,17.59000015258789,17.780000686645508,17.389999389648438,17.399999618530273,15.866138458251953,10000
2016-05-26,17.299999237060547,17.579999923706055,17.299999237060547,17.40999984741211,15.875258445739746,12100
2016-05-27,17.479999542236328,17.479999542236328,17.329999923706055,17.389999389648438,15.857025146484375,7500
2016-05-31,17.510000228881836,17.510000228881836,17.200000762939453,17.270000457763672,15.747602462768555,12100
2016-06-01,17.219999313354492,17.920000076293945,17.209999084472656,17.34000015258789,15.811431884765625,19300
2016-06-02,16.809999465942383,17.3799991607666,16.809999465942383,17.34000015258789,15.811431884765625,13400
2016-06-03,17.280000686645508,17.280000686645508,16.8700008392334,16.920000076293945,15.428457260131836,19900
2016-06-06,16.989999771118164,17.360000610351562,16.920000076293945,17.170000076293945,15.656418800354004,20700
2016-06-07,17.260000228881836,17.260000228881836,16.920000076293945,16.950000762939453,15.455814361572266,10400
2016-06-08,16.950000762939453,17.059999465942383,16.829999923706055,16.959999084472656,15.464927673339844,23200
2016-06-09,16.940000534057617,17.100000381469727,16.809999465942383,17.049999237060547,15.546995162963867,32600
2016-06-10,17.1200008392334,17.360000610351562,16.600000381469727,17.0,15.5014066696167,31200
2016-06-13,17.09000015258789,17.700000762939453,17.09000015258789,17.649999618530273,16.094104766845703,34800
2016-06-14,17.68000030517578,17.989999771118164,17.290000915527344,17.479999542236328,15.939087867736816,13600
2016-06-15,16.889999389648438,17.469999313354492,16.889999389648438,17.079999923706055,15.57435131072998,13500
2016-06-16,16.940000534057617,17.260000228881836,16.940000534057617,17.15999984741211,15.647297859191895,15100
2016-06-17,17.219999313354492,17.219999313354492,17.049999237060547,17.200000762939453,15.683775901794434,64700
2016-06-20,17.450000762939453,17.65999984741211,17.440000534057617,17.489999771118164,15.948210716247559,12900
2016-06-21,17.510000228881836,17.59000015258789,17.1299991607666,17.450000762939453,15.911736488342285,15300
2016-06-22,17.450000762939453,17.610000610351562,17.329999923706055,17.450000762939453,15.911736488342285,19400
2016-06-23,17.670000076293945,17.760000228881836,17.510000228881836,17.700000762939453,16.139694213867188,26400
2016-06-24,17.040000915527344,17.25,16.75,16.989999771118164,15.492283821105957,51300
2016-06-27,16.81999969482422,16.81999969482422,16.350000381469727,16.389999389648438,14.94517707824707,30400
2016-06-28,16.520000457763672,16.600000381469727,16.270000457763672,16.360000610351562,14.917821884155273,46600
2016-06-29,16.510000228881836,16.649999618530273,16.360000610351562,16.600000381469727,15.136665344238281,26400
2016-06-30,16.639999389648438,16.760000228881836,16.489999771118164,16.690000534057617,15.218730926513672,20200
2016-07-01,16.68000030517578,16.790000915527344,16.34000015258789,16.469999313354492,15.0181245803833,14500
2016-07-05,16.3799991607666,16.3799991607666,15.779999732971191,15.779999732971191,14.38895034790039,40900
2016-07-06,15.720000267028809,16.0,15.710000038146973,15.890000343322754,14.489253997802734,23300
2016-07-07,15.819999694824219,16.010000228881836,15.609999656677246,15.779999732971191,14.38895034790039,86500
2016-07-08,15.829999923706055,16.40999984741211,15.829999923706055,16.3799991607666,14.936056137084961,25400
2016-07-11,16.350000381469727,16.760000228881836,16.350000381469727,16.700000762939453,15.227849006652832,23900
2016-07-12,16.739999771118164,17.079999923706055,16.739999771118164,16.969999313354492,15.474044799804688,28500
2016-07-13,16.940000534057617,17.190000534057617,16.940000534057617,17.170000076293945,15.656418800354004,21600
2016-07-14,17.260000228881836,17.260000228881836,17.079999923706055,17.1200008392334,15.61082649230957,15400
2016-07-15,17.299999237060547,17.299999237060547,17.149999618530273,17.209999084472656,15.692886352539062,34900
2016-07-18,17.139999389648438,17.309999465942383,17.100000381469727,17.25,15.729361534118652,37100
2016-07-19,17.31999969482422,17.31999969482422,17.149999618530273,17.25,15.729361534118652,10300
2016-07-20,17.190000534057617,17.40999984741211,17.15999984741211,17.3700008392334,15.838789939880371,23000
2016-07-21,17.229999542236328,17.450000762939453,17.229999542236328,17.399999618530273,15.866138458251953,21900
2016-07-22,17.3799991607666,17.59000015258789,17.31999969482422,17.540000915527344,15.993806838989258,15200
2016-07-25,17.459999084472656,17.68000030517578,17.459999084472656,17.610000610351562,16.057632446289062,24600
2016-07-26,17.600000381469727,17.649999618530273,17.579999923706055,17.649999618530273,16.094104766845703,25300
2016-07-27,17.600000381469727,17.739999771118164,17.5,17.700000762939453,16.139694213867188,21700
2016-07-28,17.719999313354492,17.760000228881836,17.3700008392334,17.760000228881836,16.19441032409668,31900
2016-07-29,17.43000030517578,18.0,16.979999542236328,17.8799991607666,16.303831100463867,48400
2016-08-01,17.950000762939453,18.229999542236328,17.889999389648438,18.209999084472656,16.604738235473633,35200
2016-08-02,17.920000076293945,18.0,17.479999542236328,17.510000228881836,16.072359085083008,46300
2016-08-03,17.6299991607666,17.6299991607666,17.360000610351562,17.489999771118164,16.05400276184082,23100
2016-08-04,17.489999771118164,17.719999313354492,17.31999969482422,17.600000381469727,16.154966354370117,16900
2016-08-05,17.760000228881836,18.219999313354492,17.59000015258789,18.139999389648438,16.650632858276367,18000
2016-08-08,18.170000076293945,18.229999542236328,17.90999984741211,17.950000762939453,16.476232528686523,26100
2016-08-09,18.09000015258789,18.200000762939453,17.959999084472656,18.059999465942383,16.57720184326172,25200
2016-08-10,17.969999313354492,18.100000381469727,17.850000381469727,18.059999465942383,16.57720184326172,20600
2016-08-11,17.989999771118164,18.219999313354492,17.950000762939453,18.15999984741211,16.668989181518555,18500
2016-08-12,18.079999923706055,18.219999313354492,17.899999618530273,17.920000076293945,16.44869613647461,47800
2016-08-15,18.010000228881836,18.040000915527344,17.84000015258789,17.8799991607666,16.41197967529297,19400
2016-08-16,17.809999465942383,18.049999237060547,17.770000457763672,17.969999313354492,16.49458885192871,18300
2016-08-17,18.06999969482422,18.06999969482422,17.920000076293945,17.920000076293945,16.44869613647461,9600
2016-08-18,17.979999542236328,18.040000915527344,17.8700008392334,18.010000228881836,16.531309127807617,24100
2016-08-19,18.040000915527344,18.06999969482422,17.850000381469727,17.8799991607666,16.41197967529297,19800
2016-08-22,17.979999542236328,18.06999969482422,17.84000015258789,17.899999618530273,16.430339813232422,15900
2016-08-23,17.889999389648438,18.200000762939453,17.809999465942383,17.84000015258789,16.37526512145996,21500
2016-08-24,17.809999465942383,18.100000381469727,17.809999465942383,18.030000686645508,16.549663543701172,28000
2016-08-25,18.06999969482422,18.219999313354492,17.989999771118164,18.209999084472656,16.714887619018555,19000
2016-08-26,18.18000030517578,18.219999313354492,18.020000457763672,18.1299991607666,16.641450881958008,5900
2016-08-29,18.110000610351562,18.190000534057617,18.06999969482422,18.149999618530273,16.65981101989746,8300
2016-08-30,18.200000762939453,18.260000228881836,18.1200008392334,18.209999084472656,16.714887619018555,34800
2016-08-31,18.25,18.299999237060547,18.1200008392334,18.229999542236328,16.733240127563477,30100
2016-09-01,18.190000534057617,18.190000534057617,17.950000762939453,18.079999923706055,16.595561981201172,23100
2016-09-02,18.110000610351562,18.309999465942383,17.889999389648438,18.299999237060547,16.797494888305664,29300
2016-09-06,18.209999084472656,18.260000228881836,17.729999542236328,17.989999771118164,16.51295280456543,76100
2016-09-07,18.010000228881836,18.420000076293945,18.010000228881836,18.219999313354492,16.724063873291016,27300
2016-09-08,18.219999313354492,18.450000762939453,18.200000762939453,18.40999984741211,16.89846420288086,27000
2016-09-09,18.299999237060547,18.440000534057617,18.200000762939453,18.299999237060547,16.797494888305664,55900
2016-09-12,18.18000030517578,18.299999237060547,18.049999237060547,18.170000076293945,16.67816925048828,22000
2016-09-13,18.030000686645508,18.1200008392334,17.889999389648438,17.90999984741211,16.43951416015625,27300
2016-09-14,17.90999984741211,18.190000534057617,17.90999984741211,17.959999084472656,16.485414505004883,16500
2016-09-15,17.989999771118164,18.149999618530273,17.989999771118164,18.1299991607666,16.641450881958008,13000
2016-09-16,18.149999618530273,18.5,18.049999237060547,18.389999389648438,16.880107879638672,54800
2016-09-19,18.360000610351562,18.639999389648438,18.360000610351562,18.540000915527344,17.017791748046875,21300
2016-09-20,18.600000381469727,18.68000030517578,18.43000030517578,18.520000457763672,16.999435424804688,12800
2016-09-21,18.610000610351562,18.690000534057617,18.549999237060547,18.670000076293945,17.137117385864258,11400
2016-09-22,18.649999618530273,18.81999969482422,18.639999389648438,18.739999771118164,17.201370239257812,26200
2016-09-23,18.75,18.760000228881836,18.579999923706055,18.6299991607666,17.10040283203125,9800
2016-09-26,18.540000915527344,18.540000915527344,18.010000228881836,18.06999969482422,16.586381912231445,19700
2016-09-27,18.079999923706055,18.299999237060547,17.959999084472656,18.239999771118164,16.74242401123047,12200
2016-09-28,18.200000762939453,18.459999084472656,18.040000915527344,18.43000030517578,16.916824340820312,18700
2016-09-29,18.479999542236328,18.479999542236328,18.15999984741211,18.209999084472656,16.714887619018555,10700
2016-09-30,18.299999237060547,18.8700008392334,18.299999237060547,18.760000228881836,17.2197265625,19400
2016-10-03,18.729999542236328,18.729999542236328,18.229999542236328,18.290000915527344,16.788320541381836,10600
2016-10-04,18.329999923706055,18.459999084472656,17.920000076293945,18.31999969482422,16.815855026245117,88000
2016-10-05,18.59000015258789,18.739999771118164,18.40999984741211,18.65999984741211,17.12793731689453,76500
2016-10-06,18.469999313354492,18.739999771118164,18.40999984741211,18.68000030517578,17.14629554748535,5800
2016-10-07,18.510000228881836,18.989999771118164,18.510000228881836,18.8799991607666,17.32987403869629,18300
2016-10-10,18.969999313354492,19.100000381469727,18.940000534057617,19.06999969482422,17.5042724609375,8300
2016-10-11,19.09000015258789,19.139999389648438,18.719999313354492,18.719999313354492,17.18301010131836,12000
2016-10-12,18.969999313354492,18.989999771118164,18.709999084472656,18.84000015258789,17.293163299560547,4300
2016-10-13,18.670000076293945,18.670000076293945,18.31999969482422,18.3799991607666,16.870927810668945,9600
2016-10-14,18.399999618530273,18.399999618530273,18.079999923706055,18.329999923706055,16.82503318786621,44800
2016-10-17,18.100000381469727,18.469999313354492,18.040000915527344,18.450000762939453,16.9351806640625,45600
2016-10-18,18.450000762939453,18.719999313354492,17.639999389648438,18.329999923706055,16.82503318786621,41700
2016-10-19,18.450000762939453,18.639999389648438,18.34000015258789,18.3799991607666,16.870927810668945,11200
2016-10-20,18.579999923706055,18.579999923706055,18.139999389648438,18.399999618530273,16.889286041259766,21400
2016-10-21,18.31999969482422,18.43000030517578,18.190000534057617,18.290000915527344,16.788320541381836,20800
2016-10-24,18.270000457763672,18.610000610351562,17.6200008392334,18.049999237060547,16.56801986694336,86800
2016-10-25,18.100000381469727,18.469999313354492,18.049999237060547,18.31999969482422,16.815855026245117,144300
2016-10-26,18.799999237060547,19.299999237060547,18.360000610351562,18.360000610351562,16.852571487426758,18600
2016-10-27,18.530000686645508,18.649999618530273,18.15999984741211,18.200000762939453,16.705705642700195,12300
2016-10-28,18.469999313354492,18.469999313354492,17.690000534057617,17.84000015258789,16.37526512145996,23600
2016-10-31,17.81999969482422,17.950000762939453,17.670000076293945,17.860000610351562,16.39362144470215,25900
2016-11-01,17.8700008392334,18.030000686645508,17.649999618530273,17.649999618530273,16.31045150756836,12300
2016-11-02,17.329999923706055,17.81999969482422,17.25,17.34000015258789,16.02398109436035,14400
2016-11-03,17.350000381469727,17.5,17.31999969482422,17.440000534057617,16.11639404296875,29700
2016-11-04,17.389999389648438,17.649999618530273,17.34000015258789,17.440000534057617,16.11639404296875,67000
2016-11-07,17.799999237060547,18.280000686645508,17.600000381469727,18.09000015258789,16.717058181762695,66700
2016-11-08,18.440000534057617,18.979999542236328,18.200000762939453,18.850000381469727,17.419382095336914,27200
2016-11-09,18.829999923706055,19.350000381469727,18.200000762939453,19.299999237060547,17.835224151611328,52700
2016-11-10,19.450000762939453,19.739999771118164,19.280000686645508,19.600000381469727,18.112457275390625,52700
2016-11-11,19.489999771118164,20.479999542236328,19.309999465942383,20.260000228881836,18.72237205505371,90600
2016-11-14,20.360000610351562,20.770000457763672,20.25,20.510000228881836,18.953393936157227,54400
2016-11-15,19.90999984741211,20.489999771118164,19.90999984741211,20.31999969482422,18.777812957763672,52500
2016-11-16,20.260000228881836,20.479999542236328,20.0,20.360000610351562,18.81477928161621,73000
2016-11-17,20.5,20.989999771118164,19.93000030517578,20.700000762939453,19.12897300720215,26300
2016-11-18,20.670000076293945,21.239999771118164,20.0,21.15999984741211,19.554059982299805,86000
2016-11-21,21.139999389648438,21.489999771118164,20.940000534057617,21.479999542236328,19.84977149963379,44600
2016-11-22,21.479999542236328,22.170000076293945,21.479999542236328,22.010000228881836,20.339548110961914,32600
2016-11-23,21.93000030517578,22.40999984741211,21.93000030517578,22.25,20.561338424682617,38400
2016-11-25,22.25,22.6299991607666,22.25,22.469999313354492,20.7646427154541,9700
2016-11-28,22.450000762939453,22.450000762939453,22.25,22.25,20.561338424682617,78700
2016-11-29,22.360000610351562,22.510000228881836,22.239999771118164,22.399999618530273,20.699951171875,56600
2016-11-30,22.59000015258789,23.030000686645508,22.479999542236328,22.850000381469727,21.115800857543945,67400
2016-12-01,23.0,23.479999542236328,23.0,23.469999313354492,21.688745498657227,54600
2016-12-02,23.239999771118164,23.239999771118164,22.8799991607666,22.920000076293945,21.18048667907715,20900
2016-12-05,22.459999084472656,23.170000076293945,22.459999084472656,23.049999237060547,21.300621032714844,86300
2016-12-06,23.06999969482422,23.479999542236328,22.81999969482422,23.350000381469727,21.577848434448242,49600
2016-12-07,23.309999465942383,23.479999542236328,23.06999969482422,23.31999969482422,21.550128936767578,32700
2016-12-08,23.290000915527344,24.200000762939453,23.290000915527344,24.030000686645508,22.206239700317383,46800
2016-12-09,24.139999389648438,24.950000762939453,23.950000762939453,24.8799991607666,22.991729736328125,51400
2016-12-12,24.780000686645508,24.780000686645508,23.969999313354492,24.1299991607666,22.29865264892578,35800
2016-12-13,24.239999771118164,24.729999542236328,24.149999618530273,24.649999618530273,22.779191970825195,63200
2016-12-14,24.600000381469727,24.850000381469727,24.3799991607666,24.65999984741211,22.788427352905273,35500
2016-12-15,24.489999771118164,25.100000381469727,24.290000915527344,24.600000381469727,22.73297882080078,42400
2016-12-16,24.540000915527344,24.84000015258789,24.110000610351562,24.329999923706055,22.48347282409668,81000
2016-12-19,24.459999084472656,24.709999084472656,24.15999984741211,24.459999084472656,22.603609085083008,36900
2016-12-20,24.610000610351562,25.81999969482422,24.610000610351562,25.780000686645508,23.823427200317383,73600
2016-12-21,25.860000610351562,26.15999984741211,25.260000228881836,26.0,24.026731491088867,40000
2016-12-22,26.1200008392334,27.040000915527344,25.790000915527344,26.020000457763672,24.045209884643555,42900
2016-12-23,25.90999984741211,26.049999237060547,25.709999084472656,26.020000457763672,24.045209884643555,39900
2016-12-27,26.219999313354492,26.329999923706055,25.81999969482422,26.0,24.026731491088867,27800
2016-12-28,26.0,26.350000381469727,25.860000610351562,26.139999389648438,24.156103134155273,24700
2016-12-29,26.139999389648438,26.40999984741211,25.549999237060547,26.229999542236328,24.239273071289062,292000
2016-12-30,26.0,26.760000228881836,25.959999084472656,26.59000015258789,24.57195281982422,37900
2017-01-03,26.520000457763672,26.899999618530273,26.1299991607666,26.469999313354492,24.461061477661133,64300
2017-01-04,26.6200008392334,26.649999618530273,26.190000534057617,26.299999237060547,24.303958892822266,28100
2017-01-05,26.350000381469727,26.6200008392334,26.100000381469727,26.18000030517578,24.193069458007812,70000
2017-01-06,26.329999923706055,26.540000915527344,26.25,26.290000915527344,24.294721603393555,57100
2017-01-09,26.260000228881836,26.260000228881836,25.780000686645508,26.010000228881836,24.035968780517578,34700
2017-01-10,25.969999313354492,26.260000228881836,25.90999984741211,25.940000534057617,23.97128677368164,57200
2017-01-11,26.09000015258789,26.31999969482422,25.889999389648438,26.25,24.257755279541016,63000
2017-01-12,26.030000686645508,26.479999542236328,26.020000457763672,26.450000762939453,24.442581176757812,44100
2017-01-13,26.65999984741211,26.979999542236328,26.59000015258789,26.790000915527344,24.756776809692383,28400
2017-01-17,26.639999389648438,26.65999984741211,26.06999969482422,26.40999984741211,24.405611038208008,58500
2017-01-18,26.59000015258789,26.690000534057617,26.329999923706055,26.610000610351562,24.590435028076172,33800
2017-01-19,26.510000228881836,26.510000228881836,26.350000381469727,26.40999984741211,24.405611038208008,23100
2017-01-20,26.530000686645508,27.280000686645508,26.530000686645508,27.09000015258789,25.034006118774414,71200
2017-01-23,27.31999969482422,28.469999313354492,27.31999969482422,28.149999618530273,26.013553619384766,66600
2017-01-24,28.489999771118164,28.989999771118164,28.260000228881836,28.450000762939453,26.290786743164062,54000
2017-01-25,28.68000030517578,28.790000915527344,28.209999084472656,28.290000915527344,26.142932891845703,50600
2017-01-26,28.3700008392334,28.479999542236328,28.010000228881836,28.059999465942383,25.93038558959961,38300
2017-01-27,28.1200008392334,28.68000030517578,27.969999313354492,27.979999542236328,25.85645866394043,50700
2017-01-30,27.709999084472656,27.709999084472656,26.969999313354492,27.0,24.950836181640625,64000
2017-01-31,26.84000015258789,26.920000076293945,26.540000915527344,26.760000228881836,24.857942581176758,67500
2017-02-01,26.959999084472656,27.0,26.5,26.6299991607666,24.737180709838867,37900
2017-02-02,26.450000762939453,26.6200008392334,26.149999618530273,26.31999969482422,24.449214935302734,25200
2017-02-03,26.489999771118164,26.989999771118164,26.399999618530273,26.829999923706055,24.9229679107666,27800
2017-02-06,26.59000015258789,26.989999771118164,26.59000015258789,26.899999618530273,24.987991333007812,52300
2017-02-07,27.0,27.049999237060547,26.829999923706055,26.989999771118164,25.07159423828125,43500
2017-02-08,26.950000762939453,27.149999618530273,26.6200008392334,27.010000228881836,25.09017562866211,66500
2017-02-09,27.010000228881836,27.329999923706055,26.93000030517578,27.25,25.313112258911133,47700
2017-02-10,27.350000381469727,27.350000381469727,27.149999618530273,27.25,25.313112258911133,37400
2017-02-13,27.40999984741211,28.100000381469727,27.350000381469727,28.010000228881836,26.019092559814453,72100
2017-02-14,27.860000610351562,28.010000228881836,27.700000762939453,27.969999313354492,25.9819393157959,56800
2017-02-15,27.969999313354492,28.100000381469727,27.6200008392334,28.020000457763672,26.028385162353516,40200
2017-02-16,28.0,28.290000915527344,27.809999465942383,28.209999084472656,26.204879760742188,27600
2017-02-17,28.219999313354492,28.610000610351562,28.149999618530273,28.479999542236328,26.455686569213867,46600
2017-02-21,28.5,28.829999923706055,28.399999618530273,28.649999618530273,26.613605499267578,22800
2017-02-22,28.6200008392334,28.799999237060547,28.399999618530273,28.450000762939453,26.427818298339844,99800
2017-02-23,28.59000015258789,28.959999084472656,28.399999618530273,28.690000534057617,26.6507625579834,29500
2017-02-24,28.479999542236328,28.920000076293945,28.3700008392334,28.719999313354492,26.67862892150879,43000
2017-02-27,28.84000015258789,28.889999389648438,28.610000610351562,28.670000076293945,26.632186889648438,20600
2017-02-28,28.75,28.860000610351562,27.6200008392334,28.639999389648438,26.60431671142578,52100
2017-03-01,29.0,29.5,28.440000534057617,28.719999313354492,26.67862892150879,61600
2017-03-02,28.700000762939453,28.700000762939453,27.389999389648438,28.040000915527344,26.046960830688477,98400
2017-03-03,27.989999771118164,29.5,27.780000686645508,28.059999465942383,26.065542221069336,110400
2017-03-06,28.049999237060547,28.229999542236328,27.649999618530273,27.90999984741211,25.92620277404785,70300
2017-03-07,27.600000381469727,28.360000610351562,27.600000381469727,28.209999084472656,26.204879760742188,37800
2017-03-08,28.309999465942383,28.700000762939453,27.68000030517578,27.700000762939453,25.731128692626953,77600
2017-03-09,27.700000762939453,28.079999923706055,27.520000457763672,27.559999465942383,25.6010799407959,42500
2017-03-10,27.65999984741211,27.8799991607666,27.18000030517578,27.5,25.54534339904785,44900
2017-03-13,27.360000610351562,27.780000686645508,27.200000762939453,27.40999984741211,25.461740493774414,30600
2017-03-14,27.31999969482422,27.360000610351562,26.75,27.219999313354492,25.285245895385742,22500
2017-03-15,27.149999618530273,27.709999084472656,27.149999618530273,27.469999313354492,25.51747703552246,98500
2017-03-16,27.56999969482422,27.899999618530273,27.200000762939453,27.459999084472656,25.508190155029297,68600
2017-03-17,27.309999465942383,27.6299991607666,25.940000534057617,27.3799991607666,25.433874130249023,86500
2017-03-20,27.420000076293945,27.420000076293945,26.670000076293945,26.790000915527344,24.885812759399414,24700
2017-03-21,27.020000457763672,27.020000457763672,25.34000015258789,25.450000762939453,23.641054153442383,37400
2017-03-22,25.75,26.0,25.450000762939453,25.579999923706055,23.761816024780273,112500
2017-03-23,25.43000030517578,26.329999923706055,25.43000030517578,26.049999237060547,24.198406219482422,23400
2017-03-24,26.040000915527344,26.43000030517578,25.8700008392334,26.299999237060547,24.430639266967773,29500
2017-03-27,25.81999969482422,26.399999618530273,25.059999465942383,26.299999237060547,24.430639266967773,24700
2017-03-28,26.1200008392334,26.469999313354492,25.829999923706055,26.399999618530273,24.523529052734375,42300
2017-03-29,26.299999237060547,26.770000457763672,26.049999237060547,26.200000762939453,24.33774757385254,54400
2017-03-30,26.360000610351562,27.56999969482422,26.350000381469727,27.309999465942383,25.36884880065918,46600
2017-03-31,27.329999923706055,27.65999984741211,27.0,27.43000030517578,25.48031997680664,69100
2017-04-03,27.3700008392334,27.399999618530273,26.84000015258789,27.299999237060547,25.359561920166016,83100
2017-04-04,27.239999771118164,27.5,26.959999084472656,27.049999237060547,25.12732696533203,42700
2017-04-05,27.200000762939453,27.639999389648438,26.3700008392334,26.479999542236328,24.59784507751465,57000
2017-04-06,26.200000762939453,26.719999313354492,26.200000762939453,26.68000030517578,24.783628463745117,18100
2017-04-07,26.459999084472656,26.809999465942383,26.190000534057617,26.600000381469727,24.709312438964844,18800
2017-04-10,26.860000610351562,26.989999771118164,26.100000381469727,26.290000915527344,24.421348571777344,26700
2017-04-11,26.290000915527344,26.770000457763672,26.229999542236328,26.68000030517578,24.783628463745117,23700
2017-04-12,26.549999237060547,26.770000457763672,26.170000076293945,26.420000076293945,24.542110443115234,24300
2017-04-13,26.239999771118164,26.450000762939453,25.790000915527344,26.06999969482422,24.21698760986328,22800
2017-04-17,26.200000762939453,26.290000915527344,25.729999542236328,26.1200008392334,24.2634334564209,26600
2017-04-18,26.1299991607666,26.510000228881836,25.84000015258789,26.239999771118164,24.374902725219727,40500
2017-04-19,26.329999923706055,26.56999969482422,25.940000534057617,26.31999969482422,24.449214935302734,47000
2017-04-20,26.360000610351562,27.190000534057617,26.360000610351562,27.1299991607666,25.201642990112305,20000
2017-04-21,26.950000762939453,27.329999923706055,26.31999969482422,27.219999313354492,25.285245895385742,24300
2017-04-24,27.649999618530273,27.860000610351562,26.260000228881836,26.690000534057617,24.792917251586914,41800
2017-04-25,26.899999618530273,27.170000076293945,26.510000228881836,26.579999923706055,24.690732955932617,34700
2017-04-26,26.579999923706055,27.239999771118164,26.520000457763672,26.75,24.848651885986328,81100
2017-04-27,26.989999771118164,26.989999771118164,26.190000534057617,26.31999969482422,24.449214935302734,58300
2017-04-28,26.239999771118164,26.459999084472656,24.729999542236328,25.06999969482422,23.288063049316406,81400
2017-05-01,24.989999771118164,25.649999618530273,24.989999771118164,25.360000610351562,23.557453155517578,81500
2017-05-02,25.360000610351562,25.65999984741211,25.1299991607666,25.280000686645508,23.61349868774414,49700
2017-05-03,25.110000610351562,25.579999923706055,25.110000610351562,25.489999771118164,23.80965232849121,55500
2017-05-04,25.520000457763672,25.649999618530273,25.149999618530273,25.360000610351562,23.6882266998291,34500
2017-05-05,25.420000076293945,25.559999465942383,25.239999771118164,25.489999771118164,23.80965232849121,24500
2017-05-08,25.389999389648438,26.020000457763672,25.290000915527344,25.93000030517578,24.22064781188965,38000
2017-05-09,25.920000076293945,26.360000610351562,25.239999771118164,25.8799991607666,24.173946380615234,40300
2017-05-10,25.8700008392334,25.959999084472656,25.389999389648438,25.649999618530273,23.9591064453125,35800
2017-05-11,25.469999313354492,25.579999923706055,24.93000030517578,25.0,23.351953506469727,16900
2017-05-12,24.860000610351562,24.90999984741211,24.329999923706055,24.760000228881836,23.127779006958008,22800
2017-05-15,24.950000762939453,25.40999984741211,24.600000381469727,25.270000457763672,23.604158401489258,26000
2017-05-16,25.450000762939453,25.5,24.40999984741211,25.399999618530273,23.7255859375,18500
2017-05-17,24.889999389648438,24.889999389648438,23.93000030517578,24.489999771118164,22.87557601928711,27100
2017-05-18,24.559999465942383,24.969999313354492,24.450000762939453,24.59000015258789,22.968984603881836,16900
2017-05-19,24.530000686645508,24.84000015258789,24.0,24.09000015258789,22.50194549560547,22500
2017-05-22,24.149999618530273,24.260000228881836,23.760000228881836,24.18000030517578,22.58601188659668,18400
2017-05-23,25.389999389648438,25.809999465942383,24.469999313354492,25.700000762939453,24.005809783935547,36100
2017-05-24,25.56999969482422,25.889999389648438,24.809999465942383,25.280000686645508,23.61349868774414,18100
2017-05-25,25.229999542236328,25.969999313354492,25.049999237060547,25.260000228881836,23.594812393188477,16200
2017-05-26,25.110000610351562,25.34000015258789,24.5,25.170000076293945,23.5107479095459,13900
2017-05-30,24.920000076293945,25.190000534057617,23.420000076293945,24.31999969482422,22.71678352355957,23500
2017-05-31,24.450000762939453,24.450000762939453,23.950000762939453,24.030000686645508,22.445898056030273,21300
2017-06-01,24.15999984741211,24.440000534057617,23.729999542236328,24.31999969482422,22.71678352355957,26800
2017-06-02,24.18000030517578,25.559999465942383,24.1200008392334,24.68000030517578,23.05304718017578,21200
2017-06-05,24.059999465942383,24.690000534057617,24.040000915527344,24.059999465942383,22.473922729492188,15900
2017-06-06,23.8700008392334,24.200000762939453,23.260000228881836,24.010000228881836,22.42721939086914,20800
2017-06-07,23.940000534057617,24.68000030517578,23.940000534057617,24.530000686645508,22.912939071655273,11700
2017-06-08,24.489999771118164,25.84000015258789,24.479999542236328,25.280000686645508,23.61349868774414,19200
2017-06-09,25.540000915527344,26.5,25.209999084472656,26.25,24.51955223083496,25100
2017-06-12,26.350000381469727,26.93000030517578,25.3799991607666,25.969999313354492,24.25800895690918,27700
2017-06-13,27.1200008392334,27.1200008392334,25.81999969482422,26.260000228881836,24.528894424438477,13300
2017-06-14,25.579999923706055,26.549999237060547,25.530000686645508,26.239999771118164,24.510208129882812,22700
2017-06-15,26.209999084472656,26.459999084472656,25.8799991607666,26.059999465942383,24.342077255249023,12700
2017-06-16,25.690000534057617,26.040000915527344,25.459999084472656,25.5,23.81899070739746,67100
2017-06-19,25.5,25.5,24.559999465942383,25.139999389648438,23.482730865478516,18000
2017-06-20,25.149999618530273,25.18000030517578,24.209999084472656,24.690000534057617,23.06239128112793,15500
2017-06-21,24.549999237060547,24.75,24.149999618530273,24.389999389648438,22.782169342041016,16000
2017-06-22,24.459999084472656,25.399999618530273,24.459999084472656,24.579999923706055,22.959638595581055,12500
2017-06-23,24.489999771118164,24.5,23.440000534057617,23.989999771118164,22.408536911010742,100000
2017-06-26,23.969999313354492,24.25,23.700000762939453,23.8700008392334,22.29644775390625,60900
2017-06-27,24.200000762939453,24.200000762939453,23.579999923706055,23.649999618530273,22.0909481048584,59900
2017-06-28,23.729999542236328,24.540000915527344,23.100000381469727,24.229999542236328,22.632715225219727,35900
2017-06-29,24.43000030517578,24.920000076293945,24.260000228881836,24.649999618530273,23.0250301361084,35500
2017-06-30,24.649999618530273,25.209999084472656,24.219999313354492,24.549999237060547,22.93161964416504,27400
2017-07-03,24.59000015258789,26.040000915527344,24.59000015258789,25.219999313354492,23.557451248168945,10400
2017-07-05,25.110000610351562,25.260000228881836,24.299999237060547,24.8700008392334,23.230527877807617,35200
2017-07-06,24.850000381469727,26.729999542236328,23.670000076293945,24.670000076293945,23.043710708618164,63900
2017-07-07,24.799999237060547,25.079999923706055,24.329999923706055,24.68000030517578,23.05304718017578,29500
2017-07-10,24.469999313354492,24.8700008392334,24.290000915527344,24.299999237060547,22.69809913635254,11900
2017-07-11,23.700000762939453,24.190000534057617,23.700000762939453,24.010000228881836,22.42721939086914,12900
2017-07-12,23.90999984741211,24.399999618530273,23.90999984741211,24.309999465942383,22.707441329956055,13500
2017-07-13,24.299999237060547,24.299999237060547,23.65999984741211,24.020000457763672,22.43655776977539,16700
2017-07-14,23.760000228881836,24.270000457763672,23.649999618530273,23.75,22.184356689453125,36100
2017-07-17,23.40999984741211,24.0,23.40999984741211,23.510000228881836,21.960176467895508,41600
2017-07-18,23.290000915527344,24.34000015258789,23.290000915527344,23.989999771118164,22.408536911010742,14500
2017-07-19,23.979999542236328,24.399999618530273,23.809999465942383,24.190000534057617,22.595355987548828,18000
2017-07-20,24.18000030517578,24.399999618530273,23.93000030517578,24.09000015258789,22.50194549560547,14000
2017-07-21,24.559999465942383,24.600000381469727,23.75,23.809999465942383,22.240402221679688,54300
2017-07-24,24.1299991607666,24.5,23.75,24.149999618530273,22.5579891204834,27900
2017-07-25,25.110000610351562,27.360000610351562,24.84000015258789,26.450000762939453,24.706371307373047,87500
2017-07-26,26.459999084472656,26.920000076293945,25.540000915527344,26.709999084472656,24.94923210144043,29400
2017-07-27,27.020000457763672,27.3700008392334,26.59000015258789,26.850000381469727,25.080001831054688,16000
2017-07-28,26.6200008392334,26.84000015258789,25.0,26.649999618530273,24.893186569213867,42000
2017-07-31,26.809999465942383,27.450000762939453,26.729999542236328,27.399999618530273,25.5937442779541,67900
2017-08-01,27.399999618530273,28.030000686645508,26.860000610351562,27.950000762939453,26.24156951904297,42000
2017-08-02,27.700000762939453,27.729999542236328,27.010000228881836,27.5,25.819072723388672,39200
2017-08-03,27.459999084472656,27.959999084472656,27.079999923706055,27.15999984741211,25.499853134155273,40300
2017-08-04,27.520000457763672,27.520000457763672,27.09000015258789,27.219999313354492,25.556184768676758,23200
2017-08-07,27.3700008392334,27.3700008392334,26.75,26.829999923706055,25.190027236938477,19400
2017-08-08,26.739999771118164,26.969999313354492,26.389999389648438,26.520000457763672,24.898975372314453,44300
2017-08-09,26.190000534057617,26.399999618530273,26.0,26.200000762939453,24.598535537719727,22200
2017-08-10,25.90999984741211,26.079999923706055,25.040000915527344,25.6200008392334,24.053991317749023,32600
2017-08-11,25.65999984741211,25.690000534057617,25.010000228881836,25.040000915527344,23.509443283081055,36600
2017-08-14,25.3799991607666,26.399999618530273,25.3799991607666,26.229999542236328,24.6267032623291,35300
2017-08-15,26.399999618530273,26.56999969482422,25.979999542236328,26.1299991607666,24.532814025878906,32600
2017-08-16,26.530000686645508,27.209999084472656,25.40999984741211,25.6299991607666,24.063373565673828,28100
2017-08-17,25.600000381469727,26.030000686645508,25.309999465942383,25.399999618530273,23.847436904907227,44800
2017-08-18,25.219999313354492,25.510000228881836,25.0,25.389999389648438,23.83804702758789,38600
2017-08-21,25.229999542236328,25.3799991607666,24.959999084472656,24.969999313354492,23.44371795654297,18100
2017-08-22,25.049999237060547,25.3799991607666,25.049999237060547,25.360000610351562,23.809877395629883,10700
2017-08-23,25.049999237060547,25.530000686645508,25.049999237060547,25.280000686645508,23.734771728515625,17900
2017-08-24,25.309999465942383,25.719999313354492,25.200000762939453,25.3700008392334,23.81926918029785,8700
2017-08-25,25.31999969482422,25.729999542236328,25.1299991607666,25.639999389648438,24.072765350341797,14200
2017-08-28,25.979999542236328,25.979999542236328,25.1200008392334,25.209999084472656,23.66904640197754,12200
2017-08-29,25.059999465942383,25.219999313354492,24.8700008392334,25.079999923706055,23.546995162963867,14500
2017-08-30,24.860000610351562,25.25,24.860000610351562,25.059999465942383,23.52821922302246,26100
2017-08-31,25.049999237060547,25.459999084472656,24.600000381469727,25.309999465942383,23.762937545776367,20400
2017-09-01,25.299999237060547,26.030000686645508,25.030000686645508,25.3799991607666,23.828655242919922,29400
2017-09-05,25.239999771118164,25.309999465942383,24.610000610351562,24.760000228881836,23.24655532836914,27200
2017-09-06,24.809999465942383,25.190000534057617,24.809999465942383,24.969999313354492,23.44371795654297,11000
2017-09-07,24.979999542236328,24.979999542236328,24.18000030517578,24.65999984741211,23.15266990661621,29300
2017-09-08,24.65999984741211,25.200000762939453,24.260000228881836,24.739999771118164,23.227773666381836,21000
2017-09-11,25.100000381469727,25.270000457763672,24.600000381469727,25.030000686645508,23.500051498413086,15400
2017-09-12,25.010000228881836,25.520000457763672,24.459999084472656,25.079999923706055,23.546995162963867,28000
2017-09-13,24.829999923706055,25.399999618530273,24.829999923706055,25.040000915527344,23.509443283081055,30400
2017-09-14,25.170000076293945,25.170000076293945,24.770000457763672,24.860000610351562,23.340442657470703,38700
2017-09-15,24.799999237060547,25.010000228881836,24.6299991607666,24.799999237060547,23.284107208251953,48500
2017-09-18,24.979999542236328,25.59000015258789,24.850000381469727,25.280000686645508,23.734771728515625,23300
2017-09-19,25.209999084472656,25.68000030517578,25.209999084472656,25.450000762939453,23.894380569458008,28900
2017-09-20,25.25,25.959999084472656,24.469999313354492,25.56999969482422,24.007043838500977,36700
2017-09-21,25.600000381469727,26.18000030517578,25.600000381469727,25.860000610351562,24.27931785583496,25600
2017-09-22,26.15999984741211,26.399999618530273,25.75,25.760000228881836,24.185428619384766,59900
2017-09-25,25.850000381469727,26.40999984741211,25.709999084472656,26.049999237060547,24.45770263671875,38900
2017-09-26,26.190000534057617,27.239999771118164,26.190000534057617,26.530000686645508,24.90836524963379,48400
2017-09-27,26.940000534057617,27.81999969482422,26.59000015258789,27.239999771118164,25.574966430664062,46700
2017-09-28,27.309999465942383,27.84000015258789,27.290000915527344,27.450000762939453,25.772132873535156,23500
2017-09-29,27.440000534057617,27.639999389648438,26.8799991607666,27.149999618530273,25.490467071533203,22000
2017-10-02,27.15999984741211,27.34000015258789,26.950000762939453,27.100000381469727,25.443523406982422,39800
2017-10-03,27.25,27.34000015258789,26.920000076293945,27.329999923706055,25.65946388244629,25900
2017-10-04,27.31999969482422,27.31999969482422,26.75,26.81999969482422,25.18063735961914,18600
2017-10-05,26.81999969482422,27.0,26.440000534057617,26.889999389648438,25.246360778808594,20300
2017-10-06,26.8799991607666,27.18000030517578,26.239999771118164,26.969999313354492,25.321470260620117,24900
2017-10-09,27.09000015258789,27.40999984741211,26.770000457763672,27.34000015258789,25.668855667114258,20100
2017-10-10,27.40999984741211,27.8700008392334,27.040000915527344,27.8700008392334,26.166458129882812,25700
2017-10-11,27.799999237060547,27.799999237060547,27.239999771118164,27.280000686645508,25.612520217895508,21900
2017-10-12,27.299999237060547,27.31999969482422,26.850000381469727,27.010000228881836,25.359020233154297,23000
2017-10-13,26.950000762939453,27.229999542236328,26.790000915527344,27.059999465942383,25.405967712402344,21300
2017-10-16,27.06999969482422,27.75,26.860000610351562,27.6299991607666,25.941129684448242,30300
2017-10-17,27.43000030517578,27.719999313354492,27.219999313354492,27.34000015258789,25.668855667114258,12000
2017-10-18,27.360000610351562,27.760000228881836,27.239999771118164,27.600000381469727,25.9129638671875,14300
2017-10-19,27.530000686645508,27.739999771118164,27.34000015258789,27.709999084472656,26.016237258911133,27800
2017-10-20,28.0,28.0,27.520000457763672,27.649999618530273,25.959903717041016,30000
2017-10-23,27.65999984741211,27.68000030517578,27.049999237060547,27.290000915527344,25.621912002563477,11400
2017-10-24,27.049999237060547,27.610000610351562,26.780000686645508,27.549999237060547,25.86601448059082,40700
2017-10-25,27.25,27.25,26.84000015258789,27.1200008392334,25.46230125427246,39200
2017-10-26,27.170000076293945,27.170000076293945,26.709999084472656,26.90999984741211,25.265138626098633,10500
2017-10-27,26.979999542236328,27.25,26.709999084472656,27.200000762939453,25.537412643432617,20300
2017-10-30,27.149999618530273,27.149999618530273,26.260000228881836,26.3700008392334,24.75814437866211,23500
2017-10-31,26.360000610351562,26.850000381469727,26.350000381469727,26.459999084472656,24.84264373779297,28800
2017-11-01,26.610000610351562,26.610000610351562,26.0,26.139999389648438,24.672746658325195,23000
2017-11-02,26.1299991607666,26.90999984741211,25.959999084472656,26.809999465942383,25.305137634277344,16100
2017-11-03,26.799999237060547,26.799999237060547,26.469999313354492,26.579999923706055,25.088048934936523,18900
2017-11-06,26.579999923706055,26.579999923706055,26.1299991607666,26.209999084472656,24.738815307617188,11700
2017-11-07,25.719999313354492,26.40999984741211,25.030000686645508,25.280000686645508,23.861021041870117,60000
2017-11-08,25.190000534057617,25.479999542236328,24.6299991607666,24.770000457763672,23.379648208618164,34500
2017-11-09,24.639999389648438,25.239999771118164,24.31999969482422,25.190000534057617,23.776071548461914,41700
2017-11-10,25.18000030517578,25.489999771118164,24.690000534057617,25.200000762939453,23.785511016845703,45300
2017-11-13,25.1299991607666,25.5,24.420000076293945,25.399999618530273,23.974281311035156,21500
2017-11-14,25.309999465942383,25.729999542236328,25.200000762939453,25.639999389648438,24.200809478759766,17400
2017-11-15,25.420000076293945,25.93000030517578,25.420000076293945,25.530000686645508,24.09698486328125,22000
2017-11-16,25.68000030517578,26.15999984741211,25.530000686645508,25.68000030517578,24.238569259643555,16100
2017-11-17,25.520000457763672,26.079999923706055,25.40999984741211,25.989999771118164,24.531164169311523,26800
2017-11-20,26.0,26.260000228881836,25.760000228881836,26.200000762939453,24.72937774658203,15600
2017-11-21,26.309999465942383,26.5,25.979999542236328,26.479999542236328,24.993661880493164,31400
2017-11-22,26.31999969482422,26.510000228881836,26.149999618530273,26.200000762939453,24.72937774658203,23300
2017-11-24,25.8799991607666,26.0,24.760000228881836,25.81999969482422,24.370708465576172,6500
2017-11-27,25.899999618530273,26.440000534057617,25.81999969482422,26.200000762939453,24.72937774658203,15500
2017-11-28,26.200000762939453,27.3700008392334,26.200000762939453,27.219999313354492,25.69212532043457,20500
2017-11-29,27.309999465942383,28.649999618530273,26.56999969482422,28.489999771118164,26.890836715698242,93000
2017-11-30,28.6200008392334,28.8700008392334,27.799999237060547,27.959999084472656,26.390588760375977,97000
2017-12-01,27.920000076293945,28.149999618530273,27.079999923706055,27.90999984741211,26.343393325805664,35300
2017-12-04,28.299999237060547,28.850000381469727,28.0,28.049999237060547,26.475536346435547,32400
2017-12-05,28.040000915527344,28.420000076293945,27.219999313354492,27.270000457763672,25.73931884765625,90200
2017-12-06,27.010000228881836,27.43000030517578,26.649999618530273,26.8799991607666,25.371206283569336,32100
2017-12-07,26.43000030517578,27.139999389648438,26.43000030517578,26.84000015258789,25.333454132080078,25400
2017-12-08,26.940000534057617,26.940000534057617,26.510000228881836,26.59000015258789,25.09748649597168,22200
2017-12-11,26.579999923706055,26.719999313354492,26.309999465942383,26.420000076293945,24.937028884887695,24500
2017-12-12,26.56999969482422,26.93000030517578,26.329999923706055,26.59000015258789,25.09748649597168,19900
2017-12-13,26.639999389648438,27.149999618530273,26.530000686645508,26.559999465942383,25.069169998168945,27900
2017-12-14,26.639999389648438,27.100000381469727,25.860000610351562,26.1200008392334,24.65386962890625,36100
2017-12-15,26.049999237060547,27.239999771118164,26.049999237060547,26.520000457763672,25.031417846679688,149300
2017-12-18,26.690000534057617,27.5,25.8799991607666,27.1299991607666,25.607175827026367,93900
2017-12-19,27.1200008392334,27.59000015258789,26.899999618530273,26.950000762939453,25.437280654907227,48100
2017-12-20,27.1200008392334,27.450000762939453,26.90999984741211,27.09000015258789,25.569421768188477,182700
2017-12-21,27.209999084472656,27.979999542236328,27.209999084472656,27.729999542236328,26.173494338989258,60400
2017-12-22,27.729999542236328,27.729999542236328,26.770000457763672,27.3799991607666,25.843143463134766,27600
2017-12-26,27.389999389648438,27.389999389648438,26.229999542236328,26.510000228881836,25.0219783782959,40900
2017-12-27,26.450000762939453,26.850000381469727,26.40999984741211,26.489999771118164,25.00309944152832,163700
2017-12-28,26.549999237060547,27.280000686645508,26.549999237060547,27.200000762939453,25.673250198364258,32400
2017-12-29,27.209999084472656,27.209999084472656,26.559999465942383,26.559999465942383,25.069169998168945,28700
2018-01-02,26.809999465942383,27.170000076293945,26.440000534057617,26.700000762939453,25.20131492614746,35900
2018-01-03,26.670000076293945,26.989999771118164,26.34000015258789,26.979999542236328,25.465595245361328,39500
2018-01-04,27.0,27.270000457763672,26.860000610351562,26.969999313354492,25.45615577697754,22200
2018-01-05,27.040000915527344,27.399999618530273,26.09000015258789,26.780000686645508,25.276823043823242,22700
2018-01-08,26.559999465942383,26.829999923706055,26.260000228881836,26.649999618530273,25.15411949157715,19200
2018-01-09,26.700000762939453,27.260000228881836,26.670000076293945,26.690000534057617,25.191875457763672,18200
2018-01-10,26.850000381469727,27.399999618530273,26.690000534057617,26.989999771118164,25.47503662109375,26900
2018-01-11,27.010000228881836,27.739999771118164,26.93000030517578,27.540000915527344,25.994163513183594,27800
2018-01-12,27.600000381469727,28.100000381469727,27.510000228881836,27.709999084472656,26.154621124267578,23500
2018-01-16,27.8799991607666,28.34000015258789,27.34000015258789,27.540000915527344,25.994163513183594,33600
2018-01-17,27.56999969482422,28.1299991607666,27.549999237060547,27.969999313354492,26.400026321411133,26500
2018-01-18,27.940000534057617,28.010000228881836,27.56999969482422,27.65999984741211,26.10742950439453,20400
2018-01-19,27.690000534057617,28.5,27.690000534057617,28.3799991607666,26.78701400756836,37800
2018-01-22,28.479999542236328,28.639999389648438,28.209999084472656,28.440000534057617,26.843645095825195,34300
2018-01-23,28.520000457763672,28.649999618530273,27.68000030517578,28.5,26.900278091430664,13600
2018-01-24,28.700000762939453,28.700000762939453,27.8700008392334,28.0,26.428342819213867,24100
2018-01-25,28.059999465942383,28.229999542236328,27.479999542236328,27.770000457763672,26.211254119873047,29300
2018-01-26,27.93000030517578,28.139999389648438,27.229999542236328,27.729999542236328,26.173494338989258,18200
2018-01-29,27.3700008392334,27.81999969482422,27.329999923706055,27.360000610351562,25.824268341064453,13800
2018-01-30,27.270000457763672,27.81999969482422,27.270000457763672,27.510000228881836,25.96584701538086,28600
2018-01-31,27.510000228881836,27.6299991607666,27.25,27.3799991607666,25.99432945251465,25100
2018-02-01,27.65999984741211,27.690000534057617,27.030000686645508,27.479999542236328,26.08926773071289,26900
2018-02-02,27.299999237060547,27.68000030517578,27.049999237060547,27.18000030517578,25.80445098876953,17000
2018-02-05,26.959999084472656,27.260000228881836,26.040000915527344,26.700000762939453,25.348743438720703,38200
2018-02-06,26.139999389648438,27.200000762939453,26.100000381469727,26.56999969482422,25.225318908691406,28200
2018-02-07,26.90999984741211,26.90999984741211,26.450000762939453,26.579999923706055,25.23481559753418,14600
2018-02-08,26.6299991607666,27.459999084472656,26.1200008392334,26.1200008392334,24.798095703125,18500
2018-02-09,26.360000610351562,27.139999389648438,26.110000610351562,26.81999969482422,25.46266746520996,20700
2018-02-12,26.850000381469727,26.850000381469727,26.25,26.649999618530273,25.3012752532959,20600
2018-02-13,26.540000915527344,26.760000228881836,26.399999618530273,26.450000762939453,25.11139678955078,18200
2018-02-14,26.81999969482422,27.15999984741211,26.670000076293945,26.950000762939453,25.586090087890625,26600
2018-02-15,27.200000762939453,27.420000076293945,26.8799991607666,27.350000381469727,25.965848922729492,16500
2018-02-16,27.239999771118164,27.920000076293945,27.219999313354492,27.600000381469727,26.20319366455078,18300
2018-02-20,27.459999084472656,27.559999465942383,26.530000686645508,26.850000381469727,25.49114990234375,37300
2018-02-21,26.860000610351562,27.56999969482422,26.860000610351562,27.18000030517578,25.80445098876953,14400
2018-02-22,27.309999465942383,27.360000610351562,26.5,26.639999389648438,25.291778564453125,63200
2018-02-23,26.75,26.950000762939453,26.510000228881836,26.93000030517578,25.567102432250977,29200
2018-02-26,27.139999389648438,27.209999084472656,26.649999618530273,27.170000076293945,25.79495620727539,25400
2018-02-27,27.149999618530273,27.399999618530273,26.520000457763672,26.6200008392334,25.27279281616211,22500
2018-02-28,26.59000015258789,26.920000076293945,26.020000457763672,26.020000457763672,24.703157424926758,25200
2018-03-01,26.030000686645508,26.450000762939453,25.649999618530273,26.31999969482422,24.987974166870117,23600
2018-03-02,26.1200008392334,26.93000030517578,25.959999084472656,26.829999923706055,25.472164154052734,16700
2018-03-05,26.790000915527344,27.18000030517578,26.079999923706055,27.059999465942383,25.690521240234375,13800
2018-03-06,27.139999389648438,27.239999771118164,26.56999969482422,27.170000076293945,25.79495620727539,18200
2018-03-07,27.040000915527344,27.540000915527344,26.729999542236328,27.40999984741211,26.022809982299805,15400
2018-03-08,27.40999984741211,27.440000534057617,27.020000457763672,27.190000534057617,25.813947677612305,10500
2018-03-09,27.219999313354492,28.079999923706055,26.670000076293945,28.049999237060547,26.630420684814453,30100
2018-03-12,28.110000610351562,28.25,27.600000381469727,28.1200008392334,26.69687843322754,24500
2018-03-13,28.260000228881836,28.399999618530273,28.020000457763672,28.18000030517578,26.753841400146484,18200
2018-03-14,25.6200008392334,28.15999984741211,25.420000076293945,27.920000076293945,26.50699806213379,24900
2018-03-15,27.969999313354492,28.25,27.6200008392334,28.100000381469727,26.677888870239258,14800
2018-03-16,28.06999969482422,28.579999923706055,27.81999969482422,28.290000915527344,26.858274459838867,59600
2018-03-19,28.100000381469727,28.43000030517578,27.829999923706055,28.360000610351562,26.924732208251953,16500
2018-03-20,28.31999969482422,28.31999969482422,27.709999084472656,27.81999969482422,26.412059783935547,40800
2018-03-21,27.809999465942383,28.190000534057617,27.5,27.950000762939453,26.535480499267578,31600
2018-03-22,27.469999313354492,28.200000762939453,27.049999237060547,27.079999923706055,25.70951271057129,23600
2018-03-23,27.079999923706055,27.790000915527344,26.31999969482422,26.459999084472656,25.120887756347656,32100
2018-03-26,26.889999389648438,26.989999771118164,26.139999389648438,26.8700008392334,25.510141372680664,32200
2018-03-27,26.799999237060547,27.260000228881836,26.700000762939453,26.809999465942383,25.45317268371582,21000
2018-03-28,26.889999389648438,27.219999313354492,26.790000915527344,26.950000762939453,25.586090087890625,20000
2018-03-29,27.0,27.020000457763672,26.530000686645508,26.639999389648438,25.291778564453125,39800
2018-04-02,26.520000457763672,26.520000457763672,25.719999313354492,25.989999771118164,24.674673080444336,33200
2018-04-03,26.030000686645508,26.399999618530273,25.799999237060547,26.329999923706055,24.997468948364258,27500
2018-04-04,26.0,26.65999984741211,26.0,26.5,25.158864974975586,24200
2018-04-05,26.030000686645508,27.079999923706055,26.030000686645508,26.979999542236328,25.61457061767578,24800
2018-04-06,26.81999969482422,27.06999969482422,26.100000381469727,26.31999969482422,24.987974166870117,26400
2018-04-09,26.559999465942383,27.06999969482422,26.389999389648438,26.450000762939453,25.11139678955078,19800
2018-04-10,26.690000534057617,27.229999542236328,26.639999389648438,26.90999984741211,25.548114776611328,18300
2018-04-11,26.770000457763672,26.860000610351562,26.56999969482422,26.84000015258789,25.481657028198242,10100
2018-04-12,26.899999618530273,27.399999618530273,26.899999618530273,27.25,25.870906829833984,19400
2018-04-13,27.399999618530273,27.399999618530273,26.290000915527344,27.25,25.870906829833984,30100
2018-04-16,27.3700008392334,27.760000228881836,26.200000762939453,27.440000534057617,26.05129051208496,24100
2018-04-17,27.440000534057617,27.729999542236328,27.1200008392334,27.440000534057617,26.05129051208496,38500
2018-04-18,27.450000762939453,27.559999465942383,27.190000534057617,27.280000686645508,25.899389266967773,18800
2018-04-19,27.200000762939453,27.729999542236328,27.18000030517578,27.670000076293945,26.269649505615234,11300
2018-04-20,27.59000015258789,28.299999237060547,27.59000015258789,27.989999771118164,26.573453903198242,22800
2018-04-23,28.100000381469727,28.520000457763672,27.31999969482422,28.520000457763672,27.076635360717773,19000
2018-04-24,28.59000015258789,29.389999389648438,28.5,29.329999923706055,27.845640182495117,58000
2018-04-25,29.450000762939453,29.549999237060547,28.920000076293945,29.020000457763672,27.55133056640625,24300
2018-04-26,29.100000381469727,29.100000381469727,28.350000381469727,28.489999771118164,27.04815101623535,32200
2018-04-27,28.450000762939453,28.729999542236328,28.079999923706055,28.559999465942383,27.11461067199707,17200
2018-04-30,28.559999465942383,28.610000610351562,27.860000610351562,27.860000610351562,26.450037002563477,28000
2018-05-01,27.31999969482422,28.040000915527344,27.1299991607666,27.940000534057617,26.52598762512207,20300
2018-05-02,27.81999969482422,28.25,27.540000915527344,27.850000381469727,26.592830657958984,29400
2018-05-03,27.760000228881836,27.760000228881836,27.350000381469727,27.65999984741211,26.411405563354492,9000
2018-05-04,27.520000457763672,28.760000228881836,27.520000457763672,27.950000762939453,26.68831443786621,33900
2018-05-07,28.0,28.1299991607666,27.829999923706055,27.93000030517578,26.66921615600586,19800
2018-05-08,27.920000076293945,28.450000762939453,27.56999969482422,28.360000610351562,27.079805374145508,24400
2018-05-09,28.389999389648438,28.75,28.389999389648438,28.510000228881836,27.22303581237793,17500
2018-05-10,28.520000457763672,28.520000457763672,28.15999984741211,28.3700008392334,27.08935546875,13900
2018-05-11,28.3700008392334,28.3700008392334,28.100000381469727,28.200000762939453,26.92702865600586,16000
2018-05-14,28.239999771118164,28.239999771118164,27.770000457763672,27.809999465942383,26.55463218688965,16800
2018-05-15,27.790000915527344,28.100000381469727,27.790000915527344,28.040000915527344,26.774250030517578,18300
2018-05-16,28.049999237060547,28.229999542236328,27.969999313354492,28.049999237060547,26.783798217773438,19100
2018-05-17,28.100000381469727,28.489999771118164,28.100000381469727,28.399999618530273,27.11800193786621,17900
2018-05-18,28.450000762939453,28.600000381469727,28.239999771118164,28.450000762939453,27.165742874145508,27500
2018-05-21,28.450000762939453,28.75,28.260000228881836,28.56999969482422,27.280324935913086,15500
2018-05-22,28.690000534057617,29.0,28.6299991607666,28.729999542236328,27.433103561401367,11300
2018-05-23,28.709999084472656,28.920000076293945,28.5,28.8799991607666,27.576330184936523,12000
2018-05-24,28.809999465942383,28.809999465942383,28.280000686645508,28.600000381469727,27.30897331237793,15200
2018-05-25,28.510000228881836,28.8700008392334,28.440000534057617,28.559999465942383,27.270776748657227,14000
2018-05-29,28.350000381469727,28.600000381469727,27.90999984741211,28.09000015258789,26.82199478149414,24500
2018-05-30,28.170000076293945,28.670000076293945,28.09000015258789,28.3700008392334,27.08935546875,24600
2018-05-31,28.3700008392334,28.540000915527344,28.100000381469727,28.239999771118164,26.965221405029297,27700
2018-06-01,28.360000610351562,28.649999618530273,28.360000610351562,28.579999923706055,27.289873123168945,17200
2018-06-04,28.530000686645508,29.049999237060547,28.530000686645508,29.0,27.690916061401367,21300
2018-06-05,28.959999084472656,29.389999389648438,28.959999084472656,29.290000915527344,27.967824935913086,24700
2018-06-06,29.280000686645508,29.5,29.0,29.450000762939453,28.120601654052734,34500
2018-06-07,29.440000534057617,29.729999542236328,29.350000381469727,29.6299991607666,28.2924747467041,18500
2018-06-08,29.520000457763672,29.959999084472656,29.469999313354492,29.479999542236328,28.149246215820312,12800
2018-06-11,29.440000534057617,29.489999771118164,28.989999771118164,29.149999618530273,27.834144592285156,16300
2018-06-12,29.190000534057617,29.43000030517578,28.59000015258789,28.68000030517578,27.385360717773438,18300
2018-06-13,29.280000686645508,29.479999542236328,28.700000762939453,28.860000610351562,27.557233810424805,10100
2018-06-14,28.950000762939453,28.950000762939453,28.440000534057617,28.90999984741211,27.604976654052734,17300
2018-06-15,28.790000915527344,29.280000686645508,28.530000686645508,28.989999771118164,27.681365966796875,35500
2018-06-18,28.969999313354492,29.399999618530273,28.8700008392334,29.229999542236328,27.910533905029297,18800
2018-06-19,29.149999618530273,29.65999984741211,29.149999618530273,29.540000915527344,28.206541061401367,19500
2018-06-20,29.649999618530273,29.8799991607666,29.3700008392334,29.549999237060547,28.216087341308594,20800
2018-06-21,29.479999542236328,29.600000381469727,28.90999984741211,29.229999542236328,27.910533905029297,32900
2018-06-22,29.3700008392334,29.559999465942383,28.829999923706055,29.31999969482422,27.996469497680664,151300
2018-06-25,29.049999237060547,29.170000076293945,28.579999923706055,28.709999084472656,27.41400718688965,74200
2018-06-26,28.780000686645508,28.780000686645508,27.690000534057617,28.329999923706055,27.051158905029297,41800
2018-06-27,28.219999313354492,28.3799991607666,27.770000457763672,27.770000457763672,26.516441345214844,23000
2018-06-28,27.81999969482422,28.170000076293945,27.31999969482422,28.010000228881836,26.74560546875,43600
2018-06-29,28.1299991607666,28.360000610351562,28.040000915527344,28.239999771118164,26.965221405029297,50500
2018-07-02,28.190000534057617,28.969999313354492,28.190000534057617,28.600000381469727,27.30897331237793,63300
2018-07-03,28.68000030517578,29.079999923706055,28.68000030517578,28.780000686645508,27.480846405029297,18200
2018-07-05,28.799999237060547,29.34000015258789,28.719999313354492,29.09000015258789,27.776853561401367,22200
2018-07-06,29.100000381469727,29.360000610351562,28.940000534057617,29.020000457763672,27.71001434326172,19400
2018-07-09,29.06999969482422,29.56999969482422,29.030000686645508,29.350000381469727,28.025115966796875,36900
2018-07-10,29.440000534057617,29.440000534057617,28.84000015258789,28.959999084472656,27.65271759033203,20300
2018-07-11,28.8799991607666,29.190000534057617,28.1299991607666,28.75,27.452199935913086,27300
2018-07-12,28.8799991607666,28.8799991607666,28.1299991607666,28.5,27.21348762512207,26300
2018-07-13,28.6299991607666,28.940000534057617,28.209999084472656,28.329999923706055,27.051158905029297,14000
2018-07-16,28.270000457763672,28.579999923706055,28.260000228881836,28.559999465942383,27.270776748657227,20900
2018-07-17,28.459999084472656,28.889999389648438,28.389999389648438,28.43000030517578,27.14664649963379,17100
2018-07-18,28.389999389648438,28.739999771118164,28.360000610351562,28.729999542236328,27.433103561401367,26500
2018-07-19,28.639999389648438,28.989999771118164,28.639999389648438,28.90999984741211,27.604976654052734,24800
2018-07-20,28.829999923706055,29.15999984741211,28.030000686645508,29.049999237060547,27.738656997680664,26900
2018-07-23,29.100000381469727,29.549999237060547,29.100000381469727,29.450000762939453,28.120601654052734,27200
2018-07-24,29.600000381469727,29.600000381469727,29.219999313354492,29.350000381469727,28.025115966796875,11100
2018-07-25,29.440000534057617,29.440000534057617,29.010000228881836,29.239999771118164,27.920082092285156,14800
2018-07-26,29.309999465942383,29.860000610351562,28.860000610351562,29.84000015258789,28.493000030517578,21000
2018-07-27,29.84000015258789,30.010000228881836,29.34000015258789,29.450000762939453,28.120601654052734,42100
2018-07-30,29.559999465942383,29.829999923706055,29.290000915527344,29.3799991607666,28.05375862121582,21000
2018-07-31,29.489999771118164,29.68000030517578,29.360000610351562,29.540000915527344,28.206541061401367,30600
2018-08-01,29.399999618530273,29.610000610351562,29.399999618530273,29.440000534057617,28.264144897460938,11700
2018-08-02,29.639999389648438,29.780000686645508,29.260000228881836,29.75,28.5617618560791,22600
2018-08-03,29.670000076293945,29.75,29.020000457763672,29.100000381469727,27.93772315979004,14600
2018-08-06,29.239999771118164,29.239999771118164,28.6299991607666,29.18000030517578,28.0145263671875,11000
2018-08-07,29.170000076293945,29.260000228881836,29.040000915527344,29.190000534057617,28.024127960205078,11600
2018-08-08,29.18000030517578,29.68000030517578,29.020000457763672,29.68000030517578,28.494558334350586,139200
2018-08-09,29.65999984741211,29.68000030517578,29.149999618530273,29.440000534057617,28.264144897460938,14800
2018-08-10,29.239999771118164,29.299999237060547,29.040000915527344,29.200000762939453,28.033729553222656,41700
2018-08-13,29.25,29.25,29.0,29.200000762939453,28.033729553222656,124600
2018-08-14,29.229999542236328,29.5,29.200000762939453,29.479999542236328,28.30254554748535,20900
2018-08-15,29.309999465942383,29.31999969482422,29.020000457763672,29.25,28.08173370361328,27300
2018-08-16,29.290000915527344,29.450000762939453,29.15999984741211,29.3700008392334,28.196941375732422,25800
2018-08-17,29.31999969482422,29.719999313354492,29.270000457763672,29.6299991607666,28.446552276611328,135900
2018-08-20,29.639999389648438,29.639999389648438,29.280000686645508,29.579999923706055,28.3985538482666,23700
2018-08-21,29.6299991607666,29.90999984741211,29.520000457763672,29.739999771118164,28.552160263061523,158000
2018-08-22,29.670000076293945,30.0,29.6200008392334,29.989999771118164,28.792179107666016,22400
2018-08-23,29.969999313354492,29.979999542236328,29.700000762939453,29.920000076293945,28.7249698638916,37000
2018-08-24,29.920000076293945,30.0,29.790000915527344,29.940000534057617,28.744173049926758,139700
2018-08-27,29.93000030517578,29.989999771118164,29.709999084472656,29.709999084472656,28.523357391357422,36800
2018-08-28,29.700000762939453,29.700000762939453,28.239999771118164,29.209999084472656,28.0433292388916,58700
2018-08-29,29.110000610351562,29.610000610351562,29.110000610351562,29.489999771118164,28.312143325805664,48900
2018-08-30,29.5,29.6200008392334,29.229999542236328,29.40999984741211,28.23533821105957,36000
2018-08-31,29.3799991607666,29.700000762939453,28.90999984741211,29.670000076293945,28.48495864868164,26800
2018-09-04,29.670000076293945,29.709999084472656,29.200000762939453,29.5,28.321746826171875,25900
2018-09-05,29.540000915527344,30.09000015258789,29.280000686645508,30.059999465942383,28.8593807220459,32700
2018-09-06,30.059999465942383,30.299999237060547,29.450000762939453,30.299999237060547,29.089792251586914,20600
2018-09-07,30.299999237060547,30.450000762939453,30.0,30.360000610351562,29.147397994995117,25500
2018-09-10,30.43000030517578,31.190000534057617,30.389999389648438,30.899999618530273,29.665828704833984,37500
2018-09-11,30.8700008392334,31.09000015258789,30.25,30.530000686645508,29.31060791015625,27000
2018-09-12,30.489999771118164,30.6299991607666,30.049999237060547,30.43000030517578,29.2146053314209,32400
2018-09-13,30.520000457763672,30.649999618530273,30.09000015258789,30.350000381469727,29.137798309326172,24200
2018-09-14,30.399999618530273,30.729999542236328,29.8700008392334,30.610000610351562,29.387413024902344,142700
2018-09-17,30.479999542236328,30.579999923706055,30.290000915527344,30.399999618530273,29.185800552368164,32600
2018-09-18,30.5,30.8799991607666,30.260000228881836,30.420000076293945,29.205001831054688,33600
2018-09-19,30.489999771118164,30.579999923706055,29.969999313354492,30.100000381469727,28.897783279418945,43000
2018-09-20,30.260000228881836,30.790000915527344,30.260000228881836,30.420000076293945,29.205001831054688,50100
2018-09-21,30.440000534057617,31.020000457763672,29.670000076293945,29.90999984741211,28.71537208557129,185500
2018-09-24,30.0,30.43000030517578,29.579999923706055,29.760000228881836,28.57136344909668,40000
2018-09-25,29.84000015258789,30.030000686645508,29.479999542236328,29.489999771118164,28.312143325805664,24900
2018-09-26,29.56999969482422,29.8700008392334,28.90999984741211,28.969999313354492,27.812911987304688,20400
2018-09-27,29.079999923706055,29.309999465942383,28.809999465942383,28.8700008392334,27.716909408569336,21700
2018-09-28,28.829999923706055,29.100000381469727,28.729999542236328,28.899999618530273,27.745712280273438,27400
2018-10-01,28.899999618530273,29.0,28.219999313354492,28.290000915527344,27.160078048706055,29700
2018-10-02,28.270000457763672,28.270000457763672,27.65999984741211,27.8799991607666,26.766450881958008,38700
2018-10-03,27.969999313354492,28.579999923706055,27.520000457763672,28.56999969482422,27.428890228271484,16600
2018-10-04,28.559999465942383,29.020000457763672,28.15999984741211,28.489999771118164,27.352087020874023,38800
2018-10-05,28.450000762939453,28.56999969482422,27.59000015258789,27.729999542236328,26.622440338134766,35000
2018-10-08,27.729999542236328,28.389999389648438,27.6299991607666,28.100000381469727,26.977664947509766,45700
2018-10-09,27.940000534057617,28.510000228881836,27.940000534057617,28.110000610351562,26.98726463317871,28700
2018-10-10,28.100000381469727,28.399999618530273,27.709999084472656,27.770000457763672,26.660844802856445,108200
2018-10-11,27.639999389648438,27.959999084472656,27.09000015258789,27.40999984741211,26.315223693847656,79700
2018-10-12,27.549999237060547,27.889999389648438,26.399999618530273,26.600000381469727,25.537574768066406,74700
2018-10-15,27.110000610351562,27.209999084472656,26.56999969482422,26.950000762939453,25.87359619140625,29500
2018-10-16,26.969999313354492,27.420000076293945,26.75,27.299999237060547,26.20961570739746,31300
2018-10-17,27.229999542236328,27.459999084472656,26.920000076293945,27.219999313354492,26.132810592651367,25400
2018-10-18,27.1299991607666,27.229999542236328,26.850000381469727,26.940000534057617,25.863994598388672,24000
2018-10-19,26.829999923706055,27.139999389648438,26.829999923706055,26.950000762939453,25.87359619140625,45300
2018-10-22,26.940000534057617,26.989999771118164,25.790000915527344,26.18000030517578,25.134349822998047,60200
2018-10-23,27.610000610351562,27.610000610351562,26.600000381469727,26.950000762939453,25.87359619140625,84000
2018-10-24,26.979999542236328,27.3700008392334,25.899999618530273,25.93000030517578,24.89433479309082,55700
2018-10-25,26.1200008392334,27.280000686645508,26.1200008392334,27.280000686645508,26.19041633605957,35300
2018-10-26,27.110000610351562,27.360000610351562,26.809999465942383,27.079999923706055,25.998403549194336,45800
2018-10-29,27.209999084472656,27.959999084472656,27.18000030517578,27.459999084472656,26.36322593688965,39300
2018-10-30,27.459999084472656,27.760000228881836,27.049999237060547,27.59000015258789,26.488033294677734,26700
2018-10-31,27.709999084472656,27.709999084472656,27.1299991607666,27.229999542236328,26.294898986816406,39300
2018-11-01,27.229999542236328,27.649999618530273,26.959999084472656,26.989999771118164,26.063142776489258,20100
2018-11-02,27.09000015258789,27.889999389648438,27.020000457763672,27.809999465942383,26.854982376098633,23900
2018-11-05,27.799999237060547,28.190000534057617,27.450000762939453,27.56999969482422,26.623226165771484,31200
2018-11-06,27.5,27.829999923706055,27.34000015258789,27.829999923706055,26.874296188354492,13300
2018-11-07,27.860000610351562,27.969999313354492,27.600000381469727,27.90999984741211,26.951549530029297,19600
2018-11-08,27.770000457763672,28.200000762939453,27.510000228881836,28.139999389648438,27.17365074157715,24900
2018-11-09,28.1200008392334,28.290000915527344,27.950000762939453,28.15999984741211,27.192964553833008,173100
2018-11-12,28.15999984741211,28.5,27.809999465942383,28.09000015258789,27.125368118286133,27600
2018-11-13,28.079999923706055,28.389999389648438,27.899999618530273,28.190000534057617,27.221935272216797,76000
2018-11-14,28.399999618530273,28.399999618530273,27.15999984741211,27.309999465942383,26.372154235839844,35700
2018-11-15,27.110000610351562,27.68000030517578,27.110000610351562,27.579999923706055,26.63288116455078,15900
2018-11-16,27.450000762939453,27.709999084472656,27.020000457763672,27.350000381469727,26.41077995300293,31700
2018-11-19,27.329999923706055,27.579999923706055,26.899999618530273,27.450000762939453,26.507349014282227,39900
2018-11-20,27.31999969482422,27.559999465942383,27.170000076293945,27.40999984741211,26.468719482421875,82400
2018-11-21,27.40999984741211,27.459999084472656,26.8799991607666,26.989999771118164,26.063142776489258,18000
2018-11-23,26.90999984741211,26.950000762939453,26.6299991607666,26.93000030517578,26.005203247070312,6800
2018-11-26,26.979999542236328,27.860000610351562,26.670000076293945,27.709999084472656,26.758419036865234,75300
2018-11-27,27.600000381469727,28.020000457763672,27.600000381469727,27.739999771118164,26.787389755249023,31800
2018-11-28,27.75,28.459999084472656,27.5,28.309999465942383,27.337810516357422,84400
2018-11-29,28.31999969482422,28.5,28.010000228881836,28.209999084472656,27.24124526977539,21500
2018-11-30,28.219999313354492,28.780000686645508,28.049999237060547,28.399999618530273,27.424724578857422,47300
2018-12-03,28.670000076293945,28.670000076293945,27.93000030517578,28.219999313354492,27.25090217590332,55000
2018-12-04,28.110000610351562,28.920000076293945,26.459999084472656,26.649999618530273,25.734819412231445,35600
2018-12-06,26.489999771118164,26.729999542236328,25.940000534057617,26.68000030517578,25.763790130615234,43600
2018-12-07,26.690000534057617,27.43000030517578,26.43000030517578,26.690000534057617,25.773447036743164,33400
2018-12-10,26.510000228881836,27.350000381469727,26.15999984741211,26.530000686645508,25.618942260742188,33200
2018-12-11,26.690000534057617,27.040000915527344,26.350000381469727,26.479999542236328,25.57065773010254,9700
2018-12-12,26.780000686645508,26.979999542236328,26.56999969482422,26.65999984741211,25.744474411010742,21300
2018-12-13,26.760000228881836,27.809999465942383,25.799999237060547,25.989999771118164,25.097482681274414,56500
2018-12-14,25.90999984741211,25.90999984741211,23.31999969482422,25.280000686645508,24.411867141723633,66100
2018-12-17,25.010000228881836,25.899999618530273,24.719999313354492,25.360000610351562,24.489118576049805,40700
2018-12-18,25.479999542236328,26.200000762939453,24.68000030517578,24.760000228881836,23.909725189208984,27600
2018-12-19,24.829999923706055,25.040000915527344,23.799999237060547,23.8799991607666,23.0599422454834,25500
2018-12-20,23.8700008392334,24.469999313354492,23.239999771118164,24.030000686645508,23.204792022705078,35000
2018-12-21,24.059999465942383,24.18000030517578,23.579999923706055,23.6299991607666,22.818525314331055,63300
2018-12-24,23.299999237060547,23.81999969482422,22.969999313354492,22.969999313354492,22.181190490722656,13600
2018-12-26,23.100000381469727,24.229999542236328,22.940000534057617,23.940000534057617,23.117881774902344,29500
2018-12-27,23.670000076293945,24.809999465942383,22.979999542236328,23.540000915527344,22.731618881225586,27600
2018-12-28,23.469999313354492,24.299999237060547,23.469999313354492,24.09000015258789,23.262731552124023,25600
2018-12-31,24.100000381469727,24.190000534057617,23.84000015258789,24.030000686645508,23.204792022705078,16600
2019-01-02,23.8700008392334,24.3799991607666,23.829999923706055,24.3700008392334,23.53311538696289,87400
2019-01-03,24.229999542236328,24.709999084472656,24.229999542236328,24.270000457763672,23.436552047729492,77400
2019-01-04,24.299999237060547,24.850000381469727,24.299999237060547,24.549999237060547,23.70693588256836,47100
2019-01-07,24.350000381469727,24.950000762939453,24.350000381469727,24.760000228881836,23.909725189208984,62900
2019-01-08,24.8799991607666,25.3799991607666,24.8799991607666,25.260000228881836,24.392553329467773,17300
2019-01-09,25.3799991607666,25.3799991607666,24.8799991607666,25.100000381469727,24.238048553466797,21300
2019-01-10,24.969999313354492,25.420000076293945,24.610000610351562,25.079999923706055,24.218734741210938,13500
2019-01-11,24.940000534057617,25.149999618530273,24.75,25.049999237060547,24.18976402282715,19000
2019-01-14,24.889999389648438,25.40999984741211,24.850000381469727,24.860000610351562,24.006290435791016,26100
2019-01-15,24.68000030517578,25.079999923706055,24.670000076293945,24.940000534057617,24.083539962768555,20300
2019-01-16,25.15999984741211,25.489999771118164,25.06999969482422,25.479999542236328,24.604999542236328,22700
2019-01-17,25.389999389648438,25.850000381469727,25.31999969482422,25.579999923706055,24.701562881469727,25600
2019-01-18,25.56999969482422,26.25,25.299999237060547,26.25,25.34855842590332,96300
2019-01-22,25.850000381469727,27.579999923706055,25.850000381469727,26.75,25.831384658813477,132400
2019-01-23,26.75,26.969999313354492,25.8700008392334,26.75,25.831384658813477,38600
2019-01-24,26.75,27.190000534057617,25.969999313354492,26.1299991607666,25.232675552368164,31900
2019-01-25,26.25,26.979999542236328,26.25,26.90999984741211,25.98589324951172,52900
2019-01-28,26.75,27.020000457763672,26.440000534057617,26.920000076293945,25.99554443359375,40000
2019-01-29,27.1200008392334,27.219999313354492,26.739999771118164,26.940000534057617,26.014862060546875,20500
2019-01-30,26.93000030517578,27.200000762939453,26.5,26.6299991607666,25.888477325439453,32200
2019-01-31,26.510000228881836,26.860000610351562,26.309999465942383,26.600000381469727,25.85931396484375,32000
2019-02-01,26.799999237060547,26.889999389648438,26.399999618530273,26.760000228881836,26.014860153198242,23400
2019-02-04,26.860000610351562,26.8700008392334,26.420000076293945,26.770000457763672,26.024581909179688,13600
2019-02-05,26.75,26.8799991607666,26.709999084472656,26.739999771118164,25.99541664123535,6200
2019-02-06,26.549999237060547,26.729999542236328,26.479999542236328,26.559999465942383,25.8204288482666,14400
2019-02-07,26.739999771118164,27.479999542236328,26.690000534057617,26.84000015258789,26.092632293701172,27500
2019-02-08,26.770000457763672,26.860000610351562,26.6200008392334,26.6299991607666,25.888477325439453,29700
2019-02-11,26.690000534057617,26.84000015258789,26.31999969482422,26.700000762939453,25.956533432006836,22100
2019-02-12,26.75,27.190000534057617,26.18000030517578,27.15999984741211,26.403722763061523,27700
2019-02-13,27.170000076293945,27.3700008392334,27.040000915527344,27.25,26.491214752197266,10700
2019-02-14,27.079999923706055,27.239999771118164,26.690000534057617,26.959999084472656,26.20928955078125,21000
2019-02-15,27.010000228881836,27.809999465942383,26.670000076293945,27.399999618530273,26.63703727722168,32500
2019-02-19,27.389999389648438,27.440000534057617,27.25,27.34000015258789,26.578710556030273,21700
2019-02-20,27.170000076293945,27.299999237060547,24.170000076293945,27.1299991607666,26.374557495117188,45500
2019-02-21,27.1200008392334,27.309999465942383,27.040000915527344,27.299999237060547,26.539823532104492,17700
2019-02-22,27.299999237060547,27.459999084472656,27.020000457763672,27.459999084472656,26.69536590576172,17000
2019-02-25,27.5,27.5,26.389999389648438,27.299999237060547,26.539823532104492,75700
2019-02-26,27.290000915527344,27.31999969482422,26.899999618530273,26.940000534057617,26.189849853515625,22400
2019-02-27,26.93000030517578,27.1299991607666,26.610000610351562,27.049999237060547,26.296785354614258,34500
2019-02-28,27.219999313354492,27.219999313354492,26.920000076293945,26.950000762939453,26.199569702148438,25200
2019-03-01,27.059999465942383,27.25,26.770000457763672,27.1200008392334,26.364835739135742,21300
2019-03-04,27.0,27.260000228881836,27.0,27.149999618530273,26.393999099731445,48400
2019-03-05,27.040000915527344,27.139999389648438,26.829999923706055,26.950000762939453,26.199569702148438,16200
2019-03-06,26.959999084472656,27.0,26.09000015258789,26.09000015258789,25.363515853881836,38900
2019-03-07,26.100000381469727,26.100000381469727,25.389999389648438,25.389999389648438,24.683008193969727,18700
2019-03-08,25.25,25.81999969482422,25.18000030517578,25.3700008392334,24.66356658935547,35900
2019-03-11,25.31999969482422,25.959999084472656,25.260000228881836,25.8799991607666,25.15936279296875,19600
2019-03-12,25.8700008392334,25.920000076293945,25.510000228881836,25.559999465942383,24.8482723236084,12600
2019-03-13,25.649999618530273,25.81999969482422,25.540000915527344,25.65999984741211,24.94548797607422,21800
2019-03-14,25.65999984741211,26.0,25.399999618530273,25.5,24.789945602416992,17600
2019-03-15,25.5,25.81999969482422,25.43000030517578,25.639999389648438,24.926044464111328,69500
2019-03-18,25.6299991607666,25.8700008392334,25.6299991607666,25.860000610351562,25.13991928100586,7500
2019-03-19,26.040000915527344,26.040000915527344,25.170000076293945,25.229999542236328,24.5274600982666,13000
2019-03-20,25.239999771118164,25.450000762939453,23.920000076293945,24.280000686645508,23.603918075561523,21100
2019-03-21,24.229999542236328,24.459999084472656,23.889999389648438,24.030000686645508,23.360877990722656,16400
2019-03-22,23.8799991607666,23.979999542236328,22.68000030517578,23.170000076293945,22.524826049804688,56800
2019-03-25,23.15999984741211,23.709999084472656,23.059999465942383,23.68000030517578,23.02062225341797,25000
2019-03-26,23.799999237060547,24.200000762939453,23.799999237060547,24.200000762939453,23.52614402770996,17400
2019-03-27,24.100000381469727,24.489999771118164,24.049999237060547,24.31999969482422,23.64280128479004,11500
2019-03-28,24.440000534057617,24.469999313354492,24.260000228881836,24.420000076293945,23.740018844604492,7600
2019-03-29,24.59000015258789,24.799999237060547,24.040000915527344,24.299999237060547,23.62335968017578,24400
2019-04-01,24.459999084472656,24.889999389648438,24.3700008392334,24.700000762939453,24.012222290039062,14000
2019-04-02,24.520000457763672,24.690000534057617,24.299999237060547,24.65999984741211,23.97333526611328,8800
2019-04-03,24.790000915527344,25.030000686645508,24.350000381469727,24.59000015258789,23.905284881591797,22500
2019-04-04,24.59000015258789,24.739999771118164,24.239999771118164,24.579999923706055,23.89556121826172,15800
2019-04-05,24.59000015258789,25.149999618530273,24.59000015258789,25.010000228881836,24.313587188720703,17500
2019-04-08,25.0,25.0,24.6200008392334,24.790000915527344,24.099714279174805,18600
2019-04-09,24.700000762939453,24.780000686645508,24.360000610351562,24.360000610351562,23.681690216064453,9300
2019-04-10,24.270000457763672,24.889999389648438,24.270000457763672,24.889999389648438,24.196928024291992,11100
2019-04-11,24.860000610351562,24.889999389648438,24.6299991607666,24.6299991607666,23.944169998168945,6000
2019-04-12,24.84000015258789,25.1299991607666,24.709999084472656,25.1299991607666,24.430246353149414,14600
2019-04-15,25.389999389648438,25.440000534057617,24.549999237060547,24.549999237060547,23.866397857666016,11700
2019-04-16,24.530000686645508,24.969999313354492,24.530000686645508,24.549999237060547,23.866397857666016,26800
2019-04-17,24.68000030517578,24.809999465942383,24.31999969482422,24.719999313354492,24.03166389465332,14400
2019-04-18,24.59000015258789,24.68000030517578,24.270000457763672,24.450000762939453,23.769184112548828,15800
2019-04-22,24.010000228881836,25.309999465942383,24.010000228881836,24.989999771118164,24.294147491455078,39500
2019-04-23,24.700000762939453,26.479999542236328,24.700000762939453,25.649999618530273,24.935768127441406,78300
2019-04-24,25.559999465942383,26.450000762939453,25.559999465942383,25.940000534057617,25.217695236206055,37000
2019-04-25,25.950000762939453,26.09000015258789,25.770000457763672,25.969999313354492,25.246854782104492,14600
2019-04-26,25.979999542236328,26.329999923706055,25.530000686645508,26.239999771118164,25.50933837890625,25100
2019-04-29,26.420000076293945,26.809999465942383,26.1299991607666,26.790000915527344,26.044025421142578,30300
2019-04-30,26.68000030517578,27.270000457763672,26.3799991607666,26.459999084472656,25.72321128845215,61300
2019-05-01,26.350000381469727,26.600000381469727,26.020000457763672,26.34000015258789,25.781944274902344,28300
2019-05-02,26.389999389648438,26.649999618530273,26.299999237060547,26.59000015258789,26.026647567749023,21900
2019-05-03,26.65999984741211,27.59000015258789,26.389999389648438,27.559999465942383,26.976093292236328,54700
2019-05-06,27.200000762939453,27.649999618530273,26.15999984741211,27.549999237060547,26.966306686401367,31400
2019-05-07,27.979999542236328,27.979999542236328,27.06999969482422,27.18000030517578,26.604145050048828,30400
2019-05-08,27.229999542236328,27.309999465942383,27.0,27.0,26.427959442138672,14700
2019-05-09,26.780000686645508,27.440000534057617,26.280000686645508,27.079999923706055,26.50626564025879,19800
2019-05-10,27.0,27.0,26.639999389648438,26.829999923706055,26.261560440063477,18400
2019-05-13,26.510000228881836,27.18000030517578,25.850000381469727,25.93000030517578,25.380630493164062,20000
2019-05-14,26.09000015258789,26.700000762939453,25.799999237060547,26.40999984741211,25.8504581451416,14900
2019-05-15,26.1299991607666,26.639999389648438,25.950000762939453,26.5,25.938552856445312,31100
2019-05-16,26.600000381469727,26.790000915527344,26.440000534057617,26.670000076293945,26.104951858520508,10100
2019-05-17,26.5,26.790000915527344,26.299999237060547,26.389999389648438,25.830883026123047,22100
2019-05-20,26.290000915527344,26.969999313354492,26.290000915527344,26.440000534057617,25.879823684692383,16600
2019-05-21,26.479999542236328,26.770000457763672,26.399999618530273,26.559999465942383,25.997282028198242,18400
2019-05-22,26.520000457763672,26.520000457763672,25.899999618530273,26.1299991607666,25.576391220092773,8700
2019-05-23,25.8700008392334,26.290000915527344,25.350000381469727,25.360000610351562,24.82270622253418,12700
2019-05-24,25.799999237060547,26.0,25.479999542236328,25.639999389648438,25.096771240234375,16200
2019-05-28,25.639999389648438,25.8700008392334,25.520000457763672,25.65999984741211,25.116348266601562,22300
2019-05-29,25.5,25.950000762939453,25.43000030517578,25.790000915527344,25.24359703063965,14000
2019-05-30,25.739999771118164,25.860000610351562,25.200000762939453,25.389999389648438,24.852069854736328,14200
2019-05-31,24.90999984741211,25.530000686645508,24.790000915527344,24.799999237060547,24.274568557739258,20900
2019-06-03,24.81999969482422,25.139999389648438,24.639999389648438,25.110000610351562,24.5780029296875,18700
2019-06-04,25.040000915527344,25.799999237060547,25.040000915527344,25.799999237060547,25.253381729125977,23000
2019-06-05,25.65999984741211,26.100000381469727,25.18000030517578,25.260000228881836,24.724824905395508,13400
2019-06-06,25.34000015258789,25.530000686645508,24.81999969482422,25.329999923706055,24.7933406829834,14600
2019-06-07,25.190000534057617,25.40999984741211,24.829999923706055,25.049999237060547,24.51927375793457,13500
2019-06-10,25.200000762939453,25.690000534057617,25.190000534057617,25.3700008392334,24.832494735717773,19700
2019-06-11,25.209999084472656,25.450000762939453,25.139999389648438,25.40999984741211,24.871646881103516,14200
2019-06-12,25.34000015258789,25.799999237060547,24.40999984741211,25.360000610351562,24.82270622253418,14100
2019-06-13,25.170000076293945,25.799999237060547,25.170000076293945,25.700000762939453,25.15550422668457,11900
2019-06-14,26.06999969482422,26.06999969482422,25.530000686645508,25.739999771118164,25.19465446472168,11200
2019-06-17,25.59000015258789,25.760000228881836,25.1200008392334,25.299999237060547,24.76397705078125,13800
2019-06-18,25.360000610351562,25.81999969482422,25.360000610351562,25.75,25.20444107055664,8700
2019-06-19,25.790000915527344,25.899999618530273,25.3799991607666,25.420000076293945,24.881433486938477,8000
2019-06-20,25.540000915527344,25.790000915527344,25.190000534057617,25.469999313354492,24.930374145507812,10800
2019-06-21,25.25,25.6200008392334,25.149999618530273,25.440000534057617,24.901010513305664,39000
2019-06-24,25.360000610351562,25.59000015258789,25.25,25.31999969482422,24.783552169799805,16300
2019-06-25,25.190000534057617,25.799999237060547,25.149999618530273,25.760000228881836,25.214231491088867,21400
2019-06-26,25.81999969482422,26.0,25.329999923706055,25.549999237060547,25.008678436279297,13000
2019-06-27,25.59000015258789,26.270000457763672,25.59000015258789,26.190000534057617,25.635120391845703,33300
2019-06-28,26.299999237060547,27.5,26.149999618530273,27.1200008392334,26.54541778564453,112500
2019-07-01,27.360000610351562,27.360000610351562,26.649999618530273,26.770000457763672,26.20283317565918,34400
2019-07-02,26.760000228881836,26.90999984741211,26.420000076293945,26.549999237060547,25.987491607666016,19000
2019-07-03,26.520000457763672,27.079999923706055,26.5,26.6299991607666,26.0657958984375,10800
2019-07-05,26.799999237060547,27.1299991607666,26.6299991607666,27.06999969482422,26.496475219726562,14400
2019-07-08,26.889999389648438,27.049999237060547,26.700000762939453,26.850000381469727,26.281137466430664,9400
2019-07-09,26.920000076293945,27.0,26.600000381469727,26.829999923706055,26.261560440063477,16400
2019-07-10,26.84000015258789,26.940000534057617,26.420000076293945,26.549999237060547,25.987491607666016,14500
2019-07-11,26.75,26.75,26.209999084472656,26.6200008392334,26.056011199951172,18900
2019-07-12,26.6299991607666,27.1200008392334,26.6299991607666,26.940000534057617,26.369232177734375,17000
2019-07-15,26.75,26.979999542236328,26.229999542236328,26.420000076293945,25.860248565673828,15900
2019-07-16,26.420000076293945,27.15999984741211,26.110000610351562,26.299999237060547,25.742788314819336,12600
2019-07-17,26.219999313354492,26.600000381469727,25.799999237060547,25.84000015258789,25.292537689208984,24900
2019-07-18,25.84000015258789,26.1200008392334,25.790000915527344,25.979999542236328,25.429569244384766,16300
2019-07-19,25.790000915527344,26.1299991607666,25.709999084472656,25.84000015258789,25.292537689208984,16900
2019-07-22,25.959999084472656,26.100000381469727,24.459999084472656,24.709999084472656,24.18647575378418,88900
2019-07-23,24.75,25.389999389648438,24.75,25.100000381469727,24.568214416503906,57800
2019-07-24,24.8799991607666,25.690000534057617,24.729999542236328,25.549999237060547,25.008678436279297,37000
2019-07-25,25.540000915527344,26.030000686645508,25.209999084472656,25.649999618530273,25.1065616607666,16300
2019-07-26,25.479999542236328,26.31999969482422,25.459999084472656,26.040000915527344,25.488300323486328,23800
2019-07-29,26.15999984741211,26.15999984741211,25.68000030517578,25.829999923706055,25.282747268676758,17200
2019-07-30,25.59000015258789,26.219999313354492,25.5,26.149999618530273,25.59596824645996,42400
2019-07-31,26.25,26.739999771118164,25.989999771118164,26.06999969482422,25.704423904418945,38700
2019-08-01,26.1200008392334,26.31999969482422,25.079999923706055,25.100000381469727,24.748027801513672,32400
2019-08-02,24.850000381469727,25.260000228881836,24.610000610351562,25.110000610351562,24.75788688659668,31800
2019-08-05,24.700000762939453,25.459999084472656,24.389999389648438,24.729999542236328,24.383214950561523,32200
2019-08-06,24.899999618530273,25.200000762939453,24.43000030517578,24.81999969482422,24.471952438354492,27500
2019-08-07,24.440000534057617,24.850000381469727,24.440000534057617,24.649999618530273,24.304336547851562,20900
2019-08-08,25.030000686645508,25.389999389648438,24.729999542236328,25.049999237060547,24.698728561401367,31300
2019-08-09,24.969999313354492,25.260000228881836,24.770000457763672,24.959999084472656,24.609989166259766,15600
2019-08-12,24.780000686645508,25.06999969482422,24.40999984741211,24.420000076293945,24.07756233215332,45500
2019-08-13,24.6200008392334,25.149999618530273,24.6200008392334,24.770000457763672,24.42265510559082,14500
2019-08-14,24.309999465942383,24.450000762939453,23.81999969482422,24.149999618530273,23.81134796142578,14400
2019-08-15,24.280000686645508,24.510000228881836,24.100000381469727,24.260000228881836,23.9198055267334,24800
2019-08-16,24.389999389648438,25.040000915527344,24.389999389648438,25.020000457763672,24.66914939880371,23900
2019-08-19,25.1200008392334,25.469999313354492,25.1200008392334,25.34000015258789,24.984663009643555,26100
2019-08-20,25.139999389648438,25.40999984741211,25.06999969482422,25.100000381469727,24.748027801513672,28000
2019-08-21,25.209999084472656,26.18000030517578,25.139999389648438,25.940000534057617,25.576248168945312,37700
2019-08-22,25.860000610351562,25.920000076293945,25.139999389648438,25.350000381469727,24.994522094726562,48400
2019-08-23,24.979999542236328,25.270000457763672,23.950000762939453,24.06999969482422,23.73246955871582,27500
2019-08-26,24.299999237060547,24.8700008392334,24.0,24.760000228881836,24.412796020507812,12500
2019-08-27,24.850000381469727,24.850000381469727,24.020000457763672,24.200000762939453,23.86064910888672,27200
2019-08-28,24.190000534057617,24.68000030517578,23.75,24.549999237060547,24.205738067626953,15200
2019-08-29,24.540000915527344,24.989999771118164,24.25,24.799999237060547,24.452232360839844,17000
2019-08-30,24.959999084472656,24.959999084472656,24.40999984741211,24.639999389648438,24.294475555419922,15500
2019-09-03,24.360000610351562,24.690000534057617,24.25,24.489999771118164,24.146581649780273,19600
2019-09-04,24.649999618530273,24.850000381469727,24.510000228881836,24.670000076293945,24.324058532714844,9000
2019-09-05,25.0,25.639999389648438,24.780000686645508,25.049999237060547,24.698728561401367,26600
2019-09-06,25.100000381469727,25.100000381469727,24.469999313354492,24.690000534057617,24.34377670288086,17600
2019-09-09,24.829999923706055,25.899999618530273,24.829999923706055,25.469999313354492,25.112838745117188,38700
2019-09-10,25.420000076293945,26.06999969482422,25.420000076293945,25.799999237060547,25.438209533691406,22800
2019-09-11,25.760000228881836,26.5,25.760000228881836,26.34000015258789,25.970640182495117,37700
2019-09-12,26.219999313354492,26.8799991607666,25.790000915527344,26.850000381469727,26.473487854003906,52000
2019-09-13,26.860000610351562,27.219999313354492,26.540000915527344,26.850000381469727,26.473487854003906,57600
2019-09-16,26.700000762939453,27.329999923706055,26.549999237060547,26.860000610351562,26.483346939086914,26800
2019-09-17,26.639999389648438,26.8700008392334,26.6299991607666,26.670000076293945,26.296010971069336,19600
2019-09-18,26.690000534057617,26.81999969482422,26.479999542236328,26.729999542236328,26.35516929626465,28800
2019-09-19,26.790000915527344,27.290000915527344,26.40999984741211,26.459999084472656,26.08895492553711,13600
2019-09-20,26.3700008392334,26.920000076293945,26.3700008392334,26.65999984741211,26.286151885986328,108700
2019-09-23,26.600000381469727,26.950000762939453,26.399999618530273,26.860000610351562,26.483346939086914,28800
2019-09-24,26.899999618530273,26.959999084472656,26.209999084472656,26.440000534057617,26.069236755371094,95100
2019-09-25,26.43000030517578,27.15999984741211,26.43000030517578,27.059999465942383,26.6805419921875,25700
2019-09-26,27.100000381469727,27.100000381469727,26.40999984741211,26.559999465942383,26.18755340576172,25500
2019-09-27,26.729999542236328,27.040000915527344,26.469999313354492,26.549999237060547,26.177692413330078,30200
2019-09-30,26.639999389648438,26.899999618530273,26.459999084472656,26.559999465942383,26.18755340576172,33000
2019-10-01,26.549999237060547,26.739999771118164,25.8700008392334,26.010000228881836,25.645265579223633,22400
2019-10-02,25.860000610351562,26.190000534057617,25.850000381469727,26.1200008392334,25.753725051879883,39900
2019-10-03,26.110000610351562,26.260000228881836,25.780000686645508,26.15999984741211,25.793163299560547,20800
2019-10-04,26.229999542236328,26.549999237060547,26.18000030517578,26.540000915527344,26.167835235595703,58400
2019-10-07,26.3799991607666,26.709999084472656,26.25,26.43000030517578,26.059377670288086,19800
2019-10-08,26.290000915527344,26.290000915527344,25.920000076293945,25.969999313354492,25.60582733154297,20000
2019-10-09,26.020000457763672,26.260000228881836,25.920000076293945,26.020000457763672,25.655126571655273,20100
2019-10-10,26.049999237060547,26.209999084472656,25.799999237060547,25.8799991607666,25.517087936401367,26600
2019-10-11,26.329999923706055,26.559999465942383,26.190000534057617,26.34000015258789,25.970640182495117,28700
2019-10-14,26.219999313354492,26.3700008392334,26.020000457763672,26.139999389648438,25.7734432220459,19600
2019-10-15,26.31999969482422,26.860000610351562,26.190000534057617,26.399999618530273,26.029796600341797,42800
2019-10-16,26.299999237060547,26.790000915527344,26.18000030517578,26.43000030517578,26.059377670288086,22800
2019-10-17,26.600000381469727,26.65999984741211,26.3799991607666,26.549999237060547,26.177692413330078,15900
2019-10-18,26.360000610351562,26.770000457763672,26.360000610351562,26.690000534057617,26.315731048583984,27200
2019-10-21,27.020000457763672,27.239999771118164,26.479999542236328,26.700000762939453,26.325592041015625,42200
2019-10-22,26.6299991607666,27.40999984741211,26.6299991607666,27.0,26.621383666992188,60400
2019-10-23,26.920000076293945,27.049999237060547,26.68000030517578,26.979999542236328,26.60166358947754,27800
2019-10-24,27.020000457763672,27.020000457763672,26.649999618530273,26.940000534057617,26.562225341796875,56800
2019-10-25,26.950000762939453,27.280000686645508,26.950000762939453,27.200000762939453,26.818580627441406,37300
2019-10-28,27.420000076293945,27.559999465942383,27.3700008392334,27.5,27.11437225341797,27400
2019-10-29,27.479999542236328,27.790000915527344,27.389999389648438,27.75,27.36086654663086,36700
2019-10-30,27.59000015258789,27.81999969482422,27.170000076293945,27.700000762939453,27.499855041503906,25800
2019-10-31,27.739999771118164,27.739999771118164,26.959999084472656,27.239999771118164,27.04317855834961,32900
2019-11-01,27.479999542236328,27.670000076293945,27.299999237060547,27.6299991607666,27.430360794067383,20700
2019-11-04,27.889999389648438,27.889999389648438,27.290000915527344,27.6299991607666,27.430360794067383,27400
2019-11-05,27.709999084472656,28.239999771118164,27.709999084472656,28.030000686645508,27.827470779418945,27900
2019-11-06,27.899999618530273,27.959999084472656,27.610000610351562,27.860000610351562,27.65869903564453,20700
2019-11-07,28.1299991607666,28.1299991607666,27.5,27.729999542236328,27.529638290405273,35200
2019-11-08,27.68000030517578,27.790000915527344,27.43000030517578,27.65999984741211,27.46014404296875,18500
2019-11-11,27.540000915527344,27.709999084472656,27.3700008392334,27.540000915527344,27.34101104736328,14700
2019-11-12,27.549999237060547,27.770000457763672,27.549999237060547,27.610000610351562,27.410505294799805,10000
2019-11-13,27.450000762939453,27.790000915527344,27.149999618530273,27.329999923706055,27.13252830505371,17300
2019-11-14,27.34000015258789,27.440000534057617,27.049999237060547,27.280000686645508,27.082889556884766,19400
2019-11-15,27.440000534057617,27.5,27.149999618530273,27.149999618530273,26.953828811645508,11600
2019-11-18,27.110000610351562,27.190000534057617,26.889999389648438,27.010000228881836,26.81484031677246,9800
2019-11-19,27.1299991607666,27.260000228881836,26.889999389648438,26.979999542236328,26.785057067871094,28100
2019-11-20,26.829999923706055,27.149999618530273,26.770000457763672,26.90999984741211,26.71556282043457,40100
2019-11-21,27.049999237060547,27.049999237060547,26.610000610351562,26.729999542236328,26.536863327026367,32000
2019-11-22,26.8799991607666,26.989999771118164,26.559999465942383,26.899999618530273,26.70563507080078,41700
2019-11-25,26.959999084472656,27.549999237060547,26.84000015258789,27.399999618530273,27.202022552490234,31300
2019-11-26,27.219999313354492,27.420000076293945,27.200000762939453,27.200000762939453,27.003467559814453,18500
2019-11-27,27.3799991607666,27.3799991607666,26.110000610351562,27.100000381469727,26.904190063476562,14500
2019-11-29,27.260000228881836,27.360000610351562,26.6200008392334,26.799999237060547,26.60635757446289,29300
2019-12-02,26.950000762939453,27.280000686645508,26.889999389648438,27.219999313354492,27.02332305908203,26600
2019-12-03,26.8700008392334,27.299999237060547,26.450000762939453,26.739999771118164,26.546791076660156,18600
2019-12-04,26.899999618530273,27.1200008392334,26.760000228881836,26.860000610351562,26.665924072265625,17500
2019-12-05,27.100000381469727,27.209999084472656,26.950000762939453,26.950000762939453,26.75527572631836,15500
2019-12-06,27.239999771118164,27.510000228881836,27.15999984741211,27.260000228881836,27.063034057617188,21700
2019-12-09,27.170000076293945,27.420000076293945,26.200000762939453,27.260000228881836,27.063034057617188,58400
2019-12-10,27.299999237060547,27.770000457763672,27.299999237060547,27.719999313354492,27.519710540771484,52500
2019-12-11,27.790000915527344,28.149999618530273,27.43000030517578,28.059999465942383,27.857254028320312,43900
2019-12-12,28.049999237060547,28.850000381469727,28.049999237060547,28.690000534057617,28.482702255249023,40900
2019-12-13,28.540000915527344,28.850000381469727,28.459999084472656,28.579999923706055,28.373497009277344,38400
2019-12-16,28.329999923706055,29.049999237060547,28.229999542236328,28.959999084472656,28.750749588012695,37900
2019-12-17,28.8700008392334,29.40999984741211,28.8700008392334,29.270000457763672,29.05851173400879,24100
2019-12-18,29.479999542236328,29.530000686645508,29.06999969482422,29.399999618530273,29.187570571899414,30000
2019-12-19,29.100000381469727,29.350000381469727,29.059999465942383,29.309999465942383,29.098220825195312,56000
2019-12-20,29.3700008392334,30.149999618530273,29.170000076293945,30.139999389648438,29.922224044799805,130000
2019-12-23,30.1299991607666,30.1299991607666,29.31999969482422,29.790000915527344,29.57475471496582,38900
2019-12-24,29.649999618530273,30.06999969482422,29.260000228881836,29.600000381469727,29.386127471923828,13900
2019-12-26,29.469999313354492,29.600000381469727,29.049999237060547,29.239999771118164,29.02872657775879,29300
2019-12-27,29.139999389648438,29.280000686645508,29.040000915527344,29.170000076293945,28.9592342376709,17600
2019-12-30,29.209999084472656,29.25,29.010000228881836,29.079999923706055,28.869884490966797,138300
2019-12-31,29.06999969482422,29.399999618530273,29.049999237060547,29.1200008392334,28.909595489501953,22800
2020-01-02,29.25,29.3700008392334,28.93000030517578,29.209999084472656,28.998943328857422,33900
2020-01-03,28.920000076293945,29.25,28.549999237060547,29.030000686645508,28.82024574279785,17400
2020-01-06,28.8700008392334,29.09000015258789,28.639999389648438,28.889999389648438,28.681255340576172,29500
2020-01-07,28.770000457763672,28.979999542236328,28.43000030517578,28.43000030517578,28.224580764770508,14200
2020-01-08,28.450000762939453,28.6299991607666,28.25,28.510000228881836,28.30400276184082,26400
2020-01-09,28.6200008392334,28.790000915527344,28.229999542236328,28.260000228881836,28.055809020996094,19400
2020-01-10,28.360000610351562,28.360000610351562,27.84000015258789,27.950000762939453,27.748048782348633,31200
2020-01-13,27.940000534057617,28.260000228881836,27.770000457763672,28.15999984741211,27.956531524658203,18100
2020-01-14,28.079999923706055,28.1200008392334,27.790000915527344,27.920000076293945,27.718265533447266,59300
2020-01-15,27.75,27.889999389648438,27.139999389648438,27.469999313354492,27.271516799926758,21100
2020-01-16,27.450000762939453,27.75,27.450000762939453,27.700000762939453,27.499855041503906,54600
2020-01-17,27.979999542236328,27.979999542236328,27.600000381469727,27.81999969482422,27.618988037109375,29100
2020-01-21,27.799999237060547,28.299999237060547,27.719999313354492,27.850000381469727,27.648771286010742,157400
2020-01-22,27.780000686645508,28.020000457763672,27.5,27.739999771118164,27.539566040039062,37800
2020-01-23,27.739999771118164,28.290000915527344,27.68000030517578,28.110000610351562,27.906892776489258,65700
2020-01-24,28.209999084472656,28.280000686645508,27.889999389648438,28.040000915527344,27.837398529052734,35900
2020-01-27,27.690000534057617,28.15999984741211,27.5,27.809999465942383,27.609060287475586,36000
2020-01-28,27.829999923706055,27.940000534057617,27.469999313354492,27.68000030517578,27.479999542236328,33200
2020-01-29,27.600000381469727,27.600000381469727,27.110000610351562,27.170000076293945,27.170000076293945,21100
2020-01-30,27.010000228881836,27.43000030517578,26.8700008392334,27.399999618530273,27.399999618530273,25600
2020-01-31,27.329999923706055,27.40999984741211,26.68000030517578,26.780000686645508,26.780000686645508,33600
2020-02-03,26.760000228881836,27.360000610351562,26.760000228881836,27.309999465942383,27.309999465942383,30200
2020-02-04,27.559999465942383,27.600000381469727,27.239999771118164,27.34000015258789,27.34000015258789,30200
2020-02-05,27.59000015258789,27.850000381469727,27.209999084472656,27.75,27.75,23300
2020-02-06,27.75,27.75,27.600000381469727,27.639999389648438,27.639999389648438,23100
2020-02-07,27.170000076293945,27.690000534057617,27.170000076293945,27.5,27.5,32100
2020-02-10,27.530000686645508,27.530000686645508,27.219999313354492,27.280000686645508,27.280000686645508,16800
2020-02-11,27.5,27.940000534057617,27.149999618530273,27.219999313354492,27.219999313354492,17000
2020-02-12,27.3700008392334,27.440000534057617,27.010000228881836,27.260000228881836,27.260000228881836,12100
2020-02-13,27.350000381469727,27.440000534057617,27.040000915527344,27.200000762939453,27.200000762939453,24600
2020-02-14,27.079999923706055,27.200000762939453,26.989999771118164,27.059999465942383,27.059999465942383,37800
2020-02-18,27.200000762939453,27.200000762939453,26.729999542236328,27.020000457763672,27.020000457763672,26400
2020-02-19,26.8799991607666,27.139999389648438,26.8799991607666,26.899999618530273,26.899999618530273,11900
2020-02-20,26.84000015258789,27.170000076293945,26.84000015258789,27.110000610351562,27.110000610351562,19200
2020-02-21,27.219999313354492,27.25,26.8799991607666,26.940000534057617,26.940000534057617,21800
2020-02-24,26.31999969482422,26.729999542236328,26.209999084472656,26.350000381469727,26.350000381469727,26700
2020-02-25,26.25,26.299999237060547,25.290000915527344,25.59000015258789,25.59000015258789,49200
2020-02-26,25.75,26.200000762939453,25.329999923706055,25.440000534057617,25.440000534057617,27500
2020-02-27,24.899999618530273,25.75,24.549999237060547,24.68000030517578,24.68000030517578,33000
2020-02-28,24.079999923706055,24.549999237060547,23.020000457763672,23.81999969482422,23.81999969482422,54800
2020-03-02,24.239999771118164,25.010000228881836,23.889999389648438,24.780000686645508,24.780000686645508,31300
2020-03-03,24.549999237060547,24.709999084472656,23.850000381469727,24.170000076293945,24.170000076293945,54000
2020-03-04,24.290000915527344,24.540000915527344,23.860000610351562,24.469999313354492,24.469999313354492,26700
2020-03-05,24.010000228881836,24.110000610351562,23.1200008392334,23.530000686645508,23.530000686645508,33100
2020-03-06,22.809999465942383,23.420000076293945,22.469999313354492,22.790000915527344,22.790000915527344,37300
2020-03-09,21.40999984741211,22.09000015258789,19.530000686645508,19.709999084472656,19.709999084472656,46900
2020-03-10,20.239999771118164,20.760000228881836,19.31999969482422,20.139999389648438,20.139999389648438,80700
2020-03-11,19.860000610351562,20.219999313354492,19.5,19.760000228881836,19.760000228881836,40072
